◇ injected env (8) from .env // tip: ⌘ enable debugging { debug: true }
[2026-06-05T20:10:49.026Z] [INFO] Servidor rodando {"url":"http://localhost:4030"}
[2026-06-05T20:10:51.475Z] [INFO] Requisicao recebida {"method":"GET","path":"/health"}
[2026-06-05T20:10:51.515Z] [INFO] Requisicao finalizada {"method":"GET","path":"/health","status":200,"duration_ms":40}
[2026-06-05T20:11:05.143Z] [INFO] Requisicao recebida {"method":"GET","path":"/health"}
[2026-06-05T20:11:05.205Z] [INFO] Requisicao finalizada {"method":"GET","path":"/health","status":200,"duration_ms":62}
[2026-06-05T20:11:20.991Z] [INFO] Requisicao recebida {"method":"POST","path":"/imports/trier"}
[2026-06-05T20:11:21.140Z] [INFO] Importacao trier criada e aguardando processamento {"importacao_id":62,"filtros":{"codigo":null,"codigoBarras":null,"nomeProduto":null,"primeiroRegistro":0,"quantidadeRegistros":999,"ativo":null,"integracaoEcommerce":null,"processaCustoMedio":false}}
[2026-06-05T20:11:21.140Z] [INFO] Importacao enfileirada {"importacao_id":62,"fila_pendente":1,"jobs_ativos":0}
[2026-06-05T20:11:21.141Z] [INFO] Importacao Trier aceita para processamento {"importacao_id":62,"status":"pending"}
[2026-06-05T20:11:21.142Z] [INFO] Requisicao finalizada {"method":"POST","path":"/imports/trier","status":202,"duration_ms":151}
[2026-06-05T20:11:21.143Z] [INFO] Importacao retirada da fila para processamento {"importacao_id":62,"jobs_ativos":1,"fila_restante":0}
[2026-06-05T20:11:21.205Z] [INFO] Processamento da importacao trier iniciado {"importacao_id":62,"quantidade_registros":999,"primeiro_registro":0,"item_concurrency":8}
[2026-06-05T20:11:21.206Z] [INFO] Consumidor da importacao trier iniciado {"importacao_id":62,"batch_size_triagem":4}
[2026-06-05T20:11:21.206Z] [INFO] Buscando pagina de produtos na trier {"importacao_id":62,"pagina":1,"primeiro_registro":0,"quantidade_registros":999,"ativo":null,"integracao_ecommerce":null,"processa_custo_medio":false}
[2026-06-05T20:11:21.942Z] [INFO] Pagina retornada pela trier {"importacao_id":62,"pagina":1,"endpoint":"/rest/integracao/produto/obter-todos-v1","quantidade_itens":999,"total":999}
[2026-06-05T20:11:24.027Z] [INFO] Pagina armazenada em staging para trier {"importacao_id":62,"pagina":1,"staged_itens_pagina":999,"staged_itens_total":999,"itens_aguardando_consumidor":999,"sample_eans":["7897322701486","7897595900838","7896269900112","7894916500579","7896916710507","7896181905882","7896916710477","7896916710538","7896916720254","7896916720261"]}
[2026-06-05T20:11:24.062Z] [INFO] Buscando pagina de produtos na trier {"importacao_id":62,"pagina":2,"primeiro_registro":999,"quantidade_registros":999,"ativo":null,"integracao_ecommerce":null,"processa_custo_medio":false}
[2026-06-05T20:11:24.066Z] [INFO] Consumidor retirou lote do staging de trier {"importacao_id":62,"staged_itens_lote":4,"staged_itens_restantes":995,"sample_eans":["7897322701486","7897595900838","7896269900112","7894916500579"]}
[2026-06-05T20:11:24.068Z] [INFO] Iniciando checagem de existencia no Banco Unico {"total_eans_consulta":4,"batches":1,"batch_size":100,"sample_eans":["7897322701486","7897595900838","7896269900112","7894916500579"]}
[2026-06-05T20:11:24.069Z] [INFO] Consultando batch de EANs no Banco Unico {"batch_index":1,"batch_total":1,"eans_no_batch":4,"sample_eans":["7897322701486","7897595900838","7896269900112","7894916500579"]}
[2026-06-05T20:11:24.180Z] [INFO] Resultado do batch consultado no Banco Unico {"batch_index":1,"encontrados":3,"faltantes":1,"found_eans_sample":["7897322701486","7896269900112","7894916500579"]}
[2026-06-05T20:11:24.181Z] [INFO] Checagem de existencia no Banco Unico concluida {"total_consultados":4,"total_existentes":3,"total_ausentes":1,"existing_eans_sample":["7897322701486","7896269900112","7894916500579"]}
[2026-06-05T20:11:24.447Z] [INFO] Resumo da triagem antes do enriquecimento {"importacao_id":62,"staged_total":4,"validos_unicos":4,"invalidos":0,"duplicados_no_lote":0,"existentes_no_banco_unico":3,"elegiveis_enriquecimento":1,"sample_eans_elegiveis":["7897595900838"],"acumulado":{"invalidos":0,"duplicados_no_lote":0,"existentes_no_banco_unico":3,"elegiveis_processamento":1}}
[2026-06-05T20:11:24.553Z] [INFO] Iniciando enriquecimento externo {"importacao_id":62,"item_id":1036780,"ean":"7897595900838"}
[2026-06-05T20:11:24.641Z] [INFO] Pagina retornada pela trier {"importacao_id":62,"pagina":2,"endpoint":"/rest/integracao/produto/obter-todos-v1","quantidade_itens":999,"total":999}
[2026-06-05T20:11:25.435Z] [INFO] Enriquecimento concluido {"importacao_id":62,"item_id":1036780,"ean":"7897595900838","enriched":false,"requires_approval":true,"fontes_consultadas":{"convertize_busca":false,"convertize_busca_error":null,"convertize_detalhe":false,"farmaindex_busca":false,"farmaindex_busca_error":null,"farmaindex_detalhe":false,"drogasil_busca":false,"drogasil_busca_error":null,"drogasil_detalhe":false,"cache_hit":false,"encontrado":false}}
[2026-06-05T20:11:25.656Z] [INFO] Consumidor retirou lote do staging de trier {"importacao_id":62,"staged_itens_lote":4,"staged_itens_restantes":991,"sample_eans":["7896916710507","7896181905882","7896916710477","7896916710538"]}
[2026-06-05T20:11:25.657Z] [INFO] Iniciando checagem de existencia no Banco Unico {"total_eans_consulta":4,"batches":1,"batch_size":100,"sample_eans":["7896916710507","7896181905882","7896916710477","7896916710538"]}
[2026-06-05T20:11:25.658Z] [INFO] Consultando batch de EANs no Banco Unico {"batch_index":1,"batch_total":1,"eans_no_batch":4,"sample_eans":["7896916710507","7896181905882","7896916710477","7896916710538"]}
[2026-06-05T20:11:25.694Z] [INFO] Resultado do batch consultado no Banco Unico {"batch_index":1,"encontrados":0,"faltantes":4,"found_eans_sample":[]}
[2026-06-05T20:11:25.696Z] [INFO] Checagem de existencia no Banco Unico concluida {"total_consultados":4,"total_existentes":0,"total_ausentes":4,"existing_eans_sample":[]}
[2026-06-05T20:11:25.698Z] [INFO] Resumo da triagem antes do enriquecimento {"importacao_id":62,"staged_total":4,"validos_unicos":4,"invalidos":0,"duplicados_no_lote":0,"existentes_no_banco_unico":0,"elegiveis_enriquecimento":4,"sample_eans_elegiveis":["7896916710507","7896181905882","7896916710477","7896916710538"],"acumulado":{"invalidos":0,"duplicados_no_lote":0,"existentes_no_banco_unico":3,"elegiveis_processamento":5}}
[2026-06-05T20:11:25.752Z] [INFO] Iniciando enriquecimento externo {"importacao_id":62,"item_id":1036782,"ean":"7896181905882"}
[2026-06-05T20:11:25.776Z] [INFO] Iniciando enriquecimento externo {"importacao_id":62,"item_id":1036798,"ean":"7896916710538"}
[2026-06-05T20:11:25.788Z] [INFO] Iniciando enriquecimento externo {"importacao_id":62,"item_id":1036778,"ean":"7896916710477"}
[2026-06-05T20:11:25.797Z] [INFO] Iniciando enriquecimento externo {"importacao_id":62,"item_id":1036770,"ean":"7896916710507"}
[2026-06-05T20:11:26.570Z] [INFO] Pagina armazenada em staging para trier {"importacao_id":62,"pagina":2,"staged_itens_pagina":999,"staged_itens_total":1998,"itens_aguardando_consumidor":1990,"sample_eans":["7897595901071","7897595902160","7898083101485","7898083101317","7898083101379","7898083101430","7898083101492","7892953001776","7898083101324","7898083101386"]}
[2026-06-05T20:11:26.604Z] [INFO] Buscando pagina de produtos na trier {"importacao_id":62,"pagina":3,"primeiro_registro":1998,"quantidade_registros":999,"ativo":null,"integracao_ecommerce":null,"processa_custo_medio":false}
[2026-06-05T20:11:26.965Z] [INFO] Enriquecimento concluido {"importacao_id":62,"item_id":1036782,"ean":"7896181905882","enriched":false,"requires_approval":true,"fontes_consultadas":{"convertize_busca":false,"convertize_busca_error":null,"convertize_detalhe":false,"farmaindex_busca":false,"farmaindex_busca_error":null,"farmaindex_detalhe":false,"drogasil_busca":false,"drogasil_busca_error":null,"drogasil_detalhe":false,"cache_hit":false,"encontrado":false}}
[2026-06-05T20:11:27.063Z] [INFO] Enriquecimento concluido {"importacao_id":62,"item_id":1036778,"ean":"7896916710477","enriched":false,"requires_approval":true,"fontes_consultadas":{"convertize_busca":false,"convertize_busca_error":null,"convertize_detalhe":false,"farmaindex_busca":false,"farmaindex_busca_error":null,"farmaindex_detalhe":false,"drogasil_busca":false,"drogasil_busca_error":null,"drogasil_detalhe":false,"cache_hit":false,"encontrado":false}}
[2026-06-05T20:11:27.205Z] [INFO] Enriquecimento concluido {"importacao_id":62,"item_id":1036798,"ean":"7896916710538","enriched":false,"requires_approval":true,"fontes_consultadas":{"convertize_busca":false,"convertize_busca_error":null,"convertize_detalhe":false,"farmaindex_busca":false,"farmaindex_busca_error":null,"farmaindex_detalhe":false,"drogasil_busca":false,"drogasil_busca_error":null,"drogasil_detalhe":false,"cache_hit":false,"encontrado":false}}
[2026-06-05T20:11:27.255Z] [INFO] Pagina retornada pela trier {"importacao_id":62,"pagina":3,"endpoint":"/rest/integracao/produto/obter-todos-v1","quantidade_itens":999,"total":999}
[2026-06-05T20:11:27.799Z] [INFO] Enriquecimento concluido {"importacao_id":62,"item_id":1036770,"ean":"7896916710507","enriched":false,"requires_approval":true,"fontes_consultadas":{"convertize_busca":false,"convertize_busca_error":null,"convertize_detalhe":false,"farmaindex_busca":false,"farmaindex_busca_error":null,"farmaindex_detalhe":false,"drogasil_busca":false,"drogasil_busca_error":null,"drogasil_detalhe":false,"cache_hit":false,"encontrado":false}}
[2026-06-05T20:11:27.959Z] [INFO] Consumidor retirou lote do staging de trier {"importacao_id":62,"staged_itens_lote":4,"staged_itens_restantes":1986,"sample_eans":["7896916720254","7896916720261","7896916720612","7896916720308"]}
[2026-06-05T20:11:27.960Z] [INFO] Iniciando checagem de existencia no Banco Unico {"total_eans_consulta":4,"batches":1,"batch_size":100,"sample_eans":["7896916720254","7896916720261","7896916720612","7896916720308"]}
[2026-06-05T20:11:27.962Z] [INFO] Consultando batch de EANs no Banco Unico {"batch_index":1,"batch_total":1,"eans_no_batch":4,"sample_eans":["7896916720254","7896916720261","7896916720612","7896916720308"]}
[2026-06-05T20:11:28.003Z] [INFO] Resultado do batch consultado no Banco Unico {"batch_index":1,"encontrados":0,"faltantes":4,"found_eans_sample":[]}
[2026-06-05T20:11:28.004Z] [INFO] Checagem de existencia no Banco Unico concluida {"total_consultados":4,"total_existentes":0,"total_ausentes":4,"existing_eans_sample":[]}
[2026-06-05T20:11:28.004Z] [INFO] Resumo da triagem antes do enriquecimento {"importacao_id":62,"staged_total":4,"validos_unicos":4,"invalidos":0,"duplicados_no_lote":0,"existentes_no_banco_unico":0,"elegiveis_enriquecimento":4,"sample_eans_elegiveis":["7896916720254","7896916720261","7896916720612","7896916720308"],"acumulado":{"invalidos":0,"duplicados_no_lote":0,"existentes_no_banco_unico":3,"elegiveis_processamento":9}}
[2026-06-05T20:11:28.045Z] [INFO] Iniciando enriquecimento externo {"importacao_id":62,"item_id":1036810,"ean":"7896916720612"}
[2026-06-05T20:11:28.077Z] [INFO] Iniciando enriquecimento externo {"importacao_id":62,"item_id":1036801,"ean":"7896916720254"}
[2026-06-05T20:11:28.083Z] [INFO] Iniciando enriquecimento externo {"importacao_id":62,"item_id":1036777,"ean":"7896916720308"}
[2026-06-05T20:11:28.093Z] [INFO] Iniciando enriquecimento externo {"importacao_id":62,"item_id":1036776,"ean":"7896916720261"}
[2026-06-05T20:11:28.864Z] [INFO] Enriquecimento concluido {"importacao_id":62,"item_id":1036801,"ean":"7896916720254","enriched":false,"requires_approval":true,"fontes_consultadas":{"convertize_busca":false,"convertize_busca_error":null,"convertize_detalhe":false,"farmaindex_busca":false,"farmaindex_busca_error":null,"farmaindex_detalhe":false,"drogasil_busca":false,"drogasil_busca_error":null,"drogasil_detalhe":false,"cache_hit":false,"encontrado":false}}
[2026-06-05T20:11:28.949Z] [INFO] Enriquecimento concluido {"importacao_id":62,"item_id":1036776,"ean":"7896916720261","enriched":false,"requires_approval":true,"fontes_consultadas":{"convertize_busca":false,"convertize_busca_error":null,"convertize_detalhe":false,"farmaindex_busca":false,"farmaindex_busca_error":null,"farmaindex_detalhe":false,"drogasil_busca":false,"drogasil_busca_error":null,"drogasil_detalhe":false,"cache_hit":false,"encontrado":false}}
[2026-06-05T20:11:29.069Z] [INFO] Enriquecimento concluido {"importacao_id":62,"item_id":1036777,"ean":"7896916720308","enriched":false,"requires_approval":true,"fontes_consultadas":{"convertize_busca":false,"convertize_busca_error":null,"convertize_detalhe":false,"farmaindex_busca":false,"farmaindex_busca_error":null,"farmaindex_detalhe":false,"drogasil_busca":false,"drogasil_busca_error":null,"drogasil_detalhe":false,"cache_hit":false,"encontrado":false}}
[2026-06-05T20:11:29.167Z] [INFO] Enriquecimento concluido {"importacao_id":62,"item_id":1036810,"ean":"7896916720612","enriched":false,"requires_approval":true,"fontes_consultadas":{"convertize_busca":false,"convertize_busca_error":null,"convertize_detalhe":false,"farmaindex_busca":false,"farmaindex_busca_error":null,"farmaindex_detalhe":false,"drogasil_busca":false,"drogasil_busca_error":null,"drogasil_detalhe":false,"cache_hit":false,"encontrado":false}}
[2026-06-05T20:11:29.248Z] [INFO] Pagina armazenada em staging para trier {"importacao_id":62,"pagina":3,"staged_itens_pagina":999,"staged_itens_total":2997,"itens_aguardando_consumidor":2985,"sample_eans":["7896902207110","7896902207097","7898902505562","7898012491342","7896422521864","7896206402969","7896181920502","7898208143604","7897411600027","11118916"]}
[2026-06-05T20:11:29.248Z] [INFO] Buscando pagina de produtos na trier {"importacao_id":62,"pagina":4,"primeiro_registro":2997,"quantidade_registros":999,"ativo":null,"integracao_ecommerce":null,"processa_custo_medio":false}
[2026-06-05T20:11:29.268Z] [INFO] Consumidor retirou lote do staging de trier {"importacao_id":62,"staged_itens_lote":4,"staged_itens_restantes":2981,"sample_eans":["7896382706066","7896009162114","7896094201064","7896472501915"]}
[2026-06-05T20:11:29.269Z] [INFO] Iniciando checagem de existencia no Banco Unico {"total_eans_consulta":4,"batches":1,"batch_size":100,"sample_eans":["7896382706066","7896009162114","7896094201064","7896472501915"]}
[2026-06-05T20:11:29.269Z] [INFO] Consultando batch de EANs no Banco Unico {"batch_index":1,"batch_total":1,"eans_no_batch":4,"sample_eans":["7896382706066","7896009162114","7896094201064","7896472501915"]}
[2026-06-05T20:11:29.304Z] [INFO] Resultado do batch consultado no Banco Unico {"batch_index":1,"encontrados":2,"faltantes":2,"found_eans_sample":["7896094201064","7896472501915"]}
[2026-06-05T20:11:29.305Z] [INFO] Checagem de existencia no Banco Unico concluida {"total_consultados":4,"total_existentes":2,"total_ausentes":2,"existing_eans_sample":["7896094201064","7896472501915"]}
[2026-06-05T20:11:29.444Z] [INFO] Resumo da triagem antes do enriquecimento {"importacao_id":62,"staged_total":4,"validos_unicos":4,"invalidos":0,"duplicados_no_lote":0,"existentes_no_banco_unico":2,"elegiveis_enriquecimento":2,"sample_eans_elegiveis":["7896382706066","7896009162114"],"acumulado":{"invalidos":0,"duplicados_no_lote":0,"existentes_no_banco_unico":5,"elegiveis_processamento":11}}
[2026-06-05T20:11:29.470Z] [INFO] Iniciando enriquecimento externo {"importacao_id":62,"item_id":1036807,"ean":"7896382706066"}
[2026-06-05T20:11:29.508Z] [INFO] Iniciando enriquecimento externo {"importacao_id":62,"item_id":1036771,"ean":"7896009162114"}
[2026-06-05T20:11:29.883Z] [INFO] Pagina retornada pela trier {"importacao_id":62,"pagina":4,"endpoint":"/rest/integracao/produto/obter-todos-v1","quantidade_itens":999,"total":999}
[2026-06-05T20:11:29.990Z] [INFO] Enriquecimento concluido {"importacao_id":62,"item_id":1036807,"ean":"7896382706066","enriched":false,"requires_approval":true,"fontes_consultadas":{"convertize_busca":false,"convertize_busca_error":null,"convertize_detalhe":false,"farmaindex_busca":false,"farmaindex_busca_error":null,"farmaindex_detalhe":false,"drogasil_busca":false,"drogasil_busca_error":null,"drogasil_detalhe":false,"cache_hit":false,"encontrado":false}}
[2026-06-05T20:11:30.458Z] [INFO] Enriquecimento concluido {"importacao_id":62,"item_id":1036771,"ean":"7896009162114","enriched":false,"requires_approval":true,"fontes_consultadas":{"convertize_busca":false,"convertize_busca_error":null,"convertize_detalhe":false,"farmaindex_busca":false,"farmaindex_busca_error":null,"farmaindex_detalhe":false,"drogasil_busca":false,"drogasil_busca_error":null,"drogasil_detalhe":false,"cache_hit":false,"encontrado":false}}
[2026-06-05T20:11:30.631Z] [INFO] Consumidor retirou lote do staging de trier {"importacao_id":62,"staged_itens_lote":4,"staged_itens_restantes":2977,"sample_eans":["7896009162121","7896075706717","7898096577338","7898096577345"]}
[2026-06-05T20:11:30.632Z] [INFO] Iniciando checagem de existencia no Banco Unico {"total_eans_consulta":4,"batches":1,"batch_size":100,"sample_eans":["7896009162121","7896075706717","7898096577338","7898096577345"]}
[2026-06-05T20:11:30.633Z] [INFO] Consultando batch de EANs no Banco Unico {"batch_index":1,"batch_total":1,"eans_no_batch":4,"sample_eans":["7896009162121","7896075706717","7898096577338","7898096577345"]}
[2026-06-05T20:11:30.664Z] [INFO] Resultado do batch consultado no Banco Unico {"batch_index":1,"encontrados":0,"faltantes":4,"found_eans_sample":[]}
[2026-06-05T20:11:30.665Z] [INFO] Checagem de existencia no Banco Unico concluida {"total_consultados":4,"total_existentes":0,"total_ausentes":4,"existing_eans_sample":[]}
[2026-06-05T20:11:30.666Z] [INFO] Resumo da triagem antes do enriquecimento {"importacao_id":62,"staged_total":4,"validos_unicos":4,"invalidos":0,"duplicados_no_lote":0,"existentes_no_banco_unico":0,"elegiveis_enriquecimento":4,"sample_eans_elegiveis":["7896009162121","7896075706717","7898096577338","7898096577345"],"acumulado":{"invalidos":0,"duplicados_no_lote":0,"existentes_no_banco_unico":5,"elegiveis_processamento":15}}
[2026-06-05T20:11:30.703Z] [INFO] Iniciando enriquecimento externo {"importacao_id":62,"item_id":1036781,"ean":"7896075706717"}
[2026-06-05T20:11:30.706Z] [INFO] Iniciando enriquecimento externo {"importacao_id":62,"item_id":1036796,"ean":"7898096577338"}
[2026-06-05T20:11:30.725Z] [INFO] Iniciando enriquecimento externo {"importacao_id":62,"item_id":1036772,"ean":"7896009162121"}
[2026-06-05T20:11:30.732Z] [INFO] Iniciando enriquecimento externo {"importacao_id":62,"item_id":1036774,"ean":"7898096577345"}
[2026-06-05T20:11:31.530Z] [INFO] Enriquecimento concluido {"importacao_id":62,"item_id":1036796,"ean":"7898096577338","enriched":false,"requires_approval":true,"fontes_consultadas":{"convertize_busca":false,"convertize_busca_error":null,"convertize_detalhe":false,"farmaindex_busca":false,"farmaindex_busca_error":null,"farmaindex_detalhe":false,"drogasil_busca":false,"drogasil_busca_error":null,"drogasil_detalhe":false,"cache_hit":false,"encontrado":false}}
[2026-06-05T20:11:31.613Z] [INFO] Enriquecimento concluido {"importacao_id":62,"item_id":1036774,"ean":"7898096577345","enriched":false,"requires_approval":true,"fontes_consultadas":{"convertize_busca":false,"convertize_busca_error":null,"convertize_detalhe":false,"farmaindex_busca":false,"farmaindex_busca_error":null,"farmaindex_detalhe":false,"drogasil_busca":false,"drogasil_busca_error":null,"drogasil_detalhe":false,"cache_hit":false,"encontrado":false}}
[2026-06-05T20:11:31.742Z] [INFO] Enriquecimento concluido {"importacao_id":62,"item_id":1036781,"ean":"7896075706717","enriched":false,"requires_approval":true,"fontes_consultadas":{"convertize_busca":false,"convertize_busca_error":null,"convertize_detalhe":false,"farmaindex_busca":false,"farmaindex_busca_error":null,"farmaindex_detalhe":false,"drogasil_busca":false,"drogasil_busca_error":null,"drogasil_detalhe":false,"cache_hit":false,"encontrado":false}}
[2026-06-05T20:11:31.747Z] [INFO] Pagina armazenada em staging para trier {"importacao_id":62,"pagina":4,"staged_itens_pagina":999,"staged_itens_total":3996,"itens_aguardando_consumidor":3976,"sample_eans":["7891317445737","7896317904543","7896202500102","7896862917715","7896862917708","7898014560800","7897595620613","7897780206370","7896472504909","7899546900096"]}
[2026-06-05T20:11:31.749Z] [INFO] Buscando pagina de produtos na trier {"importacao_id":62,"pagina":5,"primeiro_registro":3996,"quantidade_registros":999,"ativo":null,"integracao_ecommerce":null,"processa_custo_medio":false}
[2026-06-05T20:11:31.801Z] [INFO] Enriquecimento concluido {"importacao_id":62,"item_id":1036772,"ean":"7896009162121","enriched":false,"requires_approval":true,"fontes_consultadas":{"convertize_busca":false,"convertize_busca_error":null,"convertize_detalhe":false,"farmaindex_busca":false,"farmaindex_busca_error":null,"farmaindex_detalhe":false,"drogasil_busca":false,"drogasil_busca_error":null,"drogasil_detalhe":false,"cache_hit":false,"encontrado":false}}
[2026-06-05T20:11:31.923Z] [INFO] Consumidor retirou lote do staging de trier {"importacao_id":62,"staged_itens_lote":4,"staged_itens_restantes":3972,"sample_eans":["7896382705311","7896382705328","7891024111802","7891024114605"]}
[2026-06-05T20:11:31.924Z] [INFO] Iniciando checagem de existencia no Banco Unico {"total_eans_consulta":4,"batches":1,"batch_size":100,"sample_eans":["7896382705311","7896382705328","7891024111802","7891024114605"]}
[2026-06-05T20:11:31.924Z] [INFO] Consultando batch de EANs no Banco Unico {"batch_index":1,"batch_total":1,"eans_no_batch":4,"sample_eans":["7896382705311","7896382705328","7891024111802","7891024114605"]}
[2026-06-05T20:11:31.937Z] [INFO] Requisicao recebida {"method":"GET","path":"/imports/62"}
[2026-06-05T20:11:31.959Z] [INFO] Resultado do batch consultado no Banco Unico {"batch_index":1,"encontrados":2,"faltantes":2,"found_eans_sample":["7896382705311","7896382705328"]}
[2026-06-05T20:11:31.960Z] [INFO] Checagem de existencia no Banco Unico concluida {"total_consultados":4,"total_existentes":2,"total_ausentes":2,"existing_eans_sample":["7896382705311","7896382705328"]}
[2026-06-05T20:11:32.114Z] [INFO] Resumo da triagem antes do enriquecimento {"importacao_id":62,"staged_total":4,"validos_unicos":4,"invalidos":0,"duplicados_no_lote":0,"existentes_no_banco_unico":2,"elegiveis_enriquecimento":2,"sample_eans_elegiveis":["7891024111802","7891024114605"],"acumulado":{"invalidos":0,"duplicados_no_lote":0,"existentes_no_banco_unico":7,"elegiveis_processamento":17}}
[2026-06-05T20:11:32.149Z] [INFO] Iniciando enriquecimento externo {"importacao_id":62,"item_id":1036783,"ean":"7891024114605"}
[2026-06-05T20:11:32.183Z] [INFO] Iniciando enriquecimento externo {"importacao_id":62,"item_id":1036785,"ean":"7891024111802"}
[2026-06-05T20:11:32.450Z] [INFO] Pagina retornada pela trier {"importacao_id":62,"pagina":5,"endpoint":"/rest/integracao/produto/obter-todos-v1","quantidade_itens":999,"total":999}
[2026-06-05T20:11:32.703Z] [INFO] Requisicao finalizada {"method":"GET","path":"/imports/62","status":200,"duration_ms":766}
[2026-06-05T20:11:32.963Z] [INFO] Enriquecimento concluido {"importacao_id":62,"item_id":1036785,"ean":"7891024111802","enriched":false,"requires_approval":true,"fontes_consultadas":{"convertize_busca":false,"convertize_busca_error":null,"convertize_detalhe":false,"farmaindex_busca":false,"farmaindex_busca_error":null,"farmaindex_detalhe":false,"drogasil_busca":false,"drogasil_busca_error":null,"drogasil_detalhe":false,"cache_hit":false,"encontrado":false}}
[2026-06-05T20:11:33.125Z] [INFO] Enriquecimento concluido {"importacao_id":62,"item_id":1036783,"ean":"7891024114605","enriched":false,"requires_approval":true,"fontes_consultadas":{"convertize_busca":false,"convertize_busca_error":null,"convertize_detalhe":false,"farmaindex_busca":false,"farmaindex_busca_error":null,"farmaindex_detalhe":false,"drogasil_busca":false,"drogasil_busca_error":null,"drogasil_detalhe":false,"cache_hit":false,"encontrado":false}}
[2026-06-05T20:11:33.284Z] [INFO] Consumidor retirou lote do staging de trier {"importacao_id":62,"staged_itens_lote":4,"staged_itens_restantes":3968,"sample_eans":["7891024114704","7896094200937","7896094201835","7896015516260"]}
[2026-06-05T20:11:33.285Z] [INFO] Iniciando checagem de existencia no Banco Unico {"total_eans_consulta":4,"batches":1,"batch_size":100,"sample_eans":["7891024114704","7896094200937","7896094201835","7896015516260"]}
[2026-06-05T20:11:33.286Z] [INFO] Consultando batch de EANs no Banco Unico {"batch_index":1,"batch_total":1,"eans_no_batch":4,"sample_eans":["7891024114704","7896094200937","7896094201835","7896015516260"]}
[2026-06-05T20:11:33.322Z] [INFO] Resultado do batch consultado no Banco Unico {"batch_index":1,"encontrados":2,"faltantes":2,"found_eans_sample":["7896094200937","7896094201835"]}
[2026-06-05T20:11:33.324Z] [INFO] Checagem de existencia no Banco Unico concluida {"total_consultados":4,"total_existentes":2,"total_ausentes":2,"existing_eans_sample":["7896094200937","7896094201835"]}
[2026-06-05T20:11:33.546Z] [INFO] Resumo da triagem antes do enriquecimento {"importacao_id":62,"staged_total":4,"validos_unicos":4,"invalidos":0,"duplicados_no_lote":0,"existentes_no_banco_unico":2,"elegiveis_enriquecimento":2,"sample_eans_elegiveis":["7891024114704","7896015516260"],"acumulado":{"invalidos":0,"duplicados_no_lote":0,"existentes_no_banco_unico":9,"elegiveis_processamento":19}}
[2026-06-05T20:11:33.581Z] [INFO] Iniciando enriquecimento externo {"importacao_id":62,"item_id":1036792,"ean":"7896015516260"}
[2026-06-05T20:11:33.599Z] [INFO] Iniciando enriquecimento externo {"importacao_id":62,"item_id":1036786,"ean":"7891024114704"}
[2026-06-05T20:11:34.461Z] [INFO] Pagina armazenada em staging para trier {"importacao_id":62,"pagina":5,"staged_itens_pagina":999,"staged_itens_total":4995,"itens_aguardando_consumidor":4967,"sample_eans":["7891150017375","7891150008892","7791293023175","7891150008960","7891150017351","7891150008977","7891024115862","4005900028716","4005808310999","7896026303064"]}
[2026-06-05T20:11:34.464Z] [INFO] Buscando pagina de produtos na trier {"importacao_id":62,"pagina":6,"primeiro_registro":4995,"quantidade_registros":999,"ativo":null,"integracao_ecommerce":null,"processa_custo_medio":false}
[2026-06-05T20:11:35.155Z] [INFO] Pagina retornada pela trier {"importacao_id":62,"pagina":6,"endpoint":"/rest/integracao/produto/obter-todos-v1","quantidade_itens":999,"total":999}
[2026-06-05T20:11:35.446Z] [INFO] Enriquecimento concluido {"importacao_id":62,"item_id":1036792,"ean":"7896015516260","enriched":false,"requires_approval":true,"fontes_consultadas":{"convertize_busca":false,"convertize_busca_error":null,"convertize_detalhe":false,"farmaindex_busca":false,"farmaindex_busca_error":null,"farmaindex_detalhe":false,"drogasil_busca":false,"drogasil_busca_error":null,"drogasil_detalhe":false,"cache_hit":false,"encontrado":false}}
[2026-06-05T20:11:35.448Z] [INFO] Enriquecimento concluido {"importacao_id":62,"item_id":1036786,"ean":"7891024114704","enriched":false,"requires_approval":true,"fontes_consultadas":{"convertize_busca":false,"convertize_busca_error":null,"convertize_detalhe":false,"farmaindex_busca":false,"farmaindex_busca_error":null,"farmaindex_detalhe":false,"drogasil_busca":false,"drogasil_busca_error":null,"drogasil_detalhe":false,"cache_hit":false,"encontrado":false}}
[2026-06-05T20:11:35.585Z] [INFO] Consumidor retirou lote do staging de trier {"importacao_id":62,"staged_itens_lote":4,"staged_itens_restantes":4963,"sample_eans":["7790350762644","7790350762620","7891040108459","7891045007702"]}
[2026-06-05T20:11:35.586Z] [INFO] Iniciando checagem de existencia no Banco Unico {"total_eans_consulta":4,"batches":1,"batch_size":100,"sample_eans":["7790350762644","7790350762620","7891040108459","7891045007702"]}
[2026-06-05T20:11:35.586Z] [INFO] Consultando batch de EANs no Banco Unico {"batch_index":1,"batch_total":1,"eans_no_batch":4,"sample_eans":["7790350762644","7790350762620","7891040108459","7891045007702"]}
[2026-06-05T20:11:35.618Z] [INFO] Resultado do batch consultado no Banco Unico {"batch_index":1,"encontrados":1,"faltantes":3,"found_eans_sample":["7891045007702"]}
[2026-06-05T20:11:35.619Z] [INFO] Checagem de existencia no Banco Unico concluida {"total_consultados":4,"total_existentes":1,"total_ausentes":3,"existing_eans_sample":["7891045007702"]}
[2026-06-05T20:11:35.736Z] [INFO] Resumo da triagem antes do enriquecimento {"importacao_id":62,"staged_total":4,"validos_unicos":4,"invalidos":0,"duplicados_no_lote":0,"existentes_no_banco_unico":1,"elegiveis_enriquecimento":3,"sample_eans_elegiveis":["7790350762644","7790350762620","7891040108459"],"acumulado":{"invalidos":0,"duplicados_no_lote":0,"existentes_no_banco_unico":10,"elegiveis_processamento":22}}
[2026-06-05T20:11:35.768Z] [INFO] Iniciando enriquecimento externo {"importacao_id":62,"item_id":1036791,"ean":"7790350762644"}
[2026-06-05T20:11:35.778Z] [INFO] Iniciando enriquecimento externo {"importacao_id":62,"item_id":1036795,"ean":"7891040108459"}
[2026-06-05T20:11:35.785Z] [INFO] Iniciando enriquecimento externo {"importacao_id":62,"item_id":1036790,"ean":"7790350762620"}
[2026-06-05T20:11:36.333Z] [INFO] Enriquecimento concluido {"importacao_id":62,"item_id":1036795,"ean":"7891040108459","enriched":false,"requires_approval":true,"fontes_consultadas":{"convertize_busca":false,"convertize_busca_error":null,"convertize_detalhe":false,"farmaindex_busca":false,"farmaindex_busca_error":null,"farmaindex_detalhe":false,"drogasil_busca":false,"drogasil_busca_error":null,"drogasil_detalhe":false,"cache_hit":false,"encontrado":false}}
[2026-06-05T20:11:36.532Z] [INFO] Enriquecimento concluido {"importacao_id":62,"item_id":1036791,"ean":"7790350762644","enriched":false,"requires_approval":true,"fontes_consultadas":{"convertize_busca":false,"convertize_busca_error":null,"convertize_detalhe":false,"farmaindex_busca":false,"farmaindex_busca_error":null,"farmaindex_detalhe":false,"drogasil_busca":false,"drogasil_busca_error":null,"drogasil_detalhe":false,"cache_hit":false,"encontrado":false}}
[2026-06-05T20:11:36.760Z] [INFO] Enriquecimento concluido {"importacao_id":62,"item_id":1036790,"ean":"7790350762620","enriched":false,"requires_approval":true,"fontes_consultadas":{"convertize_busca":false,"convertize_busca_error":null,"convertize_detalhe":false,"farmaindex_busca":false,"farmaindex_busca_error":null,"farmaindex_detalhe":false,"drogasil_busca":false,"drogasil_busca_error":null,"drogasil_detalhe":false,"cache_hit":false,"encontrado":false}}
[2026-06-05T20:11:36.869Z] [INFO] Consumidor retirou lote do staging de trier {"importacao_id":62,"staged_itens_lote":4,"staged_itens_restantes":4959,"sample_eans":["7891045007719","7891142165770","7898422741648","7898581710370"]}
[2026-06-05T20:11:36.870Z] [INFO] Iniciando checagem de existencia no Banco Unico {"total_eans_consulta":4,"batches":1,"batch_size":100,"sample_eans":["7891045007719","7891142165770","7898422741648","7898581710370"]}
[2026-06-05T20:11:36.871Z] [INFO] Consultando batch de EANs no Banco Unico {"batch_index":1,"batch_total":1,"eans_no_batch":4,"sample_eans":["7891045007719","7891142165770","7898422741648","7898581710370"]}
[2026-06-05T20:11:36.903Z] [INFO] Resultado do batch consultado no Banco Unico {"batch_index":1,"encontrados":2,"faltantes":2,"found_eans_sample":["7891142165770","7898581710370"]}
[2026-06-05T20:11:36.904Z] [INFO] Checagem de existencia no Banco Unico concluida {"total_consultados":4,"total_existentes":2,"total_ausentes":2,"existing_eans_sample":["7891142165770","7898581710370"]}
[2026-06-05T20:11:36.906Z] [INFO] Pagina armazenada em staging para trier {"importacao_id":62,"pagina":6,"staged_itens_pagina":999,"staged_itens_total":5994,"itens_aguardando_consumidor":5958,"sample_eans":["7898594770484","7898594770309","7898594770255","7898594770057","7898594770033","7898594770415","7898594770354","7898594770163","7898594770460","7898594770262"]}
[2026-06-05T20:11:36.907Z] [INFO] Buscando pagina de produtos na trier {"importacao_id":62,"pagina":7,"primeiro_registro":5994,"quantidade_registros":999,"ativo":null,"integracao_ecommerce":null,"processa_custo_medio":false}
[2026-06-05T20:11:37.060Z] [INFO] Resumo da triagem antes do enriquecimento {"importacao_id":62,"staged_total":4,"validos_unicos":4,"invalidos":0,"duplicados_no_lote":0,"existentes_no_banco_unico":2,"elegiveis_enriquecimento":2,"sample_eans_elegiveis":["7891045007719","7898422741648"],"acumulado":{"invalidos":0,"duplicados_no_lote":0,"existentes_no_banco_unico":12,"elegiveis_processamento":24}}
[2026-06-05T20:11:37.091Z] [INFO] Iniciando enriquecimento externo {"importacao_id":62,"item_id":1036794,"ean":"7891045007719"}
[2026-06-05T20:11:37.094Z] [INFO] Iniciando enriquecimento externo {"importacao_id":62,"item_id":1036799,"ean":"7898422741648"}
[2026-06-05T20:11:37.653Z] [INFO] Pagina retornada pela trier {"importacao_id":62,"pagina":7,"endpoint":"/rest/integracao/produto/obter-todos-v1","quantidade_itens":999,"total":999}
[2026-06-05T20:11:38.041Z] [INFO] Enriquecimento concluido {"importacao_id":62,"item_id":1036799,"ean":"7898422741648","enriched":false,"requires_approval":true,"fontes_consultadas":{"convertize_busca":false,"convertize_busca_error":null,"convertize_detalhe":false,"farmaindex_busca":false,"farmaindex_busca_error":null,"farmaindex_detalhe":false,"drogasil_busca":false,"drogasil_busca_error":null,"drogasil_detalhe":false,"cache_hit":false,"encontrado":false}}
[2026-06-05T20:11:38.046Z] [INFO] Enriquecimento concluido {"importacao_id":62,"item_id":1036794,"ean":"7891045007719","enriched":false,"requires_approval":true,"fontes_consultadas":{"convertize_busca":false,"convertize_busca_error":null,"convertize_detalhe":false,"farmaindex_busca":false,"farmaindex_busca_error":null,"farmaindex_detalhe":false,"drogasil_busca":false,"drogasil_busca_error":null,"drogasil_detalhe":false,"cache_hit":false,"encontrado":false}}
[2026-06-05T20:11:38.205Z] [INFO] Consumidor retirou lote do staging de trier {"importacao_id":62,"staged_itens_lote":4,"staged_itens_restantes":5954,"sample_eans":["7897595616951","7896398660314","7896398660246","7891350027013"]}
[2026-06-05T20:11:38.206Z] [INFO] Iniciando checagem de existencia no Banco Unico {"total_eans_consulta":4,"batches":1,"batch_size":100,"sample_eans":["7897595616951","7896398660314","7896398660246","7891350027013"]}
[2026-06-05T20:11:38.207Z] [INFO] Consultando batch de EANs no Banco Unico {"batch_index":1,"batch_total":1,"eans_no_batch":4,"sample_eans":["7897595616951","7896398660314","7896398660246","7891350027013"]}
[2026-06-05T20:11:38.239Z] [INFO] Resultado do batch consultado no Banco Unico {"batch_index":1,"encontrados":1,"faltantes":3,"found_eans_sample":["7897595616951"]}
[2026-06-05T20:11:38.241Z] [INFO] Checagem de existencia no Banco Unico concluida {"total_consultados":4,"total_existentes":1,"total_ausentes":3,"existing_eans_sample":["7897595616951"]}
[2026-06-05T20:11:38.329Z] [INFO] Resumo da triagem antes do enriquecimento {"importacao_id":62,"staged_total":4,"validos_unicos":4,"invalidos":0,"duplicados_no_lote":0,"existentes_no_banco_unico":1,"elegiveis_enriquecimento":3,"sample_eans_elegiveis":["7896398660314","7896398660246","7891350027013"],"acumulado":{"invalidos":0,"duplicados_no_lote":0,"existentes_no_banco_unico":13,"elegiveis_processamento":27}}
[2026-06-05T20:11:38.367Z] [INFO] Iniciando enriquecimento externo {"importacao_id":62,"item_id":1036804,"ean":"7896398660314"}
[2026-06-05T20:11:38.372Z] [INFO] Iniciando enriquecimento externo {"importacao_id":62,"item_id":1036802,"ean":"7896398660246"}
[2026-06-05T20:11:38.375Z] [INFO] Iniciando enriquecimento externo {"importacao_id":62,"item_id":1036803,"ean":"7891350027013"}
[2026-06-05T20:11:39.170Z] [INFO] Enriquecimento concluido {"importacao_id":62,"item_id":1036804,"ean":"7896398660314","enriched":false,"requires_approval":true,"fontes_consultadas":{"convertize_busca":false,"convertize_busca_error":null,"convertize_detalhe":false,"farmaindex_busca":false,"farmaindex_busca_error":null,"farmaindex_detalhe":false,"drogasil_busca":false,"drogasil_busca_error":null,"drogasil_detalhe":false,"cache_hit":false,"encontrado":false}}
[2026-06-05T20:11:39.256Z] [INFO] Enriquecimento concluido {"importacao_id":62,"item_id":1036803,"ean":"7891350027013","enriched":false,"requires_approval":true,"fontes_consultadas":{"convertize_busca":false,"convertize_busca_error":null,"convertize_detalhe":false,"farmaindex_busca":false,"farmaindex_busca_error":null,"farmaindex_detalhe":false,"drogasil_busca":false,"drogasil_busca_error":null,"drogasil_detalhe":false,"cache_hit":false,"encontrado":false}}
[2026-06-05T20:11:39.323Z] [INFO] Enriquecimento concluido {"importacao_id":62,"item_id":1036802,"ean":"7896398660246","enriched":false,"requires_approval":true,"fontes_consultadas":{"convertize_busca":false,"convertize_busca_error":null,"convertize_detalhe":false,"farmaindex_busca":false,"farmaindex_busca_error":null,"farmaindex_detalhe":false,"drogasil_busca":false,"drogasil_busca_error":null,"drogasil_detalhe":false,"cache_hit":false,"encontrado":false}}
[2026-06-05T20:11:39.452Z] [INFO] Consumidor retirou lote do staging de trier {"importacao_id":62,"staged_itens_lote":4,"staged_itens_restantes":5950,"sample_eans":["7891350027006","7896009159855","7896398660208","7896398660215"]}
[2026-06-05T20:11:39.453Z] [INFO] Iniciando checagem de existencia no Banco Unico {"total_eans_consulta":4,"batches":1,"batch_size":100,"sample_eans":["7891350027006","7896009159855","7896398660208","7896398660215"]}
[2026-06-05T20:11:39.454Z] [INFO] Consultando batch de EANs no Banco Unico {"batch_index":1,"batch_total":1,"eans_no_batch":4,"sample_eans":["7891350027006","7896009159855","7896398660208","7896398660215"]}
[2026-06-05T20:11:39.494Z] [INFO] Resultado do batch consultado no Banco Unico {"batch_index":1,"encontrados":0,"faltantes":4,"found_eans_sample":[]}
[2026-06-05T20:11:39.496Z] [INFO] Checagem de existencia no Banco Unico concluida {"total_consultados":4,"total_existentes":0,"total_ausentes":4,"existing_eans_sample":[]}
[2026-06-05T20:11:39.498Z] [INFO] Resumo da triagem antes do enriquecimento {"importacao_id":62,"staged_total":4,"validos_unicos":4,"invalidos":0,"duplicados_no_lote":0,"existentes_no_banco_unico":0,"elegiveis_enriquecimento":4,"sample_eans_elegiveis":["7891350027006","7896009159855","7896398660208","7896398660215"],"acumulado":{"invalidos":0,"duplicados_no_lote":0,"existentes_no_banco_unico":13,"elegiveis_processamento":31}}
[2026-06-05T20:11:39.523Z] [INFO] Iniciando enriquecimento externo {"importacao_id":62,"item_id":1036805,"ean":"7896398660208"}
[2026-06-05T20:11:39.526Z] [INFO] Iniciando enriquecimento externo {"importacao_id":62,"item_id":1036814,"ean":"7896398660215"}
[2026-06-05T20:11:39.530Z] [INFO] Iniciando enriquecimento externo {"importacao_id":62,"item_id":1036808,"ean":"7896009159855"}
[2026-06-05T20:11:39.537Z] [INFO] Iniciando enriquecimento externo {"importacao_id":62,"item_id":1036806,"ean":"7891350027006"}
[2026-06-05T20:11:39.577Z] [INFO] Pagina armazenada em staging para trier {"importacao_id":62,"pagina":7,"staged_itens_pagina":999,"staged_itens_total":6993,"itens_aguardando_consumidor":6949,"sample_eans":["7891010590253","7891010590239","7891010590246","7891010590260","8902220109582","7891010959654","7891010959678","7795323001461","7896658027796","7891106909631"]}
[2026-06-05T20:11:39.578Z] [INFO] Buscando pagina de produtos na trier {"importacao_id":62,"pagina":8,"primeiro_registro":6993,"quantidade_registros":999,"ativo":null,"integracao_ecommerce":null,"processa_custo_medio":false}
[2026-06-05T20:11:40.324Z] [INFO] Pagina retornada pela trier {"importacao_id":62,"pagina":8,"endpoint":"/rest/integracao/produto/obter-todos-v1","quantidade_itens":999,"total":999}
[2026-06-05T20:11:41.185Z] [INFO] Enriquecimento concluido {"importacao_id":62,"item_id":1036805,"ean":"7896398660208","enriched":false,"requires_approval":true,"fontes_consultadas":{"convertize_busca":false,"convertize_busca_error":null,"convertize_detalhe":false,"farmaindex_busca":false,"farmaindex_busca_error":null,"farmaindex_detalhe":false,"drogasil_busca":false,"drogasil_busca_error":null,"drogasil_detalhe":false,"cache_hit":false,"encontrado":false}}
[2026-06-05T20:11:41.277Z] [INFO] Enriquecimento concluido {"importacao_id":62,"item_id":1036814,"ean":"7896398660215","enriched":false,"requires_approval":true,"fontes_consultadas":{"convertize_busca":false,"convertize_busca_error":null,"convertize_detalhe":false,"farmaindex_busca":false,"farmaindex_busca_error":null,"farmaindex_detalhe":false,"drogasil_busca":false,"drogasil_busca_error":null,"drogasil_detalhe":false,"cache_hit":false,"encontrado":false}}
[2026-06-05T20:11:41.289Z] [INFO] Enriquecimento concluido {"importacao_id":62,"item_id":1036806,"ean":"7891350027006","enriched":false,"requires_approval":true,"fontes_consultadas":{"convertize_busca":false,"convertize_busca_error":null,"convertize_detalhe":false,"farmaindex_busca":false,"farmaindex_busca_error":null,"farmaindex_detalhe":false,"drogasil_busca":false,"drogasil_busca_error":null,"drogasil_detalhe":false,"cache_hit":false,"encontrado":false}}
[2026-06-05T20:11:41.297Z] [INFO] Enriquecimento concluido {"importacao_id":62,"item_id":1036808,"ean":"7896009159855","enriched":false,"requires_approval":true,"fontes_consultadas":{"convertize_busca":false,"convertize_busca_error":null,"convertize_detalhe":false,"farmaindex_busca":false,"farmaindex_busca_error":null,"farmaindex_detalhe":false,"drogasil_busca":false,"drogasil_busca_error":null,"drogasil_detalhe":false,"cache_hit":false,"encontrado":false}}
[2026-06-05T20:11:41.488Z] [INFO] Consumidor retirou lote do staging de trier {"importacao_id":62,"staged_itens_lote":4,"staged_itens_restantes":6945,"sample_eans":["7896398660222","7896398660253","7898581710363","7896398660260"]}
[2026-06-05T20:11:41.491Z] [INFO] Iniciando checagem de existencia no Banco Unico {"total_eans_consulta":4,"batches":1,"batch_size":100,"sample_eans":["7896398660222","7896398660253","7898581710363","7896398660260"]}
[2026-06-05T20:11:41.492Z] [INFO] Consultando batch de EANs no Banco Unico {"batch_index":1,"batch_total":1,"eans_no_batch":4,"sample_eans":["7896398660222","7896398660253","7898581710363","7896398660260"]}
[2026-06-05T20:11:41.525Z] [INFO] Resultado do batch consultado no Banco Unico {"batch_index":1,"encontrados":1,"faltantes":3,"found_eans_sample":["7898581710363"]}
[2026-06-05T20:11:41.526Z] [INFO] Checagem de existencia no Banco Unico concluida {"total_consultados":4,"total_existentes":1,"total_ausentes":3,"existing_eans_sample":["7898581710363"]}
[2026-06-05T20:11:41.641Z] [INFO] Resumo da triagem antes do enriquecimento {"importacao_id":62,"staged_total":4,"validos_unicos":4,"invalidos":0,"duplicados_no_lote":0,"existentes_no_banco_unico":1,"elegiveis_enriquecimento":3,"sample_eans_elegiveis":["7896398660222","7896398660253","7896398660260"],"acumulado":{"invalidos":0,"duplicados_no_lote":0,"existentes_no_banco_unico":14,"elegiveis_processamento":34}}
[2026-06-05T20:11:41.679Z] [INFO] Iniciando enriquecimento externo {"importacao_id":62,"item_id":1036817,"ean":"7896398660260"}
[2026-06-05T20:11:41.685Z] [INFO] Iniciando enriquecimento externo {"importacao_id":62,"item_id":1036813,"ean":"7896398660222"}
[2026-06-05T20:11:41.716Z] [INFO] Iniciando enriquecimento externo {"importacao_id":62,"item_id":1036816,"ean":"7896398660253"}
[2026-06-05T20:11:42.155Z] [INFO] Pagina armazenada em staging para trier {"importacao_id":62,"pagina":8,"staged_itens_pagina":999,"staged_itens_total":7992,"itens_aguardando_consumidor":7944,"sample_eans":["7898503180373","7898503180182","7898503180212","7898503180533","7898503180571","7898503180649","7898503180564","7898503180618","7898503180595","7898503180656"]}
[2026-06-05T20:11:42.189Z] [INFO] Buscando pagina de produtos na trier {"importacao_id":62,"pagina":9,"primeiro_registro":7992,"quantidade_registros":999,"ativo":null,"integracao_ecommerce":null,"processa_custo_medio":false}
[2026-06-05T20:11:42.343Z] [INFO] Enriquecimento concluido {"importacao_id":62,"item_id":1036817,"ean":"7896398660260","enriched":false,"requires_approval":true,"fontes_consultadas":{"convertize_busca":false,"convertize_busca_error":null,"convertize_detalhe":false,"farmaindex_busca":false,"farmaindex_busca_error":null,"farmaindex_detalhe":false,"drogasil_busca":false,"drogasil_busca_error":null,"drogasil_detalhe":false,"cache_hit":false,"encontrado":false}}
[2026-06-05T20:11:42.535Z] [INFO] Enriquecimento concluido {"importacao_id":62,"item_id":1036813,"ean":"7896398660222","enriched":false,"requires_approval":true,"fontes_consultadas":{"convertize_busca":false,"convertize_busca_error":null,"convertize_detalhe":false,"farmaindex_busca":false,"farmaindex_busca_error":null,"farmaindex_detalhe":false,"drogasil_busca":false,"drogasil_busca_error":null,"drogasil_detalhe":false,"cache_hit":false,"encontrado":false}}
[2026-06-05T20:11:42.979Z] [INFO] Pagina retornada pela trier {"importacao_id":62,"pagina":9,"endpoint":"/rest/integracao/produto/obter-todos-v1","quantidade_itens":999,"total":999}
[2026-06-05T20:11:43.064Z] [INFO] Enriquecimento concluido {"importacao_id":62,"item_id":1036816,"ean":"7896398660253","enriched":false,"requires_approval":true,"fontes_consultadas":{"convertize_busca":false,"convertize_busca_error":null,"convertize_detalhe":false,"farmaindex_busca":false,"farmaindex_busca_error":null,"farmaindex_detalhe":false,"drogasil_busca":false,"drogasil_busca_error":null,"drogasil_detalhe":false,"cache_hit":false,"encontrado":false}}
[2026-06-05T20:11:43.186Z] [INFO] Consumidor retirou lote do staging de trier {"importacao_id":62,"staged_itens_lote":4,"staged_itens_restantes":7940,"sample_eans":["7896398610593","7896398616205","7896398660116","7896398660130"]}
[2026-06-05T20:11:43.186Z] [INFO] Iniciando checagem de existencia no Banco Unico {"total_eans_consulta":4,"batches":1,"batch_size":100,"sample_eans":["7896398610593","7896398616205","7896398660116","7896398660130"]}
[2026-06-05T20:11:43.187Z] [INFO] Consultando batch de EANs no Banco Unico {"batch_index":1,"batch_total":1,"eans_no_batch":4,"sample_eans":["7896398610593","7896398616205","7896398660116","7896398660130"]}
[2026-06-05T20:11:43.226Z] [INFO] Resultado do batch consultado no Banco Unico {"batch_index":1,"encontrados":0,"faltantes":4,"found_eans_sample":[]}
[2026-06-05T20:11:43.226Z] [INFO] Checagem de existencia no Banco Unico concluida {"total_consultados":4,"total_existentes":0,"total_ausentes":4,"existing_eans_sample":[]}
[2026-06-05T20:11:43.227Z] [INFO] Resumo da triagem antes do enriquecimento {"importacao_id":62,"staged_total":4,"validos_unicos":4,"invalidos":0,"duplicados_no_lote":0,"existentes_no_banco_unico":0,"elegiveis_enriquecimento":4,"sample_eans_elegiveis":["7896398610593","7896398616205","7896398660116","7896398660130"],"acumulado":{"invalidos":0,"duplicados_no_lote":0,"existentes_no_banco_unico":14,"elegiveis_processamento":38}}
[2026-06-05T20:11:43.262Z] [INFO] Iniciando enriquecimento externo {"importacao_id":62,"item_id":1036822,"ean":"7896398610593"}
[2026-06-05T20:11:43.268Z] [INFO] Iniciando enriquecimento externo {"importacao_id":62,"item_id":1036823,"ean":"7896398660130"}
[2026-06-05T20:11:43.294Z] [INFO] Iniciando enriquecimento externo {"importacao_id":62,"item_id":1036819,"ean":"7896398660116"}
[2026-06-05T20:11:43.300Z] [INFO] Iniciando enriquecimento externo {"importacao_id":62,"item_id":1036818,"ean":"7896398616205"}
[2026-06-05T20:11:44.176Z] [INFO] Enriquecimento concluido {"importacao_id":62,"item_id":1036822,"ean":"7896398610593","enriched":false,"requires_approval":true,"fontes_consultadas":{"convertize_busca":false,"convertize_busca_error":null,"convertize_detalhe":false,"farmaindex_busca":false,"farmaindex_busca_error":null,"farmaindex_detalhe":false,"drogasil_busca":false,"drogasil_busca_error":null,"drogasil_detalhe":false,"cache_hit":false,"encontrado":false}}
[2026-06-05T20:11:44.251Z] [INFO] Enriquecimento concluido {"importacao_id":62,"item_id":1036819,"ean":"7896398660116","enriched":false,"requires_approval":true,"fontes_consultadas":{"convertize_busca":false,"convertize_busca_error":null,"convertize_detalhe":false,"farmaindex_busca":false,"farmaindex_busca_error":null,"farmaindex_detalhe":false,"drogasil_busca":false,"drogasil_busca_error":null,"drogasil_detalhe":false,"cache_hit":false,"encontrado":false}}
[2026-06-05T20:11:44.279Z] [INFO] Enriquecimento concluido {"importacao_id":62,"item_id":1036823,"ean":"7896398660130","enriched":false,"requires_approval":true,"fontes_consultadas":{"convertize_busca":false,"convertize_busca_error":null,"convertize_detalhe":false,"farmaindex_busca":false,"farmaindex_busca_error":null,"farmaindex_detalhe":false,"drogasil_busca":false,"drogasil_busca_error":null,"drogasil_detalhe":false,"cache_hit":false,"encontrado":false}}
[2026-06-05T20:11:44.314Z] [INFO] Enriquecimento concluido {"importacao_id":62,"item_id":1036818,"ean":"7896398616205","enriched":false,"requires_approval":true,"fontes_consultadas":{"convertize_busca":false,"convertize_busca_error":null,"convertize_detalhe":false,"farmaindex_busca":false,"farmaindex_busca_error":null,"farmaindex_detalhe":false,"drogasil_busca":false,"drogasil_busca_error":null,"drogasil_detalhe":false,"cache_hit":false,"encontrado":false}}
[2026-06-05T20:11:44.331Z] [INFO] Requisicao recebida {"method":"GET","path":"/imports/62"}
[2026-06-05T20:11:44.492Z] [INFO] Consumidor retirou lote do staging de trier {"importacao_id":62,"staged_itens_lote":4,"staged_itens_restantes":7936,"sample_eans":["7896398660031","7896398660048","7896398680107","7896398680206"]}
[2026-06-05T20:11:44.494Z] [INFO] Iniciando checagem de existencia no Banco Unico {"total_eans_consulta":4,"batches":1,"batch_size":100,"sample_eans":["7896398660031","7896398660048","7896398680107","7896398680206"]}
[2026-06-05T20:11:44.495Z] [INFO] Consultando batch de EANs no Banco Unico {"batch_index":1,"batch_total":1,"eans_no_batch":4,"sample_eans":["7896398660031","7896398660048","7896398680107","7896398680206"]}
[2026-06-05T20:11:44.529Z] [INFO] Resultado do batch consultado no Banco Unico {"batch_index":1,"encontrados":0,"faltantes":4,"found_eans_sample":[]}
[2026-06-05T20:11:44.530Z] [INFO] Checagem de existencia no Banco Unico concluida {"total_consultados":4,"total_existentes":0,"total_ausentes":4,"existing_eans_sample":[]}
[2026-06-05T20:11:44.531Z] [INFO] Resumo da triagem antes do enriquecimento {"importacao_id":62,"staged_total":4,"validos_unicos":4,"invalidos":0,"duplicados_no_lote":0,"existentes_no_banco_unico":0,"elegiveis_enriquecimento":4,"sample_eans_elegiveis":["7896398660031","7896398660048","7896398680107","7896398680206"],"acumulado":{"invalidos":0,"duplicados_no_lote":0,"existentes_no_banco_unico":14,"elegiveis_processamento":42}}
[2026-06-05T20:11:44.576Z] [INFO] Iniciando enriquecimento externo {"importacao_id":62,"item_id":1036820,"ean":"7896398660031"}
[2026-06-05T20:11:44.581Z] [INFO] Iniciando enriquecimento externo {"importacao_id":62,"item_id":1036821,"ean":"7896398660048"}
[2026-06-05T20:11:44.584Z] [INFO] Iniciando enriquecimento externo {"importacao_id":62,"item_id":1036827,"ean":"7896398680107"}
[2026-06-05T20:11:44.597Z] [INFO] Iniciando enriquecimento externo {"importacao_id":62,"item_id":1036826,"ean":"7896398680206"}
[2026-06-05T20:11:44.967Z] [INFO] Pagina armazenada em staging para trier {"importacao_id":62,"pagina":9,"staged_itens_pagina":999,"staged_itens_total":8991,"itens_aguardando_consumidor":8935,"sample_eans":["7898185413738","7896025520929","7898157619229","7898157617201","7896025502994","7896025509498","7898123342236","7896046712792","7896584151817","7898949409564"]}
[2026-06-05T20:11:44.968Z] [INFO] Buscando pagina de produtos na trier {"importacao_id":62,"pagina":10,"primeiro_registro":8991,"quantidade_registros":999,"ativo":null,"integracao_ecommerce":null,"processa_custo_medio":false}
[2026-06-05T20:11:45.654Z] [INFO] Requisicao finalizada {"method":"GET","path":"/imports/62","status":200,"duration_ms":1323}
[2026-06-05T20:11:45.802Z] [INFO] Pagina retornada pela trier {"importacao_id":62,"pagina":10,"endpoint":"/rest/integracao/produto/obter-todos-v1","quantidade_itens":999,"total":999}
[2026-06-05T20:11:46.557Z] [INFO] Enriquecimento concluido {"importacao_id":62,"item_id":1036820,"ean":"7896398660031","enriched":false,"requires_approval":true,"fontes_consultadas":{"convertize_busca":false,"convertize_busca_error":null,"convertize_detalhe":false,"farmaindex_busca":false,"farmaindex_busca_error":null,"farmaindex_detalhe":false,"drogasil_busca":false,"drogasil_busca_error":null,"drogasil_detalhe":false,"cache_hit":false,"encontrado":false}}
[2026-06-05T20:11:46.650Z] [INFO] Enriquecimento concluido {"importacao_id":62,"item_id":1036826,"ean":"7896398680206","enriched":false,"requires_approval":true,"fontes_consultadas":{"convertize_busca":false,"convertize_busca_error":null,"convertize_detalhe":false,"farmaindex_busca":false,"farmaindex_busca_error":null,"farmaindex_detalhe":false,"drogasil_busca":false,"drogasil_busca_error":null,"drogasil_detalhe":false,"cache_hit":false,"encontrado":false}}
[2026-06-05T20:11:46.705Z] [INFO] Enriquecimento concluido {"importacao_id":62,"item_id":1036821,"ean":"7896398660048","enriched":false,"requires_approval":true,"fontes_consultadas":{"convertize_busca":false,"convertize_busca_error":null,"convertize_detalhe":false,"farmaindex_busca":false,"farmaindex_busca_error":null,"farmaindex_detalhe":false,"drogasil_busca":false,"drogasil_busca_error":null,"drogasil_detalhe":false,"cache_hit":false,"encontrado":false}}
[2026-06-05T20:11:46.723Z] [INFO] Enriquecimento concluido {"importacao_id":62,"item_id":1036827,"ean":"7896398680107","enriched":false,"requires_approval":true,"fontes_consultadas":{"convertize_busca":false,"convertize_busca_error":null,"convertize_detalhe":false,"farmaindex_busca":false,"farmaindex_busca_error":null,"farmaindex_detalhe":false,"drogasil_busca":false,"drogasil_busca_error":null,"drogasil_detalhe":false,"cache_hit":false,"encontrado":false}}
[2026-06-05T20:11:46.877Z] [INFO] Consumidor retirou lote do staging de trier {"importacao_id":62,"staged_itens_lote":4,"staged_itens_restantes":8931,"sample_eans":["7891060846379","7898581710448","7891060836264","7896269900907"]}
[2026-06-05T20:11:46.880Z] [INFO] Iniciando checagem de existencia no Banco Unico {"total_eans_consulta":4,"batches":1,"batch_size":100,"sample_eans":["7891060846379","7898581710448","7891060836264","7896269900907"]}
[2026-06-05T20:11:46.880Z] [INFO] Consultando batch de EANs no Banco Unico {"batch_index":1,"batch_total":1,"eans_no_batch":4,"sample_eans":["7891060846379","7898581710448","7891060836264","7896269900907"]}
[2026-06-05T20:11:46.911Z] [INFO] Resultado do batch consultado no Banco Unico {"batch_index":1,"encontrados":4,"faltantes":0,"found_eans_sample":["7891060846379","7898581710448","7891060836264","7896269900907"]}
[2026-06-05T20:11:46.912Z] [INFO] Checagem de existencia no Banco Unico concluida {"total_consultados":4,"total_existentes":4,"total_ausentes":0,"existing_eans_sample":["7891060846379","7898581710448","7891060836264","7896269900907"]}
[2026-06-05T20:11:47.316Z] [INFO] Resumo da triagem antes do enriquecimento {"importacao_id":62,"staged_total":4,"validos_unicos":4,"invalidos":0,"duplicados_no_lote":0,"existentes_no_banco_unico":4,"elegiveis_enriquecimento":0,"sample_eans_elegiveis":[],"acumulado":{"invalidos":0,"duplicados_no_lote":0,"existentes_no_banco_unico":18,"elegiveis_processamento":42}}
[2026-06-05T20:11:47.374Z] [INFO] Consumidor retirou lote do staging de trier {"importacao_id":62,"staged_itens_lote":4,"staged_itens_restantes":8927,"sample_eans":["7891060836288","7891060836301","7891060836325","7896004709222"]}
[2026-06-05T20:11:47.374Z] [INFO] Iniciando checagem de existencia no Banco Unico {"total_eans_consulta":4,"batches":1,"batch_size":100,"sample_eans":["7891060836288","7891060836301","7891060836325","7896004709222"]}
[2026-06-05T20:11:47.375Z] [INFO] Consultando batch de EANs no Banco Unico {"batch_index":1,"batch_total":1,"eans_no_batch":4,"sample_eans":["7891060836288","7891060836301","7891060836325","7896004709222"]}
[2026-06-05T20:11:47.412Z] [INFO] Resultado do batch consultado no Banco Unico {"batch_index":1,"encontrados":0,"faltantes":4,"found_eans_sample":[]}
[2026-06-05T20:11:47.412Z] [INFO] Checagem de existencia no Banco Unico concluida {"total_consultados":4,"total_existentes":0,"total_ausentes":4,"existing_eans_sample":[]}
[2026-06-05T20:11:47.413Z] [INFO] Resumo da triagem antes do enriquecimento {"importacao_id":62,"staged_total":4,"validos_unicos":4,"invalidos":0,"duplicados_no_lote":0,"existentes_no_banco_unico":0,"elegiveis_enriquecimento":4,"sample_eans_elegiveis":["7891060836288","7891060836301","7891060836325","7896004709222"],"acumulado":{"invalidos":0,"duplicados_no_lote":0,"existentes_no_banco_unico":18,"elegiveis_processamento":46}}
[2026-06-05T20:11:47.445Z] [INFO] Iniciando enriquecimento externo {"importacao_id":62,"item_id":1036835,"ean":"7891060836301"}
[2026-06-05T20:11:47.448Z] [INFO] Iniciando enriquecimento externo {"importacao_id":62,"item_id":1036833,"ean":"7891060836288"}
[2026-06-05T20:11:47.452Z] [INFO] Iniciando enriquecimento externo {"importacao_id":62,"item_id":1036830,"ean":"7891060836325"}
[2026-06-05T20:11:47.456Z] [INFO] Iniciando enriquecimento externo {"importacao_id":62,"item_id":1036832,"ean":"7896004709222"}
[2026-06-05T20:11:47.682Z] [INFO] Pagina armazenada em staging para trier {"importacao_id":62,"pagina":10,"staged_itens_pagina":999,"staged_itens_total":9990,"itens_aguardando_consumidor":9926,"sample_eans":["7898133134630","7896004745343","7898075315746","7896902234093","7506339355154","7501001170288","7500435111874","7506309863269","7506309866901","7506195167281"]}
[2026-06-05T20:11:47.683Z] [INFO] Buscando pagina de produtos na trier {"importacao_id":62,"pagina":11,"primeiro_registro":9990,"quantidade_registros":999,"ativo":null,"integracao_ecommerce":null,"processa_custo_medio":false}
[2026-06-05T20:11:48.444Z] [INFO] Enriquecimento concluido {"importacao_id":62,"item_id":1036832,"ean":"7896004709222","enriched":false,"requires_approval":true,"fontes_consultadas":{"convertize_busca":false,"convertize_busca_error":null,"convertize_detalhe":false,"farmaindex_busca":false,"farmaindex_busca_error":null,"farmaindex_detalhe":false,"drogasil_busca":false,"drogasil_busca_error":null,"drogasil_detalhe":false,"cache_hit":false,"encontrado":false}}
[2026-06-05T20:11:48.513Z] [INFO] Pagina retornada pela trier {"importacao_id":62,"pagina":11,"endpoint":"/rest/integracao/produto/obter-todos-v1","quantidade_itens":999,"total":999}
[2026-06-05T20:11:49.682Z] [INFO] Enriquecimento concluido {"importacao_id":62,"item_id":1036835,"ean":"7891060836301","enriched":true,"requires_approval":false,"fontes_consultadas":{"convertize_busca":false,"convertize_busca_error":null,"convertize_detalhe":false,"farmaindex_busca":false,"farmaindex_busca_error":null,"farmaindex_detalhe":false,"drogasil_busca":true,"drogasil_busca_error":null,"drogasil_detalhe":true,"cache_hit":false,"encontrado":true}}
[2026-06-05T20:11:49.937Z] [INFO] Enriquecimento concluido {"importacao_id":62,"item_id":1036830,"ean":"7891060836325","enriched":true,"requires_approval":false,"fontes_consultadas":{"convertize_busca":false,"convertize_busca_error":null,"convertize_detalhe":false,"farmaindex_busca":false,"farmaindex_busca_error":null,"farmaindex_detalhe":false,"drogasil_busca":true,"drogasil_busca_error":null,"drogasil_detalhe":true,"cache_hit":false,"encontrado":true}}
[2026-06-05T20:11:50.673Z] [INFO] Pagina armazenada em staging para trier {"importacao_id":62,"pagina":11,"staged_itens_pagina":999,"staged_itens_total":10989,"itens_aguardando_consumidor":10925,"sample_eans":["7896032631236","7896032633681","7896032633704","7896032626782","7896032630666","7896032633285","7896032633292","7896032630963","7896032630932","7896032630901"]}
[2026-06-05T20:11:50.674Z] [INFO] Buscando pagina de produtos na trier {"importacao_id":62,"pagina":12,"primeiro_registro":10989,"quantidade_registros":999,"ativo":null,"integracao_ecommerce":null,"processa_custo_medio":false}
[2026-06-05T20:11:50.882Z] [INFO] Enriquecimento concluido {"importacao_id":62,"item_id":1036833,"ean":"7891060836288","enriched":true,"requires_approval":false,"fontes_consultadas":{"convertize_busca":false,"convertize_busca_error":null,"convertize_detalhe":false,"farmaindex_busca":false,"farmaindex_busca_error":null,"farmaindex_detalhe":false,"drogasil_busca":true,"drogasil_busca_error":null,"drogasil_detalhe":true,"cache_hit":false,"encontrado":true}}
[2026-06-05T20:11:51.525Z] [INFO] Pagina retornada pela trier {"importacao_id":62,"pagina":12,"endpoint":"/rest/integracao/produto/obter-todos-v1","quantidade_itens":999,"total":999}
[2026-06-05T20:11:52.656Z] [INFO] Classificacao mercadologica concluida {"importacao_id":62,"item_id":1036830,"ean":"7891060836325","classificacao_origem":"openai","departamento":null,"categoria":"Manicure","subcategoria":"Acessorios Manicure","segmento":"Instrumentos Manicure","subsegmento":"Tesoura Unha"}
[2026-06-05T20:11:52.691Z] [INFO] Publicando produto no Banco Unico {"importacao_id":62,"item_id":1036830,"ean":"7891060836325","descricaoProduto":"Tesoura Mundial Unha Flex Curva 9cm Bc-327","categoria":"Manicure","subcategoria":"Acessorios Manicure"}
[2026-06-05T20:11:52.965Z] [INFO] Classificacao mercadologica concluida {"importacao_id":62,"item_id":1036835,"ean":"7891060836301","classificacao_origem":"openai","departamento":null,"categoria":"Manicure","subcategoria":"Acessorios Manicure","segmento":"Instrumentos Manicure","subsegmento":"Tesoura Unha"}
[2026-06-05T20:11:52.966Z] [INFO] Publicando produto no Banco Unico {"importacao_id":62,"item_id":1036835,"ean":"7891060836301","descricaoProduto":"Tesoura para Unha Mundial Flex Ponta Reta Bc- 326","categoria":"Manicure","subcategoria":"Acessorios Manicure"}
[2026-06-05T20:11:53.289Z] [INFO] Pagina armazenada em staging para trier {"importacao_id":62,"pagina":12,"staged_itens_pagina":999,"staged_itens_total":11988,"itens_aguardando_consumidor":11924,"sample_eans":["7896637023344","7896014147557","7897930761087","7896181911517","7894916503518","7896261011472","7896261011496","7896269901201","7891317001575","7896261011489"]}
[2026-06-05T20:11:53.289Z] [INFO] Buscando pagina de produtos na trier {"importacao_id":62,"pagina":13,"primeiro_registro":11988,"quantidade_registros":999,"ativo":null,"integracao_ecommerce":null,"processa_custo_medio":false}
[2026-06-05T20:11:53.329Z] [INFO] Produto publicado no Banco Unico com sucesso {"importacao_id":62,"item_id":1036830,"ean":"7891060836325"}
[2026-06-05T20:11:53.585Z] [INFO] Produto publicado no Banco Unico com sucesso {"importacao_id":62,"item_id":1036835,"ean":"7891060836301"}
[2026-06-05T20:11:53.693Z] [INFO] Classificacao mercadologica concluida {"importacao_id":62,"item_id":1036833,"ean":"7891060836288","classificacao_origem":"openai","departamento":null,"categoria":"Cuidado Pele","subcategoria":"Cuidado Corpo E Maos","segmento":"Hidratante Corpo E Maos","subsegmento":"Hidratante Pernas"}
[2026-06-05T20:11:53.695Z] [INFO] Publicando produto no Banco Unico {"importacao_id":62,"item_id":1036833,"ean":"7891060836288","descricaoProduto":"Tesoura para Unha Mundial Flex Curva com 1 Unidade","categoria":"Cuidado Pele","subcategoria":"Cuidado Corpo E Maos"}
[2026-06-05T20:11:54.036Z] [INFO] Produto publicado no Banco Unico com sucesso {"importacao_id":62,"item_id":1036833,"ean":"7891060836288"}
[2026-06-05T20:11:54.110Z] [INFO] Consumidor retirou lote do staging de trier {"importacao_id":62,"staged_itens_lote":4,"staged_itens_restantes":11920,"sample_eans":["7896004709215","7896004711270","7896004711263","7896004708454"]}
[2026-06-05T20:11:54.111Z] [INFO] Iniciando checagem de existencia no Banco Unico {"total_eans_consulta":4,"batches":1,"batch_size":100,"sample_eans":["7896004709215","7896004711270","7896004711263","7896004708454"]}
[2026-06-05T20:11:54.111Z] [INFO] Consultando batch de EANs no Banco Unico {"batch_index":1,"batch_total":1,"eans_no_batch":4,"sample_eans":["7896004709215","7896004711270","7896004711263","7896004708454"]}
[2026-06-05T20:11:54.140Z] [INFO] Resultado do batch consultado no Banco Unico {"batch_index":1,"encontrados":1,"faltantes":3,"found_eans_sample":["7896004708454"]}
[2026-06-05T20:11:54.142Z] [INFO] Checagem de existencia no Banco Unico concluida {"total_consultados":4,"total_existentes":1,"total_ausentes":3,"existing_eans_sample":["7896004708454"]}
[2026-06-05T20:11:54.234Z] [INFO] Resumo da triagem antes do enriquecimento {"importacao_id":62,"staged_total":4,"validos_unicos":4,"invalidos":0,"duplicados_no_lote":0,"existentes_no_banco_unico":1,"elegiveis_enriquecimento":3,"sample_eans_elegiveis":["7896004709215","7896004711270","7896004711263"],"acumulado":{"invalidos":0,"duplicados_no_lote":0,"existentes_no_banco_unico":19,"elegiveis_processamento":49}}
[2026-06-05T20:11:54.267Z] [INFO] Pagina retornada pela trier {"importacao_id":62,"pagina":13,"endpoint":"/rest/integracao/produto/obter-todos-v1","quantidade_itens":999,"total":999}
[2026-06-05T20:11:54.269Z] [INFO] Iniciando enriquecimento externo {"importacao_id":62,"item_id":1036831,"ean":"7896004709215"}
[2026-06-05T20:11:54.279Z] [INFO] Iniciando enriquecimento externo {"importacao_id":62,"item_id":1036836,"ean":"7896004711263"}
[2026-06-05T20:11:54.287Z] [INFO] Iniciando enriquecimento externo {"importacao_id":62,"item_id":1036834,"ean":"7896004711270"}
[2026-06-05T20:11:54.892Z] [INFO] Enriquecimento concluido {"importacao_id":62,"item_id":1036831,"ean":"7896004709215","enriched":false,"requires_approval":true,"fontes_consultadas":{"convertize_busca":false,"convertize_busca_error":null,"convertize_detalhe":false,"farmaindex_busca":false,"farmaindex_busca_error":null,"farmaindex_detalhe":false,"drogasil_busca":false,"drogasil_busca_error":null,"drogasil_detalhe":false,"cache_hit":false,"encontrado":false}}
[2026-06-05T20:11:55.147Z] [INFO] Enriquecimento concluido {"importacao_id":62,"item_id":1036836,"ean":"7896004711263","enriched":false,"requires_approval":true,"fontes_consultadas":{"convertize_busca":false,"convertize_busca_error":null,"convertize_detalhe":false,"farmaindex_busca":false,"farmaindex_busca_error":null,"farmaindex_detalhe":false,"drogasil_busca":false,"drogasil_busca_error":null,"drogasil_detalhe":false,"cache_hit":false,"encontrado":false}}
[2026-06-05T20:11:55.499Z] [INFO] Enriquecimento concluido {"importacao_id":62,"item_id":1036834,"ean":"7896004711270","enriched":false,"requires_approval":true,"fontes_consultadas":{"convertize_busca":false,"convertize_busca_error":null,"convertize_detalhe":false,"farmaindex_busca":false,"farmaindex_busca_error":null,"farmaindex_detalhe":false,"drogasil_busca":false,"drogasil_busca_error":null,"drogasil_detalhe":false,"cache_hit":false,"encontrado":false}}
[2026-06-05T20:11:55.633Z] [INFO] Consumidor retirou lote do staging de trier {"importacao_id":62,"staged_itens_lote":4,"staged_itens_restantes":11916,"sample_eans":["7897316800201","7896004708461","7896212412778","7896001250789"]}
[2026-06-05T20:11:55.634Z] [INFO] Iniciando checagem de existencia no Banco Unico {"total_eans_consulta":4,"batches":1,"batch_size":100,"sample_eans":["7897316800201","7896004708461","7896212412778","7896001250789"]}
[2026-06-05T20:11:55.635Z] [INFO] Consultando batch de EANs no Banco Unico {"batch_index":1,"batch_total":1,"eans_no_batch":4,"sample_eans":["7897316800201","7896004708461","7896212412778","7896001250789"]}
[2026-06-05T20:11:55.677Z] [INFO] Resultado do batch consultado no Banco Unico {"batch_index":1,"encontrados":2,"faltantes":2,"found_eans_sample":["7897316800201","7896004708461"]}
[2026-06-05T20:11:55.678Z] [INFO] Checagem de existencia no Banco Unico concluida {"total_consultados":4,"total_existentes":2,"total_ausentes":2,"existing_eans_sample":["7897316800201","7896004708461"]}
[2026-06-05T20:11:55.867Z] [INFO] Resumo da triagem antes do enriquecimento {"importacao_id":62,"staged_total":4,"validos_unicos":4,"invalidos":0,"duplicados_no_lote":0,"existentes_no_banco_unico":2,"elegiveis_enriquecimento":2,"sample_eans_elegiveis":["7896212412778","7896001250789"],"acumulado":{"invalidos":0,"duplicados_no_lote":0,"existentes_no_banco_unico":21,"elegiveis_processamento":51}}
[2026-06-05T20:11:55.913Z] [INFO] Iniciando enriquecimento externo {"importacao_id":62,"item_id":1036838,"ean":"7896001250789"}
[2026-06-05T20:11:55.918Z] [INFO] Iniciando enriquecimento externo {"importacao_id":62,"item_id":1036842,"ean":"7896212412778"}
[2026-06-05T20:11:56.080Z] [INFO] Pagina armazenada em staging para trier {"importacao_id":62,"pagina":13,"staged_itens_pagina":999,"staged_itens_total":12987,"itens_aguardando_consumidor":12915,"sample_eans":["7896226500867","7896094200388","7891528016504","7896094200500","7896094200517","7896094200524","7898414850242","7896047402005","7896047404009","7896094201194"]}
[2026-06-05T20:11:56.081Z] [INFO] Buscando pagina de produtos na trier {"importacao_id":62,"pagina":14,"primeiro_registro":12987,"quantidade_registros":999,"ativo":null,"integracao_ecommerce":null,"processa_custo_medio":false}
[2026-06-05T20:11:56.885Z] [INFO] Enriquecimento concluido {"importacao_id":62,"item_id":1036838,"ean":"7896001250789","enriched":false,"requires_approval":true,"fontes_consultadas":{"convertize_busca":false,"convertize_busca_error":null,"convertize_detalhe":false,"farmaindex_busca":false,"farmaindex_busca_error":null,"farmaindex_detalhe":false,"drogasil_busca":false,"drogasil_busca_error":null,"drogasil_detalhe":false,"cache_hit":false,"encontrado":false}}
[2026-06-05T20:11:57.022Z] [INFO] Pagina retornada pela trier {"importacao_id":62,"pagina":14,"endpoint":"/rest/integracao/produto/obter-todos-v1","quantidade_itens":999,"total":999}
[2026-06-05T20:11:57.125Z] [INFO] Enriquecimento concluido {"importacao_id":62,"item_id":1036842,"ean":"7896212412778","enriched":false,"requires_approval":true,"fontes_consultadas":{"convertize_busca":false,"convertize_busca_error":null,"convertize_detalhe":false,"farmaindex_busca":false,"farmaindex_busca_error":null,"farmaindex_detalhe":false,"drogasil_busca":false,"drogasil_busca_error":null,"drogasil_detalhe":false,"cache_hit":false,"encontrado":false}}
[2026-06-05T20:11:57.251Z] [INFO] Consumidor retirou lote do staging de trier {"importacao_id":62,"staged_itens_lote":4,"staged_itens_restantes":12911,"sample_eans":["7897411610668","7897411610675","7896094970724","7897076911452"]}
[2026-06-05T20:11:57.252Z] [INFO] Iniciando checagem de existencia no Banco Unico {"total_eans_consulta":4,"batches":1,"batch_size":100,"sample_eans":["7897411610668","7897411610675","7896094970724","7897076911452"]}
[2026-06-05T20:11:57.252Z] [INFO] Consultando batch de EANs no Banco Unico {"batch_index":1,"batch_total":1,"eans_no_batch":4,"sample_eans":["7897411610668","7897411610675","7896094970724","7897076911452"]}
[2026-06-05T20:11:57.298Z] [INFO] Resultado do batch consultado no Banco Unico {"batch_index":1,"encontrados":2,"faltantes":2,"found_eans_sample":["7897411610668","7897411610675"]}
[2026-06-05T20:11:57.299Z] [INFO] Checagem de existencia no Banco Unico concluida {"total_consultados":4,"total_existentes":2,"total_ausentes":2,"existing_eans_sample":["7897411610668","7897411610675"]}
[2026-06-05T20:11:57.504Z] [INFO] Resumo da triagem antes do enriquecimento {"importacao_id":62,"staged_total":4,"validos_unicos":4,"invalidos":0,"duplicados_no_lote":0,"existentes_no_banco_unico":2,"elegiveis_enriquecimento":2,"sample_eans_elegiveis":["7896094970724","7897076911452"],"acumulado":{"invalidos":0,"duplicados_no_lote":0,"existentes_no_banco_unico":23,"elegiveis_processamento":53}}
[2026-06-05T20:11:57.557Z] [INFO] Iniciando enriquecimento externo {"importacao_id":62,"item_id":1036847,"ean":"7896094970724"}
[2026-06-05T20:11:57.560Z] [INFO] Iniciando enriquecimento externo {"importacao_id":62,"item_id":1036848,"ean":"7897076911452"}
[2026-06-05T20:11:58.628Z] [INFO] Enriquecimento concluido {"importacao_id":62,"item_id":1036847,"ean":"7896094970724","enriched":false,"requires_approval":true,"fontes_consultadas":{"convertize_busca":false,"convertize_busca_error":null,"convertize_detalhe":false,"farmaindex_busca":false,"farmaindex_busca_error":null,"farmaindex_detalhe":false,"drogasil_busca":false,"drogasil_busca_error":null,"drogasil_detalhe":false,"cache_hit":false,"encontrado":false}}
[2026-06-05T20:11:58.654Z] [INFO] Enriquecimento concluido {"importacao_id":62,"item_id":1036848,"ean":"7897076911452","enriched":false,"requires_approval":true,"fontes_consultadas":{"convertize_busca":false,"convertize_busca_error":null,"convertize_detalhe":false,"farmaindex_busca":false,"farmaindex_busca_error":null,"farmaindex_detalhe":false,"drogasil_busca":false,"drogasil_busca_error":null,"drogasil_detalhe":false,"cache_hit":false,"encontrado":false}}
[2026-06-05T20:11:58.789Z] [INFO] Consumidor retirou lote do staging de trier {"importacao_id":62,"staged_itens_lote":4,"staged_itens_restantes":12907,"sample_eans":["7897076911438","7897076911506","7898581710424","7896004710464"]}
[2026-06-05T20:11:58.790Z] [INFO] Iniciando checagem de existencia no Banco Unico {"total_eans_consulta":4,"batches":1,"batch_size":100,"sample_eans":["7897076911438","7897076911506","7898581710424","7896004710464"]}
[2026-06-05T20:11:58.791Z] [INFO] Consultando batch de EANs no Banco Unico {"batch_index":1,"batch_total":1,"eans_no_batch":4,"sample_eans":["7897076911438","7897076911506","7898581710424","7896004710464"]}
[2026-06-05T20:11:58.827Z] [INFO] Resultado do batch consultado no Banco Unico {"batch_index":1,"encontrados":2,"faltantes":2,"found_eans_sample":["7898581710424","7896004710464"]}
[2026-06-05T20:11:58.828Z] [INFO] Checagem de existencia no Banco Unico concluida {"total_consultados":4,"total_existentes":2,"total_ausentes":2,"existing_eans_sample":["7898581710424","7896004710464"]}
[2026-06-05T20:11:58.982Z] [INFO] Resumo da triagem antes do enriquecimento {"importacao_id":62,"staged_total":4,"validos_unicos":4,"invalidos":0,"duplicados_no_lote":0,"existentes_no_banco_unico":2,"elegiveis_enriquecimento":2,"sample_eans_elegiveis":["7897076911438","7897076911506"],"acumulado":{"invalidos":0,"duplicados_no_lote":0,"existentes_no_banco_unico":25,"elegiveis_processamento":55}}
[2026-06-05T20:11:59.011Z] [INFO] Iniciando enriquecimento externo {"importacao_id":62,"item_id":1036845,"ean":"7897076911438"}
[2026-06-05T20:11:59.026Z] [INFO] Iniciando enriquecimento externo {"importacao_id":62,"item_id":1036846,"ean":"7897076911506"}
[2026-06-05T20:11:59.051Z] [INFO] Pagina armazenada em staging para trier {"importacao_id":62,"pagina":14,"staged_itens_pagina":999,"staged_itens_total":13986,"itens_aguardando_consumidor":13906,"sample_eans":["7891528011875","7896862925017","650240013676","7891721016226","7898906005020","650240018183","7899026459687","7896830500659","7894916209892","7891037004290"]}
[2026-06-05T20:11:59.052Z] [INFO] Buscando pagina de produtos na trier {"importacao_id":62,"pagina":15,"primeiro_registro":13986,"quantidade_registros":999,"ativo":null,"integracao_ecommerce":null,"processa_custo_medio":false}
[2026-06-05T20:11:59.644Z] [INFO] Requisicao recebida {"method":"GET","path":"/imports/62"}
[2026-06-05T20:12:00.016Z] [INFO] Pagina retornada pela trier {"importacao_id":62,"pagina":15,"endpoint":"/rest/integracao/produto/obter-todos-v1","quantidade_itens":999,"total":999}
[2026-06-05T20:12:00.050Z] [INFO] Enriquecimento concluido {"importacao_id":62,"item_id":1036846,"ean":"7897076911506","enriched":false,"requires_approval":true,"fontes_consultadas":{"convertize_busca":false,"convertize_busca_error":null,"convertize_detalhe":false,"farmaindex_busca":false,"farmaindex_busca_error":null,"farmaindex_detalhe":false,"drogasil_busca":false,"drogasil_busca_error":null,"drogasil_detalhe":false,"cache_hit":false,"encontrado":false}}
[2026-06-05T20:12:00.095Z] [INFO] Enriquecimento concluido {"importacao_id":62,"item_id":1036845,"ean":"7897076911438","enriched":false,"requires_approval":true,"fontes_consultadas":{"convertize_busca":false,"convertize_busca_error":null,"convertize_detalhe":false,"farmaindex_busca":false,"farmaindex_busca_error":null,"farmaindex_detalhe":false,"drogasil_busca":false,"drogasil_busca_error":null,"drogasil_detalhe":false,"cache_hit":false,"encontrado":false}}
[2026-06-05T20:12:00.265Z] [INFO] Consumidor retirou lote do staging de trier {"importacao_id":62,"staged_itens_lote":4,"staged_itens_restantes":13902,"sample_eans":["7891721070785","7896261000292","7896009159879","7899026411135"]}
[2026-06-05T20:12:00.266Z] [INFO] Iniciando checagem de existencia no Banco Unico {"total_eans_consulta":4,"batches":1,"batch_size":100,"sample_eans":["7891721070785","7896261000292","7896009159879","7899026411135"]}
[2026-06-05T20:12:00.267Z] [INFO] Consultando batch de EANs no Banco Unico {"batch_index":1,"batch_total":1,"eans_no_batch":4,"sample_eans":["7891721070785","7896261000292","7896009159879","7899026411135"]}
[2026-06-05T20:12:00.373Z] [INFO] Resultado do batch consultado no Banco Unico {"batch_index":1,"encontrados":2,"faltantes":2,"found_eans_sample":["7891721070785","7896261000292"]}
[2026-06-05T20:12:00.374Z] [INFO] Checagem de existencia no Banco Unico concluida {"total_consultados":4,"total_existentes":2,"total_ausentes":2,"existing_eans_sample":["7891721070785","7896261000292"]}
[2026-06-05T20:12:00.673Z] [INFO] Resumo da triagem antes do enriquecimento {"importacao_id":62,"staged_total":4,"validos_unicos":4,"invalidos":0,"duplicados_no_lote":0,"existentes_no_banco_unico":2,"elegiveis_enriquecimento":2,"sample_eans_elegiveis":["7896009159879","7899026411135"],"acumulado":{"invalidos":0,"duplicados_no_lote":0,"existentes_no_banco_unico":27,"elegiveis_processamento":57}}
[2026-06-05T20:12:00.723Z] [INFO] Iniciando enriquecimento externo {"importacao_id":62,"item_id":1036850,"ean":"7896009159879"}
[2026-06-05T20:12:00.735Z] [INFO] Iniciando enriquecimento externo {"importacao_id":62,"item_id":1036854,"ean":"7899026411135"}
[2026-06-05T20:12:01.493Z] [INFO] Requisicao finalizada {"method":"GET","path":"/imports/62","status":200,"duration_ms":1849}
[2026-06-05T20:12:02.386Z] [INFO] Enriquecimento concluido {"importacao_id":62,"item_id":1036850,"ean":"7896009159879","enriched":false,"requires_approval":true,"fontes_consultadas":{"convertize_busca":false,"convertize_busca_error":null,"convertize_detalhe":false,"farmaindex_busca":false,"farmaindex_busca_error":null,"farmaindex_detalhe":false,"drogasil_busca":false,"drogasil_busca_error":null,"drogasil_detalhe":false,"cache_hit":false,"encontrado":false}}
[2026-06-05T20:12:02.655Z] [INFO] Pagina armazenada em staging para trier {"importacao_id":62,"pagina":15,"staged_itens_pagina":999,"staged_itens_total":14985,"itens_aguardando_consumidor":14901,"sample_eans":["7896230301634","7895800457863","7896026120401","7896202901633","7897473200586","7896026304054","7897171101192","7897171102557","7896279100120","7896279100113"]}
[2026-06-05T20:12:02.721Z] [INFO] Buscando pagina de produtos na trier {"importacao_id":62,"pagina":16,"primeiro_registro":14985,"quantidade_registros":999,"ativo":null,"integracao_ecommerce":null,"processa_custo_medio":false}
[2026-06-05T20:12:03.172Z] [INFO] Enriquecimento concluido {"importacao_id":62,"item_id":1036854,"ean":"7899026411135","enriched":false,"requires_approval":true,"fontes_consultadas":{"convertize_busca":false,"convertize_busca_error":null,"convertize_detalhe":false,"farmaindex_busca":false,"farmaindex_busca_error":null,"farmaindex_detalhe":false,"drogasil_busca":false,"drogasil_busca_error":null,"drogasil_detalhe":false,"cache_hit":false,"encontrado":false}}
[2026-06-05T20:12:03.304Z] [INFO] Consumidor retirou lote do staging de trier {"importacao_id":62,"staged_itens_lote":4,"staged_itens_restantes":14897,"sample_eans":["7899026411142","7899026411159","7899026411166","7899026411173"]}
[2026-06-05T20:12:03.305Z] [INFO] Iniciando checagem de existencia no Banco Unico {"total_eans_consulta":4,"batches":1,"batch_size":100,"sample_eans":["7899026411142","7899026411159","7899026411166","7899026411173"]}
[2026-06-05T20:12:03.305Z] [INFO] Consultando batch de EANs no Banco Unico {"batch_index":1,"batch_total":1,"eans_no_batch":4,"sample_eans":["7899026411142","7899026411159","7899026411166","7899026411173"]}
[2026-06-05T20:12:03.334Z] [INFO] Resultado do batch consultado no Banco Unico {"batch_index":1,"encontrados":0,"faltantes":4,"found_eans_sample":[]}
[2026-06-05T20:12:03.335Z] [INFO] Checagem de existencia no Banco Unico concluida {"total_consultados":4,"total_existentes":0,"total_ausentes":4,"existing_eans_sample":[]}
[2026-06-05T20:12:03.336Z] [INFO] Resumo da triagem antes do enriquecimento {"importacao_id":62,"staged_total":4,"validos_unicos":4,"invalidos":0,"duplicados_no_lote":0,"existentes_no_banco_unico":0,"elegiveis_enriquecimento":4,"sample_eans_elegiveis":["7899026411142","7899026411159","7899026411166","7899026411173"],"acumulado":{"invalidos":0,"duplicados_no_lote":0,"existentes_no_banco_unico":27,"elegiveis_processamento":61}}
[2026-06-05T20:12:03.367Z] [INFO] Iniciando enriquecimento externo {"importacao_id":62,"item_id":1036864,"ean":"7899026411173"}
[2026-06-05T20:12:03.370Z] [INFO] Iniciando enriquecimento externo {"importacao_id":62,"item_id":1036853,"ean":"7899026411142"}
[2026-06-05T20:12:03.372Z] [INFO] Iniciando enriquecimento externo {"importacao_id":62,"item_id":1036859,"ean":"7899026411166"}
[2026-06-05T20:12:03.378Z] [INFO] Iniciando enriquecimento externo {"importacao_id":62,"item_id":1036855,"ean":"7899026411159"}
[2026-06-05T20:12:03.691Z] [INFO] Pagina retornada pela trier {"importacao_id":62,"pagina":16,"endpoint":"/rest/integracao/produto/obter-todos-v1","quantidade_itens":999,"total":999}
[2026-06-05T20:12:04.185Z] [INFO] Enriquecimento concluido {"importacao_id":62,"item_id":1036853,"ean":"7899026411142","enriched":false,"requires_approval":true,"fontes_consultadas":{"convertize_busca":false,"convertize_busca_error":null,"convertize_detalhe":false,"farmaindex_busca":false,"farmaindex_busca_error":null,"farmaindex_detalhe":false,"drogasil_busca":false,"drogasil_busca_error":null,"drogasil_detalhe":false,"cache_hit":false,"encontrado":false}}
[2026-06-05T20:12:04.383Z] [INFO] Enriquecimento concluido {"importacao_id":62,"item_id":1036864,"ean":"7899026411173","enriched":false,"requires_approval":true,"fontes_consultadas":{"convertize_busca":false,"convertize_busca_error":null,"convertize_detalhe":false,"farmaindex_busca":false,"farmaindex_busca_error":null,"farmaindex_detalhe":false,"drogasil_busca":false,"drogasil_busca_error":null,"drogasil_detalhe":false,"cache_hit":false,"encontrado":false}}
[2026-06-05T20:12:04.508Z] [INFO] Enriquecimento concluido {"importacao_id":62,"item_id":1036855,"ean":"7899026411159","enriched":false,"requires_approval":true,"fontes_consultadas":{"convertize_busca":false,"convertize_busca_error":null,"convertize_detalhe":false,"farmaindex_busca":false,"farmaindex_busca_error":null,"farmaindex_detalhe":false,"drogasil_busca":false,"drogasil_busca_error":null,"drogasil_detalhe":false,"cache_hit":false,"encontrado":false}}
[2026-06-05T20:12:04.572Z] [INFO] Enriquecimento concluido {"importacao_id":62,"item_id":1036859,"ean":"7899026411166","enriched":false,"requires_approval":true,"fontes_consultadas":{"convertize_busca":false,"convertize_busca_error":null,"convertize_detalhe":false,"farmaindex_busca":false,"farmaindex_busca_error":null,"farmaindex_detalhe":false,"drogasil_busca":false,"drogasil_busca_error":null,"drogasil_detalhe":false,"cache_hit":false,"encontrado":false}}
[2026-06-05T20:12:04.723Z] [INFO] Consumidor retirou lote do staging de trier {"importacao_id":62,"staged_itens_lote":4,"staged_itens_restantes":14893,"sample_eans":["7896023706639","7896226502458","7896191215476","7891010041304"]}
[2026-06-05T20:12:04.724Z] [INFO] Iniciando checagem de existencia no Banco Unico {"total_eans_consulta":4,"batches":1,"batch_size":100,"sample_eans":["7896023706639","7896226502458","7896191215476","7891010041304"]}
[2026-06-05T20:12:04.725Z] [INFO] Consultando batch de EANs no Banco Unico {"batch_index":1,"batch_total":1,"eans_no_batch":4,"sample_eans":["7896023706639","7896226502458","7896191215476","7891010041304"]}
[2026-06-05T20:12:04.760Z] [INFO] Resultado do batch consultado no Banco Unico {"batch_index":1,"encontrados":1,"faltantes":3,"found_eans_sample":["7896226502458"]}
[2026-06-05T20:12:04.761Z] [INFO] Checagem de existencia no Banco Unico concluida {"total_consultados":4,"total_existentes":1,"total_ausentes":3,"existing_eans_sample":["7896226502458"]}
[2026-06-05T20:12:04.847Z] [INFO] Resumo da triagem antes do enriquecimento {"importacao_id":62,"staged_total":4,"validos_unicos":4,"invalidos":0,"duplicados_no_lote":0,"existentes_no_banco_unico":1,"elegiveis_enriquecimento":3,"sample_eans_elegiveis":["7896023706639","7896191215476","7891010041304"],"acumulado":{"invalidos":0,"duplicados_no_lote":0,"existentes_no_banco_unico":28,"elegiveis_processamento":64}}
[2026-06-05T20:12:04.887Z] [INFO] Iniciando enriquecimento externo {"importacao_id":62,"item_id":1036862,"ean":"7896191215476"}
[2026-06-05T20:12:04.891Z] [INFO] Iniciando enriquecimento externo {"importacao_id":62,"item_id":1036863,"ean":"7891010041304"}
[2026-06-05T20:12:04.896Z] [INFO] Iniciando enriquecimento externo {"importacao_id":62,"item_id":1036861,"ean":"7896023706639"}
[2026-06-05T20:12:05.546Z] [INFO] Pagina armazenada em staging para trier {"importacao_id":62,"pagina":16,"staged_itens_pagina":999,"staged_itens_total":15984,"itens_aguardando_consumidor":15892,"sample_eans":["7897851250271","7897851250288","7892750001146","7892750000064","7892750000040","7892750001153","7892750001627","7892750001634","7892750001696","7896658000393"]}
[2026-06-05T20:12:05.581Z] [INFO] Buscando pagina de produtos na trier {"importacao_id":62,"pagina":17,"primeiro_registro":15984,"quantidade_registros":999,"ativo":null,"integracao_ecommerce":null,"processa_custo_medio":false}
[2026-06-05T20:12:06.111Z] [INFO] Enriquecimento concluido {"importacao_id":62,"item_id":1036861,"ean":"7896023706639","enriched":false,"requires_approval":true,"fontes_consultadas":{"convertize_busca":false,"convertize_busca_error":null,"convertize_detalhe":false,"farmaindex_busca":false,"farmaindex_busca_error":null,"farmaindex_detalhe":false,"drogasil_busca":false,"drogasil_busca_error":null,"drogasil_detalhe":false,"cache_hit":false,"encontrado":false}}
[2026-06-05T20:12:06.283Z] [INFO] Enriquecimento concluido {"importacao_id":62,"item_id":1036863,"ean":"7891010041304","enriched":false,"requires_approval":true,"fontes_consultadas":{"convertize_busca":false,"convertize_busca_error":null,"convertize_detalhe":false,"farmaindex_busca":false,"farmaindex_busca_error":null,"farmaindex_detalhe":false,"drogasil_busca":false,"drogasil_busca_error":null,"drogasil_detalhe":false,"cache_hit":false,"encontrado":false}}
[2026-06-05T20:12:06.601Z] [INFO] Pagina retornada pela trier {"importacao_id":62,"pagina":17,"endpoint":"/rest/integracao/produto/obter-todos-v1","quantidade_itens":999,"total":999}
[2026-06-05T20:12:06.944Z] [INFO] Enriquecimento concluido {"importacao_id":62,"item_id":1036862,"ean":"7896191215476","enriched":false,"requires_approval":true,"fontes_consultadas":{"convertize_busca":false,"convertize_busca_error":null,"convertize_detalhe":false,"farmaindex_busca":false,"farmaindex_busca_error":null,"farmaindex_detalhe":false,"drogasil_busca":false,"drogasil_busca_error":null,"drogasil_detalhe":false,"cache_hit":false,"encontrado":false}}
[2026-06-05T20:12:07.090Z] [INFO] Consumidor retirou lote do staging de trier {"importacao_id":62,"staged_itens_lote":4,"staged_itens_restantes":15888,"sample_eans":["810508000514","7891010500306","7893694057664","7893694071660"]}
[2026-06-05T20:12:07.092Z] [INFO] Iniciando checagem de existencia no Banco Unico {"total_eans_consulta":4,"batches":1,"batch_size":100,"sample_eans":["810508000514","7891010500306","7893694057664","7893694071660"]}
[2026-06-05T20:12:07.093Z] [INFO] Consultando batch de EANs no Banco Unico {"batch_index":1,"batch_total":1,"eans_no_batch":4,"sample_eans":["810508000514","7891010500306","7893694057664","7893694071660"]}
[2026-06-05T20:12:07.127Z] [INFO] Resultado do batch consultado no Banco Unico {"batch_index":1,"encontrados":0,"faltantes":4,"found_eans_sample":[]}
[2026-06-05T20:12:07.127Z] [INFO] Checagem de existencia no Banco Unico concluida {"total_consultados":4,"total_existentes":0,"total_ausentes":4,"existing_eans_sample":[]}
[2026-06-05T20:12:07.127Z] [INFO] Resumo da triagem antes do enriquecimento {"importacao_id":62,"staged_total":4,"validos_unicos":4,"invalidos":0,"duplicados_no_lote":0,"existentes_no_banco_unico":0,"elegiveis_enriquecimento":4,"sample_eans_elegiveis":["810508000514","7891010500306","7893694057664","7893694071660"],"acumulado":{"invalidos":0,"duplicados_no_lote":0,"existentes_no_banco_unico":28,"elegiveis_processamento":68}}
[2026-06-05T20:12:07.158Z] [INFO] Iniciando enriquecimento externo {"importacao_id":62,"item_id":1036860,"ean":"7891010500306"}
[2026-06-05T20:12:07.168Z] [INFO] Iniciando enriquecimento externo {"importacao_id":62,"item_id":1036858,"ean":"810508000514"}
[2026-06-05T20:12:07.173Z] [INFO] Iniciando enriquecimento externo {"importacao_id":62,"item_id":1036865,"ean":"7893694071660"}
[2026-06-05T20:12:07.178Z] [INFO] Iniciando enriquecimento externo {"importacao_id":62,"item_id":1036856,"ean":"7893694057664"}
[2026-06-05T20:12:08.481Z] [INFO] Pagina armazenada em staging para trier {"importacao_id":62,"pagina":17,"staged_itens_pagina":999,"staged_itens_total":16983,"itens_aguardando_consumidor":16887,"sample_eans":["7893353305815","7893353105842","7891137000994","7891137000970","7897299901841","7897299901834","7897299902794","7896658001277","7897299901858","7897299902282"]}
[2026-06-05T20:12:08.481Z] [INFO] Buscando pagina de produtos na trier {"importacao_id":62,"pagina":18,"primeiro_registro":16983,"quantidade_registros":999,"ativo":null,"integracao_ecommerce":null,"processa_custo_medio":false}
[2026-06-05T20:12:08.661Z] [INFO] Enriquecimento concluido {"importacao_id":62,"item_id":1036865,"ean":"7893694071660","enriched":false,"requires_approval":true,"fontes_consultadas":{"convertize_busca":false,"convertize_busca_error":null,"convertize_detalhe":false,"farmaindex_busca":false,"farmaindex_busca_error":null,"farmaindex_detalhe":false,"drogasil_busca":false,"drogasil_busca_error":null,"drogasil_detalhe":false,"cache_hit":false,"encontrado":false}}
[2026-06-05T20:12:09.527Z] [INFO] Pagina retornada pela trier {"importacao_id":62,"pagina":18,"endpoint":"/rest/integracao/produto/obter-todos-v1","quantidade_itens":999,"total":999}
[2026-06-05T20:12:10.161Z] [INFO] Enriquecimento concluido {"importacao_id":62,"item_id":1036858,"ean":"810508000514","enriched":false,"requires_approval":true,"fontes_consultadas":{"convertize_busca":false,"convertize_busca_error":null,"convertize_detalhe":false,"farmaindex_busca":false,"farmaindex_busca_error":null,"farmaindex_detalhe":false,"drogasil_busca":false,"drogasil_busca_error":null,"drogasil_detalhe":false,"cache_hit":false,"encontrado":false}}
[2026-06-05T20:12:10.347Z] [INFO] Enriquecimento concluido {"importacao_id":62,"item_id":1036856,"ean":"7893694057664","enriched":false,"requires_approval":true,"fontes_consultadas":{"convertize_busca":false,"convertize_busca_error":null,"convertize_detalhe":false,"farmaindex_busca":false,"farmaindex_busca_error":null,"farmaindex_detalhe":false,"drogasil_busca":false,"drogasil_busca_error":null,"drogasil_detalhe":false,"cache_hit":false,"encontrado":false}}
[2026-06-05T20:12:10.388Z] [INFO] Enriquecimento concluido {"importacao_id":62,"item_id":1036860,"ean":"7891010500306","enriched":false,"requires_approval":true,"fontes_consultadas":{"convertize_busca":false,"convertize_busca_error":null,"convertize_detalhe":false,"farmaindex_busca":false,"farmaindex_busca_error":null,"farmaindex_detalhe":false,"drogasil_busca":false,"drogasil_busca_error":null,"drogasil_detalhe":false,"cache_hit":false,"encontrado":false}}
[2026-06-05T20:12:10.528Z] [INFO] Consumidor retirou lote do staging de trier {"importacao_id":62,"staged_itens_lote":4,"staged_itens_restantes":16883,"sample_eans":["7893694072667","7893694084660","7897076910127","7897076910318"]}
[2026-06-05T20:12:10.530Z] [INFO] Iniciando checagem de existencia no Banco Unico {"total_eans_consulta":4,"batches":1,"batch_size":100,"sample_eans":["7893694072667","7893694084660","7897076910127","7897076910318"]}
[2026-06-05T20:12:10.531Z] [INFO] Consultando batch de EANs no Banco Unico {"batch_index":1,"batch_total":1,"eans_no_batch":4,"sample_eans":["7893694072667","7893694084660","7897076910127","7897076910318"]}
[2026-06-05T20:12:10.566Z] [INFO] Resultado do batch consultado no Banco Unico {"batch_index":1,"encontrados":1,"faltantes":3,"found_eans_sample":["7893694084660"]}
[2026-06-05T20:12:10.567Z] [INFO] Checagem de existencia no Banco Unico concluida {"total_consultados":4,"total_existentes":1,"total_ausentes":3,"existing_eans_sample":["7893694084660"]}
[2026-06-05T20:12:10.686Z] [INFO] Resumo da triagem antes do enriquecimento {"importacao_id":62,"staged_total":4,"validos_unicos":4,"invalidos":0,"duplicados_no_lote":0,"existentes_no_banco_unico":1,"elegiveis_enriquecimento":3,"sample_eans_elegiveis":["7893694072667","7897076910127","7897076910318"],"acumulado":{"invalidos":0,"duplicados_no_lote":0,"existentes_no_banco_unico":29,"elegiveis_processamento":71}}
[2026-06-05T20:12:10.727Z] [INFO] Iniciando enriquecimento externo {"importacao_id":62,"item_id":1036866,"ean":"7893694072667"}
[2026-06-05T20:12:10.743Z] [INFO] Iniciando enriquecimento externo {"importacao_id":62,"item_id":1036869,"ean":"7897076910127"}
[2026-06-05T20:12:10.746Z] [INFO] Iniciando enriquecimento externo {"importacao_id":62,"item_id":1036868,"ean":"7897076910318"}
[2026-06-05T20:12:11.694Z] [INFO] Pagina armazenada em staging para trier {"importacao_id":62,"pagina":18,"staged_itens_pagina":999,"staged_itens_total":17982,"itens_aguardando_consumidor":17882,"sample_eans":["7891051035928","7893454208510","7893454508511","7893454108513","7893454211718","7893454210315","7893454102610","7893454402819","7893454502816","7893454210834"]}
[2026-06-05T20:12:11.695Z] [INFO] Buscando pagina de produtos na trier {"importacao_id":62,"pagina":19,"primeiro_registro":17982,"quantidade_registros":999,"ativo":null,"integracao_ecommerce":null,"processa_custo_medio":false}
[2026-06-05T20:12:12.174Z] [INFO] Enriquecimento concluido {"importacao_id":62,"item_id":1036868,"ean":"7897076910318","enriched":false,"requires_approval":true,"fontes_consultadas":{"convertize_busca":false,"convertize_busca_error":null,"convertize_detalhe":false,"farmaindex_busca":false,"farmaindex_busca_error":null,"farmaindex_detalhe":false,"drogasil_busca":false,"drogasil_busca_error":null,"drogasil_detalhe":false,"cache_hit":false,"encontrado":false}}
[2026-06-05T20:12:12.211Z] [INFO] Enriquecimento concluido {"importacao_id":62,"item_id":1036866,"ean":"7893694072667","enriched":false,"requires_approval":true,"fontes_consultadas":{"convertize_busca":false,"convertize_busca_error":null,"convertize_detalhe":false,"farmaindex_busca":false,"farmaindex_busca_error":null,"farmaindex_detalhe":false,"drogasil_busca":false,"drogasil_busca_error":null,"drogasil_detalhe":false,"cache_hit":false,"encontrado":false}}
[2026-06-05T20:12:12.248Z] [INFO] Enriquecimento concluido {"importacao_id":62,"item_id":1036869,"ean":"7897076910127","enriched":false,"requires_approval":true,"fontes_consultadas":{"convertize_busca":false,"convertize_busca_error":null,"convertize_detalhe":false,"farmaindex_busca":false,"farmaindex_busca_error":null,"farmaindex_detalhe":false,"drogasil_busca":false,"drogasil_busca_error":null,"drogasil_detalhe":false,"cache_hit":false,"encontrado":false}}
[2026-06-05T20:12:12.327Z] [INFO] Consumidor retirou lote do staging de trier {"importacao_id":62,"staged_itens_lote":4,"staged_itens_restantes":17878,"sample_eans":["7896226502441","7897076910332","7897076910806","7897076911124"]}
[2026-06-05T20:12:12.328Z] [INFO] Iniciando checagem de existencia no Banco Unico {"total_eans_consulta":4,"batches":1,"batch_size":100,"sample_eans":["7896226502441","7897076910332","7897076910806","7897076911124"]}
[2026-06-05T20:12:12.329Z] [INFO] Consultando batch de EANs no Banco Unico {"batch_index":1,"batch_total":1,"eans_no_batch":4,"sample_eans":["7896226502441","7897076910332","7897076910806","7897076911124"]}
[2026-06-05T20:12:12.372Z] [INFO] Resultado do batch consultado no Banco Unico {"batch_index":1,"encontrados":1,"faltantes":3,"found_eans_sample":["7896226502441"]}
[2026-06-05T20:12:12.373Z] [INFO] Checagem de existencia no Banco Unico concluida {"total_consultados":4,"total_existentes":1,"total_ausentes":3,"existing_eans_sample":["7896226502441"]}
[2026-06-05T20:12:12.425Z] [INFO] Resumo da triagem antes do enriquecimento {"importacao_id":62,"staged_total":4,"validos_unicos":4,"invalidos":0,"duplicados_no_lote":0,"existentes_no_banco_unico":1,"elegiveis_enriquecimento":3,"sample_eans_elegiveis":["7897076910332","7897076910806","7897076911124"],"acumulado":{"invalidos":0,"duplicados_no_lote":0,"existentes_no_banco_unico":30,"elegiveis_processamento":74}}
[2026-06-05T20:12:12.454Z] [INFO] Iniciando enriquecimento externo {"importacao_id":62,"item_id":1036876,"ean":"7897076910806"}
[2026-06-05T20:12:12.456Z] [INFO] Iniciando enriquecimento externo {"importacao_id":62,"item_id":1036875,"ean":"7897076910332"}
[2026-06-05T20:12:12.460Z] [INFO] Iniciando enriquecimento externo {"importacao_id":62,"item_id":1036873,"ean":"7897076911124"}
[2026-06-05T20:12:12.747Z] [INFO] Pagina retornada pela trier {"importacao_id":62,"pagina":19,"endpoint":"/rest/integracao/produto/obter-todos-v1","quantidade_itens":999,"total":999}
[2026-06-05T20:12:13.912Z] [INFO] Enriquecimento concluido {"importacao_id":62,"item_id":1036873,"ean":"7897076911124","enriched":false,"requires_approval":true,"fontes_consultadas":{"convertize_busca":false,"convertize_busca_error":null,"convertize_detalhe":false,"farmaindex_busca":false,"farmaindex_busca_error":null,"farmaindex_detalhe":false,"drogasil_busca":false,"drogasil_busca_error":null,"drogasil_detalhe":false,"cache_hit":false,"encontrado":false}}
[2026-06-05T20:12:14.095Z] [INFO] Enriquecimento concluido {"importacao_id":62,"item_id":1036875,"ean":"7897076910332","enriched":false,"requires_approval":true,"fontes_consultadas":{"convertize_busca":false,"convertize_busca_error":null,"convertize_detalhe":false,"farmaindex_busca":false,"farmaindex_busca_error":null,"farmaindex_detalhe":false,"drogasil_busca":false,"drogasil_busca_error":null,"drogasil_detalhe":false,"cache_hit":false,"encontrado":false}}
[2026-06-05T20:12:14.146Z] [INFO] Enriquecimento concluido {"importacao_id":62,"item_id":1036876,"ean":"7897076910806","enriched":false,"requires_approval":true,"fontes_consultadas":{"convertize_busca":false,"convertize_busca_error":null,"convertize_detalhe":false,"farmaindex_busca":false,"farmaindex_busca_error":null,"farmaindex_detalhe":false,"drogasil_busca":false,"drogasil_busca_error":null,"drogasil_detalhe":false,"cache_hit":false,"encontrado":false}}
[2026-06-05T20:12:14.268Z] [INFO] Consumidor retirou lote do staging de trier {"importacao_id":62,"staged_itens_lote":4,"staged_itens_restantes":17874,"sample_eans":["7897076909244","7897076909602","7897076909596","7897076911070"]}
[2026-06-05T20:12:14.269Z] [INFO] Iniciando checagem de existencia no Banco Unico {"total_eans_consulta":4,"batches":1,"batch_size":100,"sample_eans":["7897076909244","7897076909602","7897076909596","7897076911070"]}
[2026-06-05T20:12:14.269Z] [INFO] Consultando batch de EANs no Banco Unico {"batch_index":1,"batch_total":1,"eans_no_batch":4,"sample_eans":["7897076909244","7897076909602","7897076909596","7897076911070"]}
[2026-06-05T20:12:14.299Z] [INFO] Resultado do batch consultado no Banco Unico {"batch_index":1,"encontrados":1,"faltantes":3,"found_eans_sample":["7897076911070"]}
[2026-06-05T20:12:14.300Z] [INFO] Checagem de existencia no Banco Unico concluida {"total_consultados":4,"total_existentes":1,"total_ausentes":3,"existing_eans_sample":["7897076911070"]}
[2026-06-05T20:12:14.367Z] [INFO] Resumo da triagem antes do enriquecimento {"importacao_id":62,"staged_total":4,"validos_unicos":4,"invalidos":0,"duplicados_no_lote":0,"existentes_no_banco_unico":1,"elegiveis_enriquecimento":3,"sample_eans_elegiveis":["7897076909244","7897076909602","7897076909596"],"acumulado":{"invalidos":0,"duplicados_no_lote":0,"existentes_no_banco_unico":31,"elegiveis_processamento":77}}
[2026-06-05T20:12:14.395Z] [INFO] Iniciando enriquecimento externo {"importacao_id":62,"item_id":1036874,"ean":"7897076909596"}
[2026-06-05T20:12:14.399Z] [INFO] Iniciando enriquecimento externo {"importacao_id":62,"item_id":1036871,"ean":"7897076909244"}
[2026-06-05T20:12:14.404Z] [INFO] Iniciando enriquecimento externo {"importacao_id":62,"item_id":1036872,"ean":"7897076909602"}
[2026-06-05T20:12:14.480Z] [INFO] Pagina armazenada em staging para trier {"importacao_id":62,"pagina":19,"staged_itens_pagina":999,"staged_itens_total":18981,"itens_aguardando_consumidor":18873,"sample_eans":["7898158078216","7898158078223","7898158078230","7898158078247","7898158079503","7898158079176","7898158079169","7898158079497","7898158079602","7898158079848"]}
[2026-06-05T20:12:14.480Z] [INFO] Buscando pagina de produtos na trier {"importacao_id":62,"pagina":20,"primeiro_registro":18981,"quantidade_registros":999,"ativo":null,"integracao_ecommerce":null,"processa_custo_medio":false}
[2026-06-05T20:12:15.596Z] [INFO] Pagina retornada pela trier {"importacao_id":62,"pagina":20,"endpoint":"/rest/integracao/produto/obter-todos-v1","quantidade_itens":999,"total":999}
[2026-06-05T20:12:16.522Z] [INFO] Enriquecimento concluido {"importacao_id":62,"item_id":1036871,"ean":"7897076909244","enriched":false,"requires_approval":true,"fontes_consultadas":{"convertize_busca":false,"convertize_busca_error":null,"convertize_detalhe":false,"farmaindex_busca":false,"farmaindex_busca_error":null,"farmaindex_detalhe":false,"drogasil_busca":false,"drogasil_busca_error":null,"drogasil_detalhe":false,"cache_hit":false,"encontrado":false}}
[2026-06-05T20:12:16.630Z] [INFO] Enriquecimento concluido {"importacao_id":62,"item_id":1036874,"ean":"7897076909596","enriched":false,"requires_approval":true,"fontes_consultadas":{"convertize_busca":false,"convertize_busca_error":null,"convertize_detalhe":false,"farmaindex_busca":false,"farmaindex_busca_error":null,"farmaindex_detalhe":false,"drogasil_busca":false,"drogasil_busca_error":null,"drogasil_detalhe":false,"cache_hit":false,"encontrado":false}}
[2026-06-05T20:12:16.856Z] [INFO] Enriquecimento concluido {"importacao_id":62,"item_id":1036872,"ean":"7897076909602","enriched":false,"requires_approval":true,"fontes_consultadas":{"convertize_busca":false,"convertize_busca_error":null,"convertize_detalhe":false,"farmaindex_busca":false,"farmaindex_busca_error":null,"farmaindex_detalhe":false,"drogasil_busca":false,"drogasil_busca_error":null,"drogasil_detalhe":false,"cache_hit":false,"encontrado":false}}
[2026-06-05T20:12:16.978Z] [INFO] Consumidor retirou lote do staging de trier {"importacao_id":62,"staged_itens_lote":4,"staged_itens_restantes":18869,"sample_eans":["7897076909909","7897076909893","7897076907974","7890282800701"]}
[2026-06-05T20:12:16.979Z] [INFO] Iniciando checagem de existencia no Banco Unico {"total_eans_consulta":4,"batches":1,"batch_size":100,"sample_eans":["7897076909909","7897076909893","7897076907974","7890282800701"]}
[2026-06-05T20:12:16.979Z] [INFO] Consultando batch de EANs no Banco Unico {"batch_index":1,"batch_total":1,"eans_no_batch":4,"sample_eans":["7897076909909","7897076909893","7897076907974","7890282800701"]}
[2026-06-05T20:12:17.011Z] [INFO] Resultado do batch consultado no Banco Unico {"batch_index":1,"encontrados":1,"faltantes":3,"found_eans_sample":["7890282800701"]}
[2026-06-05T20:12:17.012Z] [INFO] Checagem de existencia no Banco Unico concluida {"total_consultados":4,"total_existentes":1,"total_ausentes":3,"existing_eans_sample":["7890282800701"]}
[2026-06-05T20:12:17.091Z] [INFO] Resumo da triagem antes do enriquecimento {"importacao_id":62,"staged_total":4,"validos_unicos":4,"invalidos":0,"duplicados_no_lote":0,"existentes_no_banco_unico":1,"elegiveis_enriquecimento":3,"sample_eans_elegiveis":["7897076909909","7897076909893","7897076907974"],"acumulado":{"invalidos":0,"duplicados_no_lote":0,"existentes_no_banco_unico":32,"elegiveis_processamento":80}}
[2026-06-05T20:12:17.132Z] [INFO] Iniciando enriquecimento externo {"importacao_id":62,"item_id":1036889,"ean":"7897076909909"}
[2026-06-05T20:12:17.135Z] [INFO] Iniciando enriquecimento externo {"importacao_id":62,"item_id":1036888,"ean":"7897076909893"}
[2026-06-05T20:12:17.137Z] [INFO] Iniciando enriquecimento externo {"importacao_id":62,"item_id":1036887,"ean":"7897076907974"}
[2026-06-05T20:12:17.321Z] [INFO] Pagina armazenada em staging para trier {"importacao_id":62,"pagina":20,"staged_itens_pagina":999,"staged_itens_total":19980,"itens_aguardando_consumidor":19868,"sample_eans":["7896331700442","7896331701241","7896331701265","7896331701258","7896241216262","7896331800302","7896331700459","7896331701081","7896331701685","7896331701692"]}
[2026-06-05T20:12:17.322Z] [INFO] Buscando pagina de produtos na trier {"importacao_id":62,"pagina":21,"primeiro_registro":19980,"quantidade_registros":999,"ativo":null,"integracao_ecommerce":null,"processa_custo_medio":false}
[2026-06-05T20:12:17.807Z] [INFO] Requisicao recebida {"method":"GET","path":"/imports/62"}
[2026-06-05T20:12:18.482Z] [INFO] Pagina retornada pela trier {"importacao_id":62,"pagina":21,"endpoint":"/rest/integracao/produto/obter-todos-v1","quantidade_itens":999,"total":999}
[2026-06-05T20:12:19.915Z] [INFO] Requisicao finalizada {"method":"GET","path":"/imports/62","status":200,"duration_ms":2108}
[2026-06-05T20:12:19.930Z] [INFO] Enriquecimento concluido {"importacao_id":62,"item_id":1036887,"ean":"7897076907974","enriched":false,"requires_approval":true,"fontes_consultadas":{"convertize_busca":false,"convertize_busca_error":null,"convertize_detalhe":false,"farmaindex_busca":false,"farmaindex_busca_error":null,"farmaindex_detalhe":false,"drogasil_busca":false,"drogasil_busca_error":null,"drogasil_detalhe":false,"cache_hit":false,"encontrado":false}}
[2026-06-05T20:12:19.931Z] [INFO] Enriquecimento concluido {"importacao_id":62,"item_id":1036889,"ean":"7897076909909","enriched":false,"requires_approval":true,"fontes_consultadas":{"convertize_busca":false,"convertize_busca_error":null,"convertize_detalhe":false,"farmaindex_busca":false,"farmaindex_busca_error":null,"farmaindex_detalhe":false,"drogasil_busca":false,"drogasil_busca_error":null,"drogasil_detalhe":false,"cache_hit":false,"encontrado":false}}
[2026-06-05T20:12:20.188Z] [INFO] Enriquecimento concluido {"importacao_id":62,"item_id":1036888,"ean":"7897076909893","enriched":false,"requires_approval":true,"fontes_consultadas":{"convertize_busca":false,"convertize_busca_error":null,"convertize_detalhe":false,"farmaindex_busca":false,"farmaindex_busca_error":null,"farmaindex_detalhe":false,"drogasil_busca":false,"drogasil_busca_error":null,"drogasil_detalhe":false,"cache_hit":false,"encontrado":false}}
[2026-06-05T20:12:20.345Z] [INFO] Consumidor retirou lote do staging de trier {"importacao_id":62,"staged_itens_lote":4,"staged_itens_restantes":19864,"sample_eans":["7896004818320","7897076907967","7897076908100","7897076907943"]}
[2026-06-05T20:12:20.348Z] [INFO] Iniciando checagem de existencia no Banco Unico {"total_eans_consulta":4,"batches":1,"batch_size":100,"sample_eans":["7896004818320","7897076907967","7897076908100","7897076907943"]}
[2026-06-05T20:12:20.348Z] [INFO] Consultando batch de EANs no Banco Unico {"batch_index":1,"batch_total":1,"eans_no_batch":4,"sample_eans":["7896004818320","7897076907967","7897076908100","7897076907943"]}
[2026-06-05T20:12:20.378Z] [INFO] Resultado do batch consultado no Banco Unico {"batch_index":1,"encontrados":0,"faltantes":4,"found_eans_sample":[]}
[2026-06-05T20:12:20.379Z] [INFO] Checagem de existencia no Banco Unico concluida {"total_consultados":4,"total_existentes":0,"total_ausentes":4,"existing_eans_sample":[]}
[2026-06-05T20:12:20.380Z] [INFO] Resumo da triagem antes do enriquecimento {"importacao_id":62,"staged_total":4,"validos_unicos":4,"invalidos":0,"duplicados_no_lote":0,"existentes_no_banco_unico":0,"elegiveis_enriquecimento":4,"sample_eans_elegiveis":["7896004818320","7897076907967","7897076908100","7897076907943"],"acumulado":{"invalidos":0,"duplicados_no_lote":0,"existentes_no_banco_unico":32,"elegiveis_processamento":84}}
[2026-06-05T20:12:20.426Z] [INFO] Iniciando enriquecimento externo {"importacao_id":62,"item_id":1036879,"ean":"7897076908100"}
[2026-06-05T20:12:20.431Z] [INFO] Iniciando enriquecimento externo {"importacao_id":62,"item_id":1036885,"ean":"7896004818320"}
[2026-06-05T20:12:20.435Z] [INFO] Iniciando enriquecimento externo {"importacao_id":62,"item_id":1036886,"ean":"7897076907967"}
[2026-06-05T20:12:20.437Z] [INFO] Iniciando enriquecimento externo {"importacao_id":62,"item_id":1036877,"ean":"7897076907943"}
[2026-06-05T20:12:21.064Z] [INFO] Pagina armazenada em staging para trier {"importacao_id":62,"pagina":21,"staged_itens_pagina":999,"staged_itens_total":20979,"itens_aguardando_consumidor":20863,"sample_eans":["7896622301228","7896622301068","7896622302478","7896622300702","7896622301532","7891317006587","7899026400900","7896622300740","7896622301136","7896622302690"]}
[2026-06-05T20:12:21.100Z] [INFO] Buscando pagina de produtos na trier {"importacao_id":62,"pagina":22,"primeiro_registro":20979,"quantidade_registros":999,"ativo":null,"integracao_ecommerce":null,"processa_custo_medio":false}
[2026-06-05T20:12:21.849Z] [INFO] Enriquecimento concluido {"importacao_id":62,"item_id":1036879,"ean":"7897076908100","enriched":false,"requires_approval":true,"fontes_consultadas":{"convertize_busca":false,"convertize_busca_error":null,"convertize_detalhe":false,"farmaindex_busca":false,"farmaindex_busca_error":null,"farmaindex_detalhe":false,"drogasil_busca":false,"drogasil_busca_error":null,"drogasil_detalhe":false,"cache_hit":false,"encontrado":false}}
[2026-06-05T20:12:21.928Z] [INFO] Enriquecimento concluido {"importacao_id":62,"item_id":1036877,"ean":"7897076907943","enriched":false,"requires_approval":true,"fontes_consultadas":{"convertize_busca":false,"convertize_busca_error":null,"convertize_detalhe":false,"farmaindex_busca":false,"farmaindex_busca_error":null,"farmaindex_detalhe":false,"drogasil_busca":false,"drogasil_busca_error":null,"drogasil_detalhe":false,"cache_hit":false,"encontrado":false}}
[2026-06-05T20:12:22.068Z] [INFO] Enriquecimento concluido {"importacao_id":62,"item_id":1036885,"ean":"7896004818320","enriched":false,"requires_approval":true,"fontes_consultadas":{"convertize_busca":false,"convertize_busca_error":null,"convertize_detalhe":false,"farmaindex_busca":false,"farmaindex_busca_error":null,"farmaindex_detalhe":false,"drogasil_busca":false,"drogasil_busca_error":null,"drogasil_detalhe":false,"cache_hit":false,"encontrado":false}}
[2026-06-05T20:12:22.076Z] [INFO] Enriquecimento concluido {"importacao_id":62,"item_id":1036886,"ean":"7897076907967","enriched":false,"requires_approval":true,"fontes_consultadas":{"convertize_busca":false,"convertize_busca_error":null,"convertize_detalhe":false,"farmaindex_busca":false,"farmaindex_busca_error":null,"farmaindex_detalhe":false,"drogasil_busca":false,"drogasil_busca_error":null,"drogasil_detalhe":false,"cache_hit":false,"encontrado":false}}
[2026-06-05T20:12:22.181Z] [INFO] Consumidor retirou lote do staging de trier {"importacao_id":62,"staged_itens_lote":4,"staged_itens_restantes":20859,"sample_eans":["7897076908117","7897076908124","7897076906595","7897076909206"]}
[2026-06-05T20:12:22.184Z] [INFO] Iniciando checagem de existencia no Banco Unico {"total_eans_consulta":4,"batches":1,"batch_size":100,"sample_eans":["7897076908117","7897076908124","7897076906595","7897076909206"]}
[2026-06-05T20:12:22.186Z] [INFO] Consultando batch de EANs no Banco Unico {"batch_index":1,"batch_total":1,"eans_no_batch":4,"sample_eans":["7897076908117","7897076908124","7897076906595","7897076909206"]}
[2026-06-05T20:12:22.215Z] [INFO] Resultado do batch consultado no Banco Unico {"batch_index":1,"encontrados":0,"faltantes":4,"found_eans_sample":[]}
[2026-06-05T20:12:22.216Z] [INFO] Checagem de existencia no Banco Unico concluida {"total_consultados":4,"total_existentes":0,"total_ausentes":4,"existing_eans_sample":[]}
[2026-06-05T20:12:22.217Z] [INFO] Resumo da triagem antes do enriquecimento {"importacao_id":62,"staged_total":4,"validos_unicos":4,"invalidos":0,"duplicados_no_lote":0,"existentes_no_banco_unico":0,"elegiveis_enriquecimento":4,"sample_eans_elegiveis":["7897076908117","7897076908124","7897076906595","7897076909206"],"acumulado":{"invalidos":0,"duplicados_no_lote":0,"existentes_no_banco_unico":32,"elegiveis_processamento":88}}
[2026-06-05T20:12:22.253Z] [INFO] Pagina retornada pela trier {"importacao_id":62,"pagina":22,"endpoint":"/rest/integracao/produto/obter-todos-v1","quantidade_itens":999,"total":999}
[2026-06-05T20:12:22.254Z] [INFO] Iniciando enriquecimento externo {"importacao_id":62,"item_id":1036882,"ean":"7897076906595"}
[2026-06-05T20:12:22.257Z] [INFO] Iniciando enriquecimento externo {"importacao_id":62,"item_id":1036883,"ean":"7897076909206"}
[2026-06-05T20:12:22.261Z] [INFO] Iniciando enriquecimento externo {"importacao_id":62,"item_id":1036878,"ean":"7897076908117"}
[2026-06-05T20:12:22.270Z] [INFO] Iniciando enriquecimento externo {"importacao_id":62,"item_id":1036880,"ean":"7897076908124"}
[2026-06-05T20:12:23.485Z] [INFO] Enriquecimento concluido {"importacao_id":62,"item_id":1036883,"ean":"7897076909206","enriched":false,"requires_approval":true,"fontes_consultadas":{"convertize_busca":false,"convertize_busca_error":null,"convertize_detalhe":false,"farmaindex_busca":false,"farmaindex_busca_error":null,"farmaindex_detalhe":false,"drogasil_busca":false,"drogasil_busca_error":null,"drogasil_detalhe":false,"cache_hit":false,"encontrado":false}}
[2026-06-05T20:12:23.590Z] [INFO] Enriquecimento concluido {"importacao_id":62,"item_id":1036882,"ean":"7897076906595","enriched":false,"requires_approval":true,"fontes_consultadas":{"convertize_busca":false,"convertize_busca_error":null,"convertize_detalhe":false,"farmaindex_busca":false,"farmaindex_busca_error":null,"farmaindex_detalhe":false,"drogasil_busca":false,"drogasil_busca_error":null,"drogasil_detalhe":false,"cache_hit":false,"encontrado":false}}
[2026-06-05T20:12:23.613Z] [INFO] Enriquecimento concluido {"importacao_id":62,"item_id":1036880,"ean":"7897076908124","enriched":false,"requires_approval":true,"fontes_consultadas":{"convertize_busca":false,"convertize_busca_error":null,"convertize_detalhe":false,"farmaindex_busca":false,"farmaindex_busca_error":null,"farmaindex_detalhe":false,"drogasil_busca":false,"drogasil_busca_error":null,"drogasil_detalhe":false,"cache_hit":false,"encontrado":false}}
[2026-06-05T20:12:23.788Z] [INFO] Enriquecimento concluido {"importacao_id":62,"item_id":1036878,"ean":"7897076908117","enriched":false,"requires_approval":true,"fontes_consultadas":{"convertize_busca":false,"convertize_busca_error":null,"convertize_detalhe":false,"farmaindex_busca":false,"farmaindex_busca_error":null,"farmaindex_detalhe":false,"drogasil_busca":false,"drogasil_busca_error":null,"drogasil_detalhe":false,"cache_hit":false,"encontrado":false}}
[2026-06-05T20:12:23.896Z] [INFO] Consumidor retirou lote do staging de trier {"importacao_id":62,"staged_itens_lote":4,"staged_itens_restantes":20855,"sample_eans":["7897076906472","7897076906816","7896018700116","7896004818313"]}
[2026-06-05T20:12:23.897Z] [INFO] Iniciando checagem de existencia no Banco Unico {"total_eans_consulta":4,"batches":1,"batch_size":100,"sample_eans":["7897076906472","7897076906816","7896018700116","7896004818313"]}
[2026-06-05T20:12:23.898Z] [INFO] Consultando batch de EANs no Banco Unico {"batch_index":1,"batch_total":1,"eans_no_batch":4,"sample_eans":["7897076906472","7897076906816","7896018700116","7896004818313"]}
[2026-06-05T20:12:23.928Z] [INFO] Resultado do batch consultado no Banco Unico {"batch_index":1,"encontrados":0,"faltantes":4,"found_eans_sample":[]}
[2026-06-05T20:12:23.929Z] [INFO] Checagem de existencia no Banco Unico concluida {"total_consultados":4,"total_existentes":0,"total_ausentes":4,"existing_eans_sample":[]}
[2026-06-05T20:12:23.930Z] [INFO] Resumo da triagem antes do enriquecimento {"importacao_id":62,"staged_total":4,"validos_unicos":4,"invalidos":0,"duplicados_no_lote":0,"existentes_no_banco_unico":0,"elegiveis_enriquecimento":4,"sample_eans_elegiveis":["7897076906472","7897076906816","7896018700116","7896004818313"],"acumulado":{"invalidos":0,"duplicados_no_lote":0,"existentes_no_banco_unico":32,"elegiveis_processamento":92}}
[2026-06-05T20:12:23.969Z] [INFO] Iniciando enriquecimento externo {"importacao_id":62,"item_id":1036884,"ean":"7897076906472"}
[2026-06-05T20:12:23.972Z] [INFO] Iniciando enriquecimento externo {"importacao_id":62,"item_id":1036892,"ean":"7897076906816"}
[2026-06-05T20:12:23.977Z] [INFO] Iniciando enriquecimento externo {"importacao_id":62,"item_id":1036896,"ean":"7896004818313"}
[2026-06-05T20:12:23.979Z] [INFO] Iniciando enriquecimento externo {"importacao_id":62,"item_id":1036890,"ean":"7896018700116"}
[2026-06-05T20:12:24.076Z] [INFO] Pagina armazenada em staging para trier {"importacao_id":62,"pagina":22,"staged_itens_pagina":999,"staged_itens_total":21978,"itens_aguardando_consumidor":21854,"sample_eans":["7896181905912","7897517907426","7896261009998","7896261010987","7896261005235","7896261005228","7896261010062","7896261010079","7896261010086","7896261005082"]}
[2026-06-05T20:12:24.077Z] [INFO] Buscando pagina de produtos na trier {"importacao_id":62,"pagina":23,"primeiro_registro":21978,"quantidade_registros":999,"ativo":null,"integracao_ecommerce":null,"processa_custo_medio":false}
[2026-06-05T20:12:25.201Z] [INFO] Enriquecimento concluido {"importacao_id":62,"item_id":1036890,"ean":"7896018700116","enriched":false,"requires_approval":true,"fontes_consultadas":{"convertize_busca":false,"convertize_busca_error":null,"convertize_detalhe":false,"farmaindex_busca":false,"farmaindex_busca_error":null,"farmaindex_detalhe":false,"drogasil_busca":false,"drogasil_busca_error":null,"drogasil_detalhe":false,"cache_hit":false,"encontrado":false}}
[2026-06-05T20:12:25.212Z] [INFO] Enriquecimento concluido {"importacao_id":62,"item_id":1036884,"ean":"7897076906472","enriched":false,"requires_approval":true,"fontes_consultadas":{"convertize_busca":false,"convertize_busca_error":null,"convertize_detalhe":false,"farmaindex_busca":false,"farmaindex_busca_error":null,"farmaindex_detalhe":false,"drogasil_busca":false,"drogasil_busca_error":null,"drogasil_detalhe":false,"cache_hit":false,"encontrado":false}}
[2026-06-05T20:12:25.432Z] [INFO] Pagina retornada pela trier {"importacao_id":62,"pagina":23,"endpoint":"/rest/integracao/produto/obter-todos-v1","quantidade_itens":999,"total":999}
[2026-06-05T20:12:25.745Z] [INFO] Enriquecimento concluido {"importacao_id":62,"item_id":1036896,"ean":"7896004818313","enriched":false,"requires_approval":true,"fontes_consultadas":{"convertize_busca":false,"convertize_busca_error":null,"convertize_detalhe":false,"farmaindex_busca":false,"farmaindex_busca_error":null,"farmaindex_detalhe":false,"drogasil_busca":false,"drogasil_busca_error":null,"drogasil_detalhe":false,"cache_hit":false,"encontrado":false}}
[2026-06-05T20:12:25.912Z] [INFO] Enriquecimento concluido {"importacao_id":62,"item_id":1036892,"ean":"7897076906816","enriched":false,"requires_approval":true,"fontes_consultadas":{"convertize_busca":false,"convertize_busca_error":null,"convertize_detalhe":false,"farmaindex_busca":false,"farmaindex_busca_error":null,"farmaindex_detalhe":false,"drogasil_busca":false,"drogasil_busca_error":null,"drogasil_detalhe":false,"cache_hit":false,"encontrado":false}}
[2026-06-05T20:12:26.040Z] [INFO] Consumidor retirou lote do staging de trier {"importacao_id":62,"staged_itens_lote":4,"staged_itens_restantes":21850,"sample_eans":["7896018700154","7897076907004","5702157151905"]}
[2026-06-05T20:12:26.041Z] [INFO] Iniciando checagem de existencia no Banco Unico {"total_eans_consulta":3,"batches":1,"batch_size":100,"sample_eans":["7896018700154","7897076907004","5702157151905"]}
[2026-06-05T20:12:26.042Z] [INFO] Consultando batch de EANs no Banco Unico {"batch_index":1,"batch_total":1,"eans_no_batch":3,"sample_eans":["7896018700154","7897076907004","5702157151905"]}
[2026-06-05T20:12:26.072Z] [INFO] Resultado do batch consultado no Banco Unico {"batch_index":1,"encontrados":1,"faltantes":2,"found_eans_sample":["5702157151905"]}
[2026-06-05T20:12:26.073Z] [INFO] Checagem de existencia no Banco Unico concluida {"total_consultados":3,"total_existentes":1,"total_ausentes":2,"existing_eans_sample":["5702157151905"]}
[2026-06-05T20:12:26.145Z] [INFO] Resumo da triagem antes do enriquecimento {"importacao_id":62,"staged_total":4,"validos_unicos":3,"invalidos":1,"duplicados_no_lote":0,"existentes_no_banco_unico":1,"elegiveis_enriquecimento":3,"sample_eans_elegiveis":["7896018700154","7897076907004"],"acumulado":{"invalidos":1,"duplicados_no_lote":0,"existentes_no_banco_unico":33,"elegiveis_processamento":95}}
[2026-06-05T20:12:26.184Z] [INFO] Iniciando enriquecimento externo {"importacao_id":62,"item_id":1036893,"ean":"7896018700154"}
[2026-06-05T20:12:26.186Z] [INFO] Iniciando enriquecimento externo {"importacao_id":62,"item_id":1036894,"ean":"7897076907004"}
[2026-06-05T20:12:27.279Z] [INFO] Pagina armazenada em staging para trier {"importacao_id":62,"pagina":23,"staged_itens_pagina":999,"staged_itens_total":22977,"itens_aguardando_consumidor":22849,"sample_eans":["4015630001620","7896014131433","4015630901234","4015630908196","4015630901227","4015630004515","4015630003419","4015630002498","4015630003426","4015630004027"]}
[2026-06-05T20:12:27.337Z] [INFO] Buscando pagina de produtos na trier {"importacao_id":62,"pagina":24,"primeiro_registro":22977,"quantidade_registros":999,"ativo":null,"integracao_ecommerce":null,"processa_custo_medio":false}
[2026-06-05T20:12:27.604Z] [INFO] Enriquecimento concluido {"importacao_id":62,"item_id":1036893,"ean":"7896018700154","enriched":false,"requires_approval":true,"fontes_consultadas":{"convertize_busca":false,"convertize_busca_error":null,"convertize_detalhe":false,"farmaindex_busca":false,"farmaindex_busca_error":null,"farmaindex_detalhe":false,"drogasil_busca":false,"drogasil_busca_error":null,"drogasil_detalhe":false,"cache_hit":false,"encontrado":false}}
[2026-06-05T20:12:27.687Z] [INFO] Enriquecimento concluido {"importacao_id":62,"item_id":1036894,"ean":"7897076907004","enriched":false,"requires_approval":true,"fontes_consultadas":{"convertize_busca":false,"convertize_busca_error":null,"convertize_detalhe":false,"farmaindex_busca":false,"farmaindex_busca_error":null,"farmaindex_detalhe":false,"drogasil_busca":false,"drogasil_busca_error":null,"drogasil_detalhe":false,"cache_hit":false,"encontrado":false}}
[2026-06-05T20:12:27.786Z] [INFO] Consumidor retirou lote do staging de trier {"importacao_id":62,"staged_itens_lote":4,"staged_itens_restantes":22845,"sample_eans":["7896916760953","7896641804151","7896317888805"]}
[2026-06-05T20:12:27.786Z] [INFO] Iniciando checagem de existencia no Banco Unico {"total_eans_consulta":3,"batches":1,"batch_size":100,"sample_eans":["7896916760953","7896641804151","7896317888805"]}
[2026-06-05T20:12:27.787Z] [INFO] Consultando batch de EANs no Banco Unico {"batch_index":1,"batch_total":1,"eans_no_batch":3,"sample_eans":["7896916760953","7896641804151","7896317888805"]}
[2026-06-05T20:12:27.815Z] [INFO] Resultado do batch consultado no Banco Unico {"batch_index":1,"encontrados":0,"faltantes":3,"found_eans_sample":[]}
[2026-06-05T20:12:27.816Z] [INFO] Checagem de existencia no Banco Unico concluida {"total_consultados":3,"total_existentes":0,"total_ausentes":3,"existing_eans_sample":[]}
[2026-06-05T20:12:27.817Z] [INFO] Resumo da triagem antes do enriquecimento {"importacao_id":62,"staged_total":4,"validos_unicos":3,"invalidos":1,"duplicados_no_lote":0,"existentes_no_banco_unico":0,"elegiveis_enriquecimento":4,"sample_eans_elegiveis":["7896916760953","7896641804151","7896317888805"],"acumulado":{"invalidos":2,"duplicados_no_lote":0,"existentes_no_banco_unico":33,"elegiveis_processamento":99}}
[2026-06-05T20:12:27.850Z] [INFO] Iniciando enriquecimento externo {"importacao_id":62,"item_id":1036899,"ean":"7896317888805"}
[2026-06-05T20:12:27.852Z] [INFO] Iniciando enriquecimento externo {"importacao_id":62,"item_id":1036898,"ean":"7896916760953"}
[2026-06-05T20:12:27.855Z] [INFO] Iniciando enriquecimento externo {"importacao_id":62,"item_id":1036901,"ean":"7896641804151"}
[2026-06-05T20:12:28.744Z] [INFO] Pagina retornada pela trier {"importacao_id":62,"pagina":24,"endpoint":"/rest/integracao/produto/obter-todos-v1","quantidade_itens":999,"total":999}
[2026-06-05T20:12:29.110Z] [INFO] Enriquecimento concluido {"importacao_id":62,"item_id":1036899,"ean":"7896317888805","enriched":false,"requires_approval":true,"fontes_consultadas":{"convertize_busca":false,"convertize_busca_error":null,"convertize_detalhe":false,"farmaindex_busca":false,"farmaindex_busca_error":null,"farmaindex_detalhe":false,"drogasil_busca":false,"drogasil_busca_error":null,"drogasil_detalhe":false,"cache_hit":false,"encontrado":false}}
[2026-06-05T20:12:29.452Z] [INFO] Enriquecimento concluido {"importacao_id":62,"item_id":1036898,"ean":"7896916760953","enriched":false,"requires_approval":true,"fontes_consultadas":{"convertize_busca":false,"convertize_busca_error":null,"convertize_detalhe":false,"farmaindex_busca":false,"farmaindex_busca_error":null,"farmaindex_detalhe":false,"drogasil_busca":false,"drogasil_busca_error":null,"drogasil_detalhe":false,"cache_hit":false,"encontrado":false}}
[2026-06-05T20:12:29.936Z] [INFO] Enriquecimento concluido {"importacao_id":62,"item_id":1036901,"ean":"7896641804151","enriched":false,"requires_approval":true,"fontes_consultadas":{"convertize_busca":false,"convertize_busca_error":null,"convertize_detalhe":false,"farmaindex_busca":false,"farmaindex_busca_error":null,"farmaindex_detalhe":false,"drogasil_busca":false,"drogasil_busca_error":null,"drogasil_detalhe":false,"cache_hit":false,"encontrado":false}}
[2026-06-05T20:12:30.065Z] [INFO] Consumidor retirou lote do staging de trier {"importacao_id":62,"staged_itens_lote":4,"staged_itens_restantes":22841,"sample_eans":["7896085840333","7896014102488","7896212426713","7896085840326"]}
[2026-06-05T20:12:30.066Z] [INFO] Iniciando checagem de existencia no Banco Unico {"total_eans_consulta":4,"batches":1,"batch_size":100,"sample_eans":["7896085840333","7896014102488","7896212426713","7896085840326"]}
[2026-06-05T20:12:30.067Z] [INFO] Consultando batch de EANs no Banco Unico {"batch_index":1,"batch_total":1,"eans_no_batch":4,"sample_eans":["7896085840333","7896014102488","7896212426713","7896085840326"]}
[2026-06-05T20:12:30.098Z] [INFO] Resultado do batch consultado no Banco Unico {"batch_index":1,"encontrados":1,"faltantes":3,"found_eans_sample":["7896212426713"]}
[2026-06-05T20:12:30.099Z] [INFO] Checagem de existencia no Banco Unico concluida {"total_consultados":4,"total_existentes":1,"total_ausentes":3,"existing_eans_sample":["7896212426713"]}
[2026-06-05T20:12:30.180Z] [INFO] Resumo da triagem antes do enriquecimento {"importacao_id":62,"staged_total":4,"validos_unicos":4,"invalidos":0,"duplicados_no_lote":0,"existentes_no_banco_unico":1,"elegiveis_enriquecimento":3,"sample_eans_elegiveis":["7896085840333","7896014102488","7896085840326"],"acumulado":{"invalidos":2,"duplicados_no_lote":0,"existentes_no_banco_unico":34,"elegiveis_processamento":102}}
[2026-06-05T20:12:30.219Z] [INFO] Iniciando enriquecimento externo {"importacao_id":62,"item_id":1036904,"ean":"7896085840326"}
[2026-06-05T20:12:30.223Z] [INFO] Iniciando enriquecimento externo {"importacao_id":62,"item_id":1036906,"ean":"7896085840333"}
[2026-06-05T20:12:30.229Z] [INFO] Iniciando enriquecimento externo {"importacao_id":62,"item_id":1036905,"ean":"7896014102488"}
[2026-06-05T20:12:30.477Z] [INFO] Pagina armazenada em staging para trier {"importacao_id":62,"pagina":24,"staged_itens_pagina":999,"staged_itens_total":23976,"itens_aguardando_consumidor":23840,"sample_eans":["7897655040542","7897655401657","7897655401671","7897655402012","7897655402074","7897595902191","7897655401732","7897655401749","7897655401756","7897655041600"]}
[2026-06-05T20:12:30.477Z] [INFO] Buscando pagina de produtos na trier {"importacao_id":62,"pagina":25,"primeiro_registro":23976,"quantidade_registros":999,"ativo":null,"integracao_ecommerce":null,"processa_custo_medio":false}
[2026-06-05T20:12:31.269Z] [INFO] Enriquecimento concluido {"importacao_id":62,"item_id":1036904,"ean":"7896085840326","enriched":false,"requires_approval":true,"fontes_consultadas":{"convertize_busca":false,"convertize_busca_error":null,"convertize_detalhe":false,"farmaindex_busca":false,"farmaindex_busca_error":null,"farmaindex_detalhe":false,"drogasil_busca":false,"drogasil_busca_error":null,"drogasil_detalhe":false,"cache_hit":false,"encontrado":false}}
[2026-06-05T20:12:31.455Z] [INFO] Enriquecimento concluido {"importacao_id":62,"item_id":1036906,"ean":"7896085840333","enriched":false,"requires_approval":true,"fontes_consultadas":{"convertize_busca":false,"convertize_busca_error":null,"convertize_detalhe":false,"farmaindex_busca":false,"farmaindex_busca_error":null,"farmaindex_detalhe":false,"drogasil_busca":false,"drogasil_busca_error":null,"drogasil_detalhe":false,"cache_hit":false,"encontrado":false}}
[2026-06-05T20:12:31.922Z] [INFO] Pagina retornada pela trier {"importacao_id":62,"pagina":25,"endpoint":"/rest/integracao/produto/obter-todos-v1","quantidade_itens":999,"total":999}
[2026-06-05T20:12:32.375Z] [INFO] Enriquecimento concluido {"importacao_id":62,"item_id":1036905,"ean":"7896014102488","enriched":false,"requires_approval":true,"fontes_consultadas":{"convertize_busca":false,"convertize_busca_error":null,"convertize_detalhe":false,"farmaindex_busca":false,"farmaindex_busca_error":null,"farmaindex_detalhe":false,"drogasil_busca":false,"drogasil_busca_error":null,"drogasil_detalhe":false,"cache_hit":false,"encontrado":false}}
[2026-06-05T20:12:32.521Z] [INFO] Consumidor retirou lote do staging de trier {"importacao_id":62,"staged_itens_lote":4,"staged_itens_restantes":23836,"sample_eans":["7896085840340","7891024182970","7891024185070","7891024184271"]}
[2026-06-05T20:12:32.522Z] [INFO] Iniciando checagem de existencia no Banco Unico {"total_eans_consulta":4,"batches":1,"batch_size":100,"sample_eans":["7896085840340","7891024182970","7891024185070","7891024184271"]}
[2026-06-05T20:12:32.523Z] [INFO] Consultando batch de EANs no Banco Unico {"batch_index":1,"batch_total":1,"eans_no_batch":4,"sample_eans":["7896085840340","7891024182970","7891024185070","7891024184271"]}
[2026-06-05T20:12:32.561Z] [INFO] Resultado do batch consultado no Banco Unico {"batch_index":1,"encontrados":2,"faltantes":2,"found_eans_sample":["7891024182970","7891024184271"]}
[2026-06-05T20:12:32.562Z] [INFO] Checagem de existencia no Banco Unico concluida {"total_consultados":4,"total_existentes":2,"total_ausentes":2,"existing_eans_sample":["7891024182970","7891024184271"]}
[2026-06-05T20:12:32.721Z] [INFO] Resumo da triagem antes do enriquecimento {"importacao_id":62,"staged_total":4,"validos_unicos":4,"invalidos":0,"duplicados_no_lote":0,"existentes_no_banco_unico":2,"elegiveis_enriquecimento":2,"sample_eans_elegiveis":["7896085840340","7891024185070"],"acumulado":{"invalidos":2,"duplicados_no_lote":0,"existentes_no_banco_unico":36,"elegiveis_processamento":104}}
[2026-06-05T20:12:32.758Z] [INFO] Iniciando enriquecimento externo {"importacao_id":62,"item_id":1036907,"ean":"7896085840340"}
[2026-06-05T20:12:32.769Z] [INFO] Iniciando enriquecimento externo {"importacao_id":62,"item_id":1036908,"ean":"7891024185070"}
[2026-06-05T20:12:33.663Z] [INFO] Pagina armazenada em staging para trier {"importacao_id":62,"pagina":25,"staged_itens_pagina":999,"staged_itens_total":24975,"itens_aguardando_consumidor":24835,"sample_eans":["7896523209111","7898357410039","7891058013394","7899095233027","7899095233034","7896658007170","7891721200915","7896000704832","7896422516877","7896422517195"]}
[2026-06-05T20:12:33.665Z] [INFO] Buscando pagina de produtos na trier {"importacao_id":62,"pagina":26,"primeiro_registro":24975,"quantidade_registros":999,"ativo":null,"integracao_ecommerce":null,"processa_custo_medio":false}
[2026-06-05T20:12:34.388Z] [INFO] Enriquecimento concluido {"importacao_id":62,"item_id":1036908,"ean":"7891024185070","enriched":false,"requires_approval":true,"fontes_consultadas":{"convertize_busca":false,"convertize_busca_error":null,"convertize_detalhe":false,"farmaindex_busca":false,"farmaindex_busca_error":null,"farmaindex_detalhe":false,"drogasil_busca":false,"drogasil_busca_error":null,"drogasil_detalhe":false,"cache_hit":false,"encontrado":false}}
[2026-06-05T20:12:34.551Z] [INFO] Enriquecimento concluido {"importacao_id":62,"item_id":1036907,"ean":"7896085840340","enriched":false,"requires_approval":true,"fontes_consultadas":{"convertize_busca":false,"convertize_busca_error":null,"convertize_detalhe":false,"farmaindex_busca":false,"farmaindex_busca_error":null,"farmaindex_detalhe":false,"drogasil_busca":false,"drogasil_busca_error":null,"drogasil_detalhe":false,"cache_hit":false,"encontrado":false}}
[2026-06-05T20:12:34.657Z] [INFO] Consumidor retirou lote do staging de trier {"importacao_id":62,"staged_itens_lote":4,"staged_itens_restantes":24831,"sample_eans":["7891024182475","7891024180877","7891058221065","7891024180976"]}
[2026-06-05T20:12:34.659Z] [INFO] Iniciando checagem de existencia no Banco Unico {"total_eans_consulta":4,"batches":1,"batch_size":100,"sample_eans":["7891024182475","7891024180877","7891058221065","7891024180976"]}
[2026-06-05T20:12:34.659Z] [INFO] Consultando batch de EANs no Banco Unico {"batch_index":1,"batch_total":1,"eans_no_batch":4,"sample_eans":["7891024182475","7891024180877","7891058221065","7891024180976"]}
[2026-06-05T20:12:34.695Z] [INFO] Resultado do batch consultado no Banco Unico {"batch_index":1,"encontrados":2,"faltantes":2,"found_eans_sample":["7891024182475","7891024180877"]}
[2026-06-05T20:12:34.696Z] [INFO] Checagem de existencia no Banco Unico concluida {"total_consultados":4,"total_existentes":2,"total_ausentes":2,"existing_eans_sample":["7891024182475","7891024180877"]}
[2026-06-05T20:12:34.858Z] [INFO] Resumo da triagem antes do enriquecimento {"importacao_id":62,"staged_total":4,"validos_unicos":4,"invalidos":0,"duplicados_no_lote":0,"existentes_no_banco_unico":2,"elegiveis_enriquecimento":2,"sample_eans_elegiveis":["7891058221065","7891024180976"],"acumulado":{"invalidos":2,"duplicados_no_lote":0,"existentes_no_banco_unico":38,"elegiveis_processamento":106}}
[2026-06-05T20:12:34.890Z] [INFO] Iniciando enriquecimento externo {"importacao_id":62,"item_id":1036914,"ean":"7891058221065"}
[2026-06-05T20:12:34.894Z] [INFO] Iniciando enriquecimento externo {"importacao_id":62,"item_id":1036911,"ean":"7891024180976"}
[2026-06-05T20:12:35.146Z] [INFO] Pagina retornada pela trier {"importacao_id":62,"pagina":26,"endpoint":"/rest/integracao/produto/obter-todos-v1","quantidade_itens":999,"total":999}
[2026-06-05T20:12:36.051Z] [INFO] Enriquecimento concluido {"importacao_id":62,"item_id":1036914,"ean":"7891058221065","enriched":false,"requires_approval":true,"fontes_consultadas":{"convertize_busca":false,"convertize_busca_error":null,"convertize_detalhe":false,"farmaindex_busca":false,"farmaindex_busca_error":null,"farmaindex_detalhe":false,"drogasil_busca":false,"drogasil_busca_error":null,"drogasil_detalhe":false,"cache_hit":false,"encontrado":false}}
[2026-06-05T20:12:36.274Z] [INFO] Enriquecimento concluido {"importacao_id":62,"item_id":1036911,"ean":"7891024180976","enriched":false,"requires_approval":true,"fontes_consultadas":{"convertize_busca":false,"convertize_busca_error":null,"convertize_detalhe":false,"farmaindex_busca":false,"farmaindex_busca_error":null,"farmaindex_detalhe":false,"drogasil_busca":false,"drogasil_busca_error":null,"drogasil_detalhe":false,"cache_hit":false,"encontrado":false}}
[2026-06-05T20:12:36.394Z] [INFO] Consumidor retirou lote do staging de trier {"importacao_id":62,"staged_itens_lote":4,"staged_itens_restantes":24827,"sample_eans":["7891024181072","7896212416929","7891528011837","7891528011844"]}
[2026-06-05T20:12:36.395Z] [INFO] Iniciando checagem de existencia no Banco Unico {"total_eans_consulta":4,"batches":1,"batch_size":100,"sample_eans":["7891024181072","7896212416929","7891528011837","7891528011844"]}
[2026-06-05T20:12:36.396Z] [INFO] Consultando batch de EANs no Banco Unico {"batch_index":1,"batch_total":1,"eans_no_batch":4,"sample_eans":["7891024181072","7896212416929","7891528011837","7891528011844"]}
[2026-06-05T20:12:36.433Z] [INFO] Resultado do batch consultado no Banco Unico {"batch_index":1,"encontrados":1,"faltantes":3,"found_eans_sample":["7891024181072"]}
[2026-06-05T20:12:36.434Z] [INFO] Checagem de existencia no Banco Unico concluida {"total_consultados":4,"total_existentes":1,"total_ausentes":3,"existing_eans_sample":["7891024181072"]}
[2026-06-05T20:12:36.524Z] [INFO] Resumo da triagem antes do enriquecimento {"importacao_id":62,"staged_total":4,"validos_unicos":4,"invalidos":0,"duplicados_no_lote":0,"existentes_no_banco_unico":1,"elegiveis_enriquecimento":3,"sample_eans_elegiveis":["7896212416929","7891528011837","7891528011844"],"acumulado":{"invalidos":2,"duplicados_no_lote":0,"existentes_no_banco_unico":39,"elegiveis_processamento":109}}
[2026-06-05T20:12:36.565Z] [INFO] Iniciando enriquecimento externo {"importacao_id":62,"item_id":1036917,"ean":"7891528011837"}
[2026-06-05T20:12:36.568Z] [INFO] Iniciando enriquecimento externo {"importacao_id":62,"item_id":1036915,"ean":"7896212416929"}
[2026-06-05T20:12:36.576Z] [INFO] Iniciando enriquecimento externo {"importacao_id":62,"item_id":1036916,"ean":"7891528011844"}
[2026-06-05T20:12:36.831Z] [INFO] Pagina armazenada em staging para trier {"importacao_id":62,"pagina":26,"staged_itens_pagina":999,"staged_itens_total":25974,"itens_aguardando_consumidor":25826,"sample_eans":["7896015530402","7896206401429","7896658005336","7896070601765","7896016802010","7896206400897","7891317007584","7897316804261","7891176114324","7891176134148"]}
[2026-06-05T20:12:36.832Z] [INFO] Buscando pagina de produtos na trier {"importacao_id":62,"pagina":27,"primeiro_registro":25974,"quantidade_registros":999,"ativo":null,"integracao_ecommerce":null,"processa_custo_medio":false}
[2026-06-05T20:12:37.816Z] [INFO] Enriquecimento concluido {"importacao_id":62,"item_id":1036917,"ean":"7891528011837","enriched":false,"requires_approval":true,"fontes_consultadas":{"convertize_busca":false,"convertize_busca_error":null,"convertize_detalhe":false,"farmaindex_busca":false,"farmaindex_busca_error":null,"farmaindex_detalhe":false,"drogasil_busca":false,"drogasil_busca_error":null,"drogasil_detalhe":false,"cache_hit":false,"encontrado":false}}
[2026-06-05T20:12:38.348Z] [INFO] Pagina retornada pela trier {"importacao_id":62,"pagina":27,"endpoint":"/rest/integracao/produto/obter-todos-v1","quantidade_itens":999,"total":999}
[2026-06-05T20:12:38.383Z] [INFO] Requisicao recebida {"method":"GET","path":"/imports/62"}
[2026-06-05T20:12:38.416Z] [INFO] Enriquecimento concluido {"importacao_id":62,"item_id":1036916,"ean":"7891528011844","enriched":false,"requires_approval":true,"fontes_consultadas":{"convertize_busca":false,"convertize_busca_error":null,"convertize_detalhe":false,"farmaindex_busca":false,"farmaindex_busca_error":null,"farmaindex_detalhe":false,"drogasil_busca":false,"drogasil_busca_error":null,"drogasil_detalhe":false,"cache_hit":false,"encontrado":false}}
[2026-06-05T20:12:38.499Z] [INFO] Enriquecimento concluido {"importacao_id":62,"item_id":1036915,"ean":"7896212416929","enriched":false,"requires_approval":true,"fontes_consultadas":{"convertize_busca":false,"convertize_busca_error":null,"convertize_detalhe":false,"farmaindex_busca":false,"farmaindex_busca_error":null,"farmaindex_detalhe":false,"drogasil_busca":false,"drogasil_busca_error":null,"drogasil_detalhe":false,"cache_hit":false,"encontrado":false}}
[2026-06-05T20:12:38.648Z] [INFO] Consumidor retirou lote do staging de trier {"importacao_id":62,"staged_itens_lote":4,"staged_itens_restantes":25822,"sample_eans":["7891350026801","7891350027143","7896221801839","7896085813658"]}
[2026-06-05T20:12:38.650Z] [INFO] Iniciando checagem de existencia no Banco Unico {"total_eans_consulta":4,"batches":1,"batch_size":100,"sample_eans":["7891350026801","7891350027143","7896221801839","7896085813658"]}
[2026-06-05T20:12:38.650Z] [INFO] Consultando batch de EANs no Banco Unico {"batch_index":1,"batch_total":1,"eans_no_batch":4,"sample_eans":["7891350026801","7891350027143","7896221801839","7896085813658"]}
[2026-06-05T20:12:38.679Z] [INFO] Resultado do batch consultado no Banco Unico {"batch_index":1,"encontrados":1,"faltantes":3,"found_eans_sample":["7896085813658"]}
[2026-06-05T20:12:38.679Z] [INFO] Checagem de existencia no Banco Unico concluida {"total_consultados":4,"total_existentes":1,"total_ausentes":3,"existing_eans_sample":["7896085813658"]}
[2026-06-05T20:12:38.754Z] [INFO] Resumo da triagem antes do enriquecimento {"importacao_id":62,"staged_total":4,"validos_unicos":4,"invalidos":0,"duplicados_no_lote":0,"existentes_no_banco_unico":1,"elegiveis_enriquecimento":3,"sample_eans_elegiveis":["7891350026801","7891350027143","7896221801839"],"acumulado":{"invalidos":2,"duplicados_no_lote":0,"existentes_no_banco_unico":40,"elegiveis_processamento":112}}
[2026-06-05T20:12:38.803Z] [INFO] Iniciando enriquecimento externo {"importacao_id":62,"item_id":1036925,"ean":"7891350027143"}
[2026-06-05T20:12:38.805Z] [INFO] Iniciando enriquecimento externo {"importacao_id":62,"item_id":1036919,"ean":"7896221801839"}
[2026-06-05T20:12:38.809Z] [INFO] Iniciando enriquecimento externo {"importacao_id":62,"item_id":1036918,"ean":"7891350026801"}
[2026-06-05T20:12:41.285Z] [INFO] Requisicao finalizada {"method":"GET","path":"/imports/62","status":200,"duration_ms":2902}
[2026-06-05T20:12:41.666Z] [INFO] Enriquecimento concluido {"importacao_id":62,"item_id":1036918,"ean":"7891350026801","enriched":false,"requires_approval":true,"fontes_consultadas":{"convertize_busca":false,"convertize_busca_error":null,"convertize_detalhe":false,"farmaindex_busca":false,"farmaindex_busca_error":null,"farmaindex_detalhe":false,"drogasil_busca":false,"drogasil_busca_error":null,"drogasil_detalhe":false,"cache_hit":false,"encontrado":false}}
[2026-06-05T20:12:41.730Z] [INFO] Pagina armazenada em staging para trier {"importacao_id":62,"pagina":27,"staged_itens_pagina":999,"staged_itens_total":26973,"itens_aguardando_consumidor":26821,"sample_eans":["7896013521983","7896226102429","7896206400552","7896044922070","7896027200522","7896027200539","70501016404","70501026106","70501026304","70501026205"]}
[2026-06-05T20:12:41.731Z] [INFO] Buscando pagina de produtos na trier {"importacao_id":62,"pagina":28,"primeiro_registro":26973,"quantidade_registros":999,"ativo":null,"integracao_ecommerce":null,"processa_custo_medio":false}
[2026-06-05T20:12:41.775Z] [INFO] Enriquecimento concluido {"importacao_id":62,"item_id":1036925,"ean":"7891350027143","enriched":false,"requires_approval":true,"fontes_consultadas":{"convertize_busca":false,"convertize_busca_error":null,"convertize_detalhe":false,"farmaindex_busca":false,"farmaindex_busca_error":null,"farmaindex_detalhe":false,"drogasil_busca":false,"drogasil_busca_error":null,"drogasil_detalhe":false,"cache_hit":false,"encontrado":false}}
[2026-06-05T20:12:41.777Z] [INFO] Enriquecimento concluido {"importacao_id":62,"item_id":1036919,"ean":"7896221801839","enriched":false,"requires_approval":true,"fontes_consultadas":{"convertize_busca":false,"convertize_busca_error":null,"convertize_detalhe":false,"farmaindex_busca":false,"farmaindex_busca_error":null,"farmaindex_detalhe":false,"drogasil_busca":false,"drogasil_busca_error":null,"drogasil_detalhe":false,"cache_hit":false,"encontrado":false}}
[2026-06-05T20:12:41.892Z] [INFO] Consumidor retirou lote do staging de trier {"importacao_id":62,"staged_itens_lote":4,"staged_itens_restantes":26817,"sample_eans":["7896085813665","7896085813672","7896085813689"]}
[2026-06-05T20:12:41.894Z] [INFO] Iniciando checagem de existencia no Banco Unico {"total_eans_consulta":3,"batches":1,"batch_size":100,"sample_eans":["7896085813665","7896085813672","7896085813689"]}
[2026-06-05T20:12:41.894Z] [INFO] Consultando batch de EANs no Banco Unico {"batch_index":1,"batch_total":1,"eans_no_batch":3,"sample_eans":["7896085813665","7896085813672","7896085813689"]}
[2026-06-05T20:12:41.928Z] [INFO] Resultado do batch consultado no Banco Unico {"batch_index":1,"encontrados":1,"faltantes":2,"found_eans_sample":["7896085813665"]}
[2026-06-05T20:12:41.928Z] [INFO] Checagem de existencia no Banco Unico concluida {"total_consultados":3,"total_existentes":1,"total_ausentes":2,"existing_eans_sample":["7896085813665"]}
[2026-06-05T20:12:42.082Z] [INFO] Resumo da triagem antes do enriquecimento {"importacao_id":62,"staged_total":4,"validos_unicos":3,"invalidos":1,"duplicados_no_lote":0,"existentes_no_banco_unico":1,"elegiveis_enriquecimento":3,"sample_eans_elegiveis":["7896085813672","7896085813689"],"acumulado":{"invalidos":3,"duplicados_no_lote":0,"existentes_no_banco_unico":41,"elegiveis_processamento":115}}
[2026-06-05T20:12:42.110Z] [INFO] Iniciando enriquecimento externo {"importacao_id":62,"item_id":1036922,"ean":"7896085813689"}
[2026-06-05T20:12:42.116Z] [INFO] Iniciando enriquecimento externo {"importacao_id":62,"item_id":1036927,"ean":"7896085813672"}
[2026-06-05T20:12:43.298Z] [INFO] Pagina retornada pela trier {"importacao_id":62,"pagina":28,"endpoint":"/rest/integracao/produto/obter-todos-v1","quantidade_itens":999,"total":999}
[2026-06-05T20:12:43.847Z] [INFO] Enriquecimento concluido {"importacao_id":62,"item_id":1036922,"ean":"7896085813689","enriched":false,"requires_approval":true,"fontes_consultadas":{"convertize_busca":false,"convertize_busca_error":null,"convertize_detalhe":false,"farmaindex_busca":false,"farmaindex_busca_error":null,"farmaindex_detalhe":false,"drogasil_busca":false,"drogasil_busca_error":null,"drogasil_detalhe":false,"cache_hit":false,"encontrado":false}}
[2026-06-05T20:12:44.024Z] [INFO] Enriquecimento concluido {"importacao_id":62,"item_id":1036927,"ean":"7896085813672","enriched":false,"requires_approval":true,"fontes_consultadas":{"convertize_busca":false,"convertize_busca_error":null,"convertize_detalhe":false,"farmaindex_busca":false,"farmaindex_busca_error":null,"farmaindex_detalhe":false,"drogasil_busca":false,"drogasil_busca_error":null,"drogasil_detalhe":false,"cache_hit":false,"encontrado":false}}
[2026-06-05T20:12:44.140Z] [INFO] Consumidor retirou lote do staging de trier {"importacao_id":62,"staged_itens_lote":4,"staged_itens_restantes":26813,"sample_eans":["7896212426928","7896085813702","7896279103398","7891010044985"]}
[2026-06-05T20:12:44.141Z] [INFO] Iniciando checagem de existencia no Banco Unico {"total_eans_consulta":4,"batches":1,"batch_size":100,"sample_eans":["7896212426928","7896085813702","7896279103398","7891010044985"]}
[2026-06-05T20:12:44.142Z] [INFO] Consultando batch de EANs no Banco Unico {"batch_index":1,"batch_total":1,"eans_no_batch":4,"sample_eans":["7896212426928","7896085813702","7896279103398","7891010044985"]}
[2026-06-05T20:12:44.170Z] [INFO] Resultado do batch consultado no Banco Unico {"batch_index":1,"encontrados":2,"faltantes":2,"found_eans_sample":["7896212426928","7891010044985"]}
[2026-06-05T20:12:44.171Z] [INFO] Checagem de existencia no Banco Unico concluida {"total_consultados":4,"total_existentes":2,"total_ausentes":2,"existing_eans_sample":["7896212426928","7891010044985"]}
[2026-06-05T20:12:44.349Z] [INFO] Resumo da triagem antes do enriquecimento {"importacao_id":62,"staged_total":4,"validos_unicos":4,"invalidos":0,"duplicados_no_lote":0,"existentes_no_banco_unico":2,"elegiveis_enriquecimento":2,"sample_eans_elegiveis":["7896085813702","7896279103398"],"acumulado":{"invalidos":3,"duplicados_no_lote":0,"existentes_no_banco_unico":43,"elegiveis_processamento":117}}
[2026-06-05T20:12:44.386Z] [INFO] Iniciando enriquecimento externo {"importacao_id":62,"item_id":1036932,"ean":"7896085813702"}
[2026-06-05T20:12:44.392Z] [INFO] Iniciando enriquecimento externo {"importacao_id":62,"item_id":1036921,"ean":"7896279103398"}
[2026-06-05T20:12:45.065Z] [INFO] Pagina armazenada em staging para trier {"importacao_id":62,"pagina":28,"staged_itens_pagina":999,"staged_itens_total":27972,"itens_aguardando_consumidor":27812,"sample_eans":["7897316801710","7896016801273","7896016801853","7896016801860","7897316801734","7896016801648","7896016801631","7897158708147","7897158708130","7891721200472"]}
[2026-06-05T20:12:45.066Z] [INFO] Buscando pagina de produtos na trier {"importacao_id":62,"pagina":29,"primeiro_registro":27972,"quantidade_registros":999,"ativo":null,"integracao_ecommerce":null,"processa_custo_medio":false}
[2026-06-05T20:12:45.498Z] [INFO] Enriquecimento concluido {"importacao_id":62,"item_id":1036921,"ean":"7896279103398","enriched":false,"requires_approval":true,"fontes_consultadas":{"convertize_busca":false,"convertize_busca_error":null,"convertize_detalhe":false,"farmaindex_busca":false,"farmaindex_busca_error":null,"farmaindex_detalhe":false,"drogasil_busca":false,"drogasil_busca_error":null,"drogasil_detalhe":false,"cache_hit":false,"encontrado":false}}
[2026-06-05T20:12:46.292Z] [INFO] Enriquecimento concluido {"importacao_id":62,"item_id":1036932,"ean":"7896085813702","enriched":false,"requires_approval":true,"fontes_consultadas":{"convertize_busca":false,"convertize_busca_error":null,"convertize_detalhe":false,"farmaindex_busca":false,"farmaindex_busca_error":null,"farmaindex_detalhe":false,"drogasil_busca":false,"drogasil_busca_error":null,"drogasil_detalhe":false,"cache_hit":false,"encontrado":false}}
[2026-06-05T20:12:46.384Z] [INFO] Consumidor retirou lote do staging de trier {"importacao_id":62,"staged_itens_lote":4,"staged_itens_restantes":27808,"sample_eans":["7894916502375","7899026408616","7891317409081"]}
[2026-06-05T20:12:46.385Z] [INFO] Iniciando checagem de existencia no Banco Unico {"total_eans_consulta":3,"batches":1,"batch_size":100,"sample_eans":["7894916502375","7899026408616","7891317409081"]}
[2026-06-05T20:12:46.385Z] [INFO] Consultando batch de EANs no Banco Unico {"batch_index":1,"batch_total":1,"eans_no_batch":3,"sample_eans":["7894916502375","7899026408616","7891317409081"]}
[2026-06-05T20:12:46.415Z] [INFO] Resultado do batch consultado no Banco Unico {"batch_index":1,"encontrados":1,"faltantes":2,"found_eans_sample":["7894916502375"]}
[2026-06-05T20:12:46.415Z] [INFO] Checagem de existencia no Banco Unico concluida {"total_consultados":3,"total_existentes":1,"total_ausentes":2,"existing_eans_sample":["7894916502375"]}
[2026-06-05T20:12:46.466Z] [INFO] Resumo da triagem antes do enriquecimento {"importacao_id":62,"staged_total":4,"validos_unicos":3,"invalidos":1,"duplicados_no_lote":0,"existentes_no_banco_unico":1,"elegiveis_enriquecimento":3,"sample_eans_elegiveis":["7899026408616","7891317409081"],"acumulado":{"invalidos":4,"duplicados_no_lote":0,"existentes_no_banco_unico":44,"elegiveis_processamento":120}}
[2026-06-05T20:12:46.492Z] [INFO] Iniciando enriquecimento externo {"importacao_id":62,"item_id":1036933,"ean":"7891317409081"}
[2026-06-05T20:12:46.504Z] [INFO] Iniciando enriquecimento externo {"importacao_id":62,"item_id":1036926,"ean":"7899026408616"}
[2026-06-05T20:12:46.663Z] [INFO] Pagina retornada pela trier {"importacao_id":62,"pagina":29,"endpoint":"/rest/integracao/produto/obter-todos-v1","quantidade_itens":999,"total":999}
[2026-06-05T20:12:47.777Z] [INFO] Enriquecimento concluido {"importacao_id":62,"item_id":1036933,"ean":"7891317409081","enriched":false,"requires_approval":true,"fontes_consultadas":{"convertize_busca":false,"convertize_busca_error":null,"convertize_detalhe":false,"farmaindex_busca":false,"farmaindex_busca_error":null,"farmaindex_detalhe":false,"drogasil_busca":false,"drogasil_busca_error":null,"drogasil_detalhe":false,"cache_hit":false,"encontrado":false}}
[2026-06-05T20:12:47.861Z] [INFO] Enriquecimento concluido {"importacao_id":62,"item_id":1036926,"ean":"7899026408616","enriched":false,"requires_approval":true,"fontes_consultadas":{"convertize_busca":false,"convertize_busca_error":null,"convertize_detalhe":false,"farmaindex_busca":false,"farmaindex_busca_error":null,"farmaindex_detalhe":false,"drogasil_busca":false,"drogasil_busca_error":null,"drogasil_detalhe":false,"cache_hit":false,"encontrado":false}}
[2026-06-05T20:12:47.994Z] [INFO] Consumidor retirou lote do staging de trier {"importacao_id":62,"staged_itens_lote":4,"staged_itens_restantes":27804,"sample_eans":["7897705201008","7896004709208","7896004708294","7896212427055"]}
[2026-06-05T20:12:47.995Z] [INFO] Iniciando checagem de existencia no Banco Unico {"total_eans_consulta":4,"batches":1,"batch_size":100,"sample_eans":["7897705201008","7896004709208","7896004708294","7896212427055"]}
[2026-06-05T20:12:47.996Z] [INFO] Consultando batch de EANs no Banco Unico {"batch_index":1,"batch_total":1,"eans_no_batch":4,"sample_eans":["7897705201008","7896004709208","7896004708294","7896212427055"]}
[2026-06-05T20:12:48.024Z] [INFO] Resultado do batch consultado no Banco Unico {"batch_index":1,"encontrados":2,"faltantes":2,"found_eans_sample":["7897705201008","7896212427055"]}
[2026-06-05T20:12:48.025Z] [INFO] Checagem de existencia no Banco Unico concluida {"total_consultados":4,"total_existentes":2,"total_ausentes":2,"existing_eans_sample":["7897705201008","7896212427055"]}
[2026-06-05T20:12:48.197Z] [INFO] Resumo da triagem antes do enriquecimento {"importacao_id":62,"staged_total":4,"validos_unicos":4,"invalidos":0,"duplicados_no_lote":0,"existentes_no_banco_unico":2,"elegiveis_enriquecimento":2,"sample_eans_elegiveis":["7896004709208","7896004708294"],"acumulado":{"invalidos":4,"duplicados_no_lote":0,"existentes_no_banco_unico":46,"elegiveis_processamento":122}}
[2026-06-05T20:12:48.227Z] [INFO] Iniciando enriquecimento externo {"importacao_id":62,"item_id":1036934,"ean":"7896004708294"}
[2026-06-05T20:12:48.235Z] [INFO] Iniciando enriquecimento externo {"importacao_id":62,"item_id":1036936,"ean":"7896004709208"}
[2026-06-05T20:12:48.524Z] [INFO] Pagina armazenada em staging para trier {"importacao_id":62,"pagina":29,"staged_itens_pagina":999,"staged_itens_total":28971,"itens_aguardando_consumidor":28803,"sample_eans":["7898168003147","7899026402515","7899026402973","7899026402980","7899026402539","7896422506809","7897076909985","7896181906193","7898085945179","7896015500122"]}
[2026-06-05T20:12:48.525Z] [INFO] Buscando pagina de produtos na trier {"importacao_id":62,"pagina":30,"primeiro_registro":28971,"quantidade_registros":999,"ativo":null,"integracao_ecommerce":null,"processa_custo_medio":false}
[2026-06-05T20:12:49.930Z] [INFO] Pagina retornada pela trier {"importacao_id":62,"pagina":30,"endpoint":"/rest/integracao/produto/obter-todos-v1","quantidade_itens":999,"total":999}
[2026-06-05T20:12:50.006Z] [INFO] Enriquecimento concluido {"importacao_id":62,"item_id":1036934,"ean":"7896004708294","enriched":false,"requires_approval":true,"fontes_consultadas":{"convertize_busca":false,"convertize_busca_error":null,"convertize_detalhe":false,"farmaindex_busca":false,"farmaindex_busca_error":null,"farmaindex_detalhe":false,"drogasil_busca":false,"drogasil_busca_error":null,"drogasil_detalhe":false,"cache_hit":false,"encontrado":false}}
[2026-06-05T20:12:50.078Z] [INFO] Enriquecimento concluido {"importacao_id":62,"item_id":1036936,"ean":"7896004709208","enriched":false,"requires_approval":true,"fontes_consultadas":{"convertize_busca":false,"convertize_busca_error":null,"convertize_detalhe":false,"farmaindex_busca":false,"farmaindex_busca_error":null,"farmaindex_detalhe":false,"drogasil_busca":false,"drogasil_busca_error":null,"drogasil_detalhe":false,"cache_hit":false,"encontrado":false}}
[2026-06-05T20:12:50.197Z] [INFO] Consumidor retirou lote do staging de trier {"importacao_id":62,"staged_itens_lote":4,"staged_itens_restantes":28799,"sample_eans":["7896004710327","7891040109876","7891268103212","7891268103205"]}
[2026-06-05T20:12:50.198Z] [INFO] Iniciando checagem de existencia no Banco Unico {"total_eans_consulta":4,"batches":1,"batch_size":100,"sample_eans":["7896004710327","7891040109876","7891268103212","7891268103205"]}
[2026-06-05T20:12:50.199Z] [INFO] Consultando batch de EANs no Banco Unico {"batch_index":1,"batch_total":1,"eans_no_batch":4,"sample_eans":["7896004710327","7891040109876","7891268103212","7891268103205"]}
[2026-06-05T20:12:50.230Z] [INFO] Resultado do batch consultado no Banco Unico {"batch_index":1,"encontrados":4,"faltantes":0,"found_eans_sample":["7896004710327","7891040109876","7891268103212","7891268103205"]}
[2026-06-05T20:12:50.231Z] [INFO] Checagem de existencia no Banco Unico concluida {"total_consultados":4,"total_existentes":4,"total_ausentes":0,"existing_eans_sample":["7896004710327","7891040109876","7891268103212","7891268103205"]}
[2026-06-05T20:12:50.557Z] [INFO] Resumo da triagem antes do enriquecimento {"importacao_id":62,"staged_total":4,"validos_unicos":4,"invalidos":0,"duplicados_no_lote":0,"existentes_no_banco_unico":4,"elegiveis_enriquecimento":0,"sample_eans_elegiveis":[],"acumulado":{"invalidos":4,"duplicados_no_lote":0,"existentes_no_banco_unico":50,"elegiveis_processamento":122}}
[2026-06-05T20:12:50.559Z] [INFO] Consumidor retirou lote do staging de trier {"importacao_id":62,"staged_itens_lote":4,"staged_itens_restantes":28795,"sample_eans":["7908236800735","7891268100211","7891000278604","7898040321291"]}
[2026-06-05T20:12:50.560Z] [INFO] Iniciando checagem de existencia no Banco Unico {"total_eans_consulta":4,"batches":1,"batch_size":100,"sample_eans":["7908236800735","7891268100211","7891000278604","7898040321291"]}
[2026-06-05T20:12:50.561Z] [INFO] Consultando batch de EANs no Banco Unico {"batch_index":1,"batch_total":1,"eans_no_batch":4,"sample_eans":["7908236800735","7891268100211","7891000278604","7898040321291"]}
[2026-06-05T20:12:50.590Z] [INFO] Resultado do batch consultado no Banco Unico {"batch_index":1,"encontrados":3,"faltantes":1,"found_eans_sample":["7908236800735","7891268100211","7898040321291"]}
[2026-06-05T20:12:50.591Z] [INFO] Checagem de existencia no Banco Unico concluida {"total_consultados":4,"total_existentes":3,"total_ausentes":1,"existing_eans_sample":["7908236800735","7891268100211","7898040321291"]}
[2026-06-05T20:12:50.812Z] [INFO] Resumo da triagem antes do enriquecimento {"importacao_id":62,"staged_total":4,"validos_unicos":4,"invalidos":0,"duplicados_no_lote":0,"existentes_no_banco_unico":3,"elegiveis_enriquecimento":1,"sample_eans_elegiveis":["7891000278604"],"acumulado":{"invalidos":4,"duplicados_no_lote":0,"existentes_no_banco_unico":53,"elegiveis_processamento":123}}
[2026-06-05T20:12:50.853Z] [INFO] Iniciando enriquecimento externo {"importacao_id":62,"item_id":1036940,"ean":"7891000278604"}
[2026-06-05T20:12:51.627Z] [INFO] Pagina armazenada em staging para trier {"importacao_id":62,"pagina":30,"staged_itens_pagina":999,"staged_itens_total":29970,"itens_aguardando_consumidor":29794,"sample_eans":["7896049506992","7896044600268","7896044600244","7896251802646","7891317411909","7891038318709","7896261005624","7891134004315","7896004705095","7896004715834"]}
[2026-06-05T20:12:51.627Z] [INFO] Buscando pagina de produtos na trier {"importacao_id":62,"pagina":31,"primeiro_registro":29970,"quantidade_registros":999,"ativo":null,"integracao_ecommerce":null,"processa_custo_medio":false}
[2026-06-05T20:12:52.290Z] [INFO] Enriquecimento concluido {"importacao_id":62,"item_id":1036940,"ean":"7891000278604","enriched":false,"requires_approval":true,"fontes_consultadas":{"convertize_busca":false,"convertize_busca_error":null,"convertize_detalhe":false,"farmaindex_busca":false,"farmaindex_busca_error":null,"farmaindex_detalhe":false,"drogasil_busca":false,"drogasil_busca_error":null,"drogasil_detalhe":false,"cache_hit":false,"encontrado":false}}
[2026-06-05T20:12:52.403Z] [INFO] Consumidor retirou lote do staging de trier {"importacao_id":62,"staged_itens_lote":4,"staged_itens_restantes":29790,"sample_eans":["7896014102341","7896317903102","7896212426805","7896317906813"]}
[2026-06-05T20:12:52.404Z] [INFO] Iniciando checagem de existencia no Banco Unico {"total_eans_consulta":4,"batches":1,"batch_size":100,"sample_eans":["7896014102341","7896317903102","7896212426805","7896317906813"]}
[2026-06-05T20:12:52.404Z] [INFO] Consultando batch de EANs no Banco Unico {"batch_index":1,"batch_total":1,"eans_no_batch":4,"sample_eans":["7896014102341","7896317903102","7896212426805","7896317906813"]}
[2026-06-05T20:12:52.431Z] [INFO] Resultado do batch consultado no Banco Unico {"batch_index":1,"encontrados":1,"faltantes":3,"found_eans_sample":["7896212426805"]}
[2026-06-05T20:12:52.432Z] [INFO] Checagem de existencia no Banco Unico concluida {"total_consultados":4,"total_existentes":1,"total_ausentes":3,"existing_eans_sample":["7896212426805"]}
[2026-06-05T20:12:52.482Z] [INFO] Resumo da triagem antes do enriquecimento {"importacao_id":62,"staged_total":4,"validos_unicos":4,"invalidos":0,"duplicados_no_lote":0,"existentes_no_banco_unico":1,"elegiveis_enriquecimento":3,"sample_eans_elegiveis":["7896014102341","7896317903102","7896317906813"],"acumulado":{"invalidos":4,"duplicados_no_lote":0,"existentes_no_banco_unico":54,"elegiveis_processamento":126}}
[2026-06-05T20:12:52.508Z] [INFO] Iniciando enriquecimento externo {"importacao_id":62,"item_id":1036949,"ean":"7896014102341"}
[2026-06-05T20:12:52.515Z] [INFO] Iniciando enriquecimento externo {"importacao_id":62,"item_id":1036950,"ean":"7896317906813"}
[2026-06-05T20:12:52.518Z] [INFO] Iniciando enriquecimento externo {"importacao_id":62,"item_id":1036942,"ean":"7896317903102"}
[2026-06-05T20:12:53.070Z] [INFO] Pagina retornada pela trier {"importacao_id":62,"pagina":31,"endpoint":"/rest/integracao/produto/obter-todos-v1","quantidade_itens":999,"total":999}
[2026-06-05T20:12:53.416Z] [INFO] Enriquecimento concluido {"importacao_id":62,"item_id":1036949,"ean":"7896014102341","enriched":false,"requires_approval":true,"fontes_consultadas":{"convertize_busca":false,"convertize_busca_error":null,"convertize_detalhe":false,"farmaindex_busca":false,"farmaindex_busca_error":null,"farmaindex_detalhe":false,"drogasil_busca":false,"drogasil_busca_error":null,"drogasil_detalhe":false,"cache_hit":false,"encontrado":false}}
[2026-06-05T20:12:53.455Z] [INFO] Enriquecimento concluido {"importacao_id":62,"item_id":1036942,"ean":"7896317903102","enriched":false,"requires_approval":true,"fontes_consultadas":{"convertize_busca":false,"convertize_busca_error":null,"convertize_detalhe":false,"farmaindex_busca":false,"farmaindex_busca_error":null,"farmaindex_detalhe":false,"drogasil_busca":false,"drogasil_busca_error":null,"drogasil_detalhe":false,"cache_hit":false,"encontrado":false}}
[2026-06-05T20:12:54.123Z] [INFO] Enriquecimento concluido {"importacao_id":62,"item_id":1036950,"ean":"7896317906813","enriched":false,"requires_approval":true,"fontes_consultadas":{"convertize_busca":false,"convertize_busca_error":null,"convertize_detalhe":false,"farmaindex_busca":false,"farmaindex_busca_error":null,"farmaindex_detalhe":false,"drogasil_busca":false,"drogasil_busca_error":null,"drogasil_detalhe":false,"cache_hit":false,"encontrado":false}}
[2026-06-05T20:12:54.260Z] [INFO] Consumidor retirou lote do staging de trier {"importacao_id":62,"staged_itens_lote":4,"staged_itens_restantes":29786,"sample_eans":["7896317903850","7896015516581","7896015516949","7896015516956"]}
[2026-06-05T20:12:54.261Z] [INFO] Iniciando checagem de existencia no Banco Unico {"total_eans_consulta":4,"batches":1,"batch_size":100,"sample_eans":["7896317903850","7896015516581","7896015516949","7896015516956"]}
[2026-06-05T20:12:54.262Z] [INFO] Consultando batch de EANs no Banco Unico {"batch_index":1,"batch_total":1,"eans_no_batch":4,"sample_eans":["7896317903850","7896015516581","7896015516949","7896015516956"]}
[2026-06-05T20:12:54.290Z] [INFO] Resultado do batch consultado no Banco Unico {"batch_index":1,"encontrados":4,"faltantes":0,"found_eans_sample":["7896317903850","7896015516581","7896015516949","7896015516956"]}
[2026-06-05T20:12:54.291Z] [INFO] Checagem de existencia no Banco Unico concluida {"total_consultados":4,"total_existentes":4,"total_ausentes":0,"existing_eans_sample":["7896317903850","7896015516581","7896015516949","7896015516956"]}
[2026-06-05T20:12:54.623Z] [INFO] Resumo da triagem antes do enriquecimento {"importacao_id":62,"staged_total":4,"validos_unicos":4,"invalidos":0,"duplicados_no_lote":0,"existentes_no_banco_unico":4,"elegiveis_enriquecimento":0,"sample_eans_elegiveis":[],"acumulado":{"invalidos":4,"duplicados_no_lote":0,"existentes_no_banco_unico":58,"elegiveis_processamento":126}}
[2026-06-05T20:12:54.625Z] [INFO] Consumidor retirou lote do staging de trier {"importacao_id":62,"staged_itens_lote":4,"staged_itens_restantes":29782,"sample_eans":["7896658006302","7898318251794","7898318251787"]}
[2026-06-05T20:12:54.626Z] [INFO] Iniciando checagem de existencia no Banco Unico {"total_eans_consulta":3,"batches":1,"batch_size":100,"sample_eans":["7896658006302","7898318251794","7898318251787"]}
[2026-06-05T20:12:54.626Z] [INFO] Consultando batch de EANs no Banco Unico {"batch_index":1,"batch_total":1,"eans_no_batch":3,"sample_eans":["7896658006302","7898318251794","7898318251787"]}
[2026-06-05T20:12:54.656Z] [INFO] Resultado do batch consultado no Banco Unico {"batch_index":1,"encontrados":1,"faltantes":2,"found_eans_sample":["7896658006302"]}
[2026-06-05T20:12:54.656Z] [INFO] Checagem de existencia no Banco Unico concluida {"total_consultados":3,"total_existentes":1,"total_ausentes":2,"existing_eans_sample":["7896658006302"]}
[2026-06-05T20:12:54.722Z] [INFO] Resumo da triagem antes do enriquecimento {"importacao_id":62,"staged_total":4,"validos_unicos":3,"invalidos":1,"duplicados_no_lote":0,"existentes_no_banco_unico":1,"elegiveis_enriquecimento":3,"sample_eans_elegiveis":["7898318251794","7898318251787"],"acumulado":{"invalidos":5,"duplicados_no_lote":0,"existentes_no_banco_unico":59,"elegiveis_processamento":129}}
[2026-06-05T20:12:54.757Z] [INFO] Iniciando enriquecimento externo {"importacao_id":62,"item_id":1036955,"ean":"7898318251794"}
[2026-06-05T20:12:54.759Z] [INFO] Iniciando enriquecimento externo {"importacao_id":62,"item_id":1036954,"ean":"7898318251787"}
[2026-06-05T20:12:54.877Z] [INFO] Pagina armazenada em staging para trier {"importacao_id":62,"pagina":31,"staged_itens_pagina":999,"staged_itens_total":30969,"itens_aguardando_consumidor":30781,"sample_eans":["7891142140586","7894916203524","7896004705125","7896004705620","7896004704586","7897337701297","7896004708973","7896024414946","7896024414922","7896009116308"]}
[2026-06-05T20:12:54.878Z] [INFO] Buscando pagina de produtos na trier {"importacao_id":62,"pagina":32,"primeiro_registro":30969,"quantidade_registros":999,"ativo":null,"integracao_ecommerce":null,"processa_custo_medio":false}
[2026-06-05T20:12:56.205Z] [INFO] Enriquecimento concluido {"importacao_id":62,"item_id":1036954,"ean":"7898318251787","enriched":false,"requires_approval":true,"fontes_consultadas":{"convertize_busca":false,"convertize_busca_error":null,"convertize_detalhe":false,"farmaindex_busca":false,"farmaindex_busca_error":null,"farmaindex_detalhe":false,"drogasil_busca":false,"drogasil_busca_error":null,"drogasil_detalhe":false,"cache_hit":false,"encontrado":false}}
[2026-06-05T20:12:56.251Z] [INFO] Enriquecimento concluido {"importacao_id":62,"item_id":1036955,"ean":"7898318251794","enriched":false,"requires_approval":true,"fontes_consultadas":{"convertize_busca":false,"convertize_busca_error":null,"convertize_detalhe":false,"farmaindex_busca":false,"farmaindex_busca_error":null,"farmaindex_detalhe":false,"drogasil_busca":false,"drogasil_busca_error":null,"drogasil_detalhe":false,"cache_hit":false,"encontrado":false}}
[2026-06-05T20:12:56.340Z] [INFO] Consumidor retirou lote do staging de trier {"importacao_id":62,"staged_itens_lote":4,"staged_itens_restantes":30777,"sample_eans":["7896261009554","7896212426812","7896658008542","7896658008559"]}
[2026-06-05T20:12:56.340Z] [INFO] Iniciando checagem de existencia no Banco Unico {"total_eans_consulta":4,"batches":1,"batch_size":100,"sample_eans":["7896261009554","7896212426812","7896658008542","7896658008559"]}
[2026-06-05T20:12:56.341Z] [INFO] Consultando batch de EANs no Banco Unico {"batch_index":1,"batch_total":1,"eans_no_batch":4,"sample_eans":["7896261009554","7896212426812","7896658008542","7896658008559"]}
[2026-06-05T20:12:56.372Z] [INFO] Pagina retornada pela trier {"importacao_id":62,"pagina":32,"endpoint":"/rest/integracao/produto/obter-todos-v1","quantidade_itens":999,"total":999}
[2026-06-05T20:12:56.375Z] [INFO] Resultado do batch consultado no Banco Unico {"batch_index":1,"encontrados":4,"faltantes":0,"found_eans_sample":["7896261009554","7896212426812","7896658008542","7896658008559"]}
[2026-06-05T20:12:56.375Z] [INFO] Checagem de existencia no Banco Unico concluida {"total_consultados":4,"total_existentes":4,"total_ausentes":0,"existing_eans_sample":["7896261009554","7896212426812","7896658008542","7896658008559"]}
[2026-06-05T20:12:56.670Z] [INFO] Resumo da triagem antes do enriquecimento {"importacao_id":62,"staged_total":4,"validos_unicos":4,"invalidos":0,"duplicados_no_lote":0,"existentes_no_banco_unico":4,"elegiveis_enriquecimento":0,"sample_eans_elegiveis":[],"acumulado":{"invalidos":5,"duplicados_no_lote":0,"existentes_no_banco_unico":63,"elegiveis_processamento":129}}
[2026-06-05T20:12:56.671Z] [INFO] Consumidor retirou lote do staging de trier {"importacao_id":62,"staged_itens_lote":4,"staged_itens_restantes":30773,"sample_eans":["7891721070600","7891721070655","7891721070914","7896009162138"]}
[2026-06-05T20:12:56.672Z] [INFO] Iniciando checagem de existencia no Banco Unico {"total_eans_consulta":4,"batches":1,"batch_size":100,"sample_eans":["7891721070600","7891721070655","7891721070914","7896009162138"]}
[2026-06-05T20:12:56.672Z] [INFO] Consultando batch de EANs no Banco Unico {"batch_index":1,"batch_total":1,"eans_no_batch":4,"sample_eans":["7891721070600","7891721070655","7891721070914","7896009162138"]}
[2026-06-05T20:12:56.704Z] [INFO] Resultado do batch consultado no Banco Unico {"batch_index":1,"encontrados":3,"faltantes":1,"found_eans_sample":["7891721070600","7891721070655","7891721070914"]}
[2026-06-05T20:12:56.705Z] [INFO] Checagem de existencia no Banco Unico concluida {"total_consultados":4,"total_existentes":3,"total_ausentes":1,"existing_eans_sample":["7891721070600","7891721070655","7891721070914"]}
[2026-06-05T20:12:56.957Z] [INFO] Resumo da triagem antes do enriquecimento {"importacao_id":62,"staged_total":4,"validos_unicos":4,"invalidos":0,"duplicados_no_lote":0,"existentes_no_banco_unico":3,"elegiveis_enriquecimento":1,"sample_eans_elegiveis":["7896009162138"],"acumulado":{"invalidos":5,"duplicados_no_lote":0,"existentes_no_banco_unico":66,"elegiveis_processamento":130}}
[2026-06-05T20:12:57.001Z] [INFO] Iniciando enriquecimento externo {"importacao_id":62,"item_id":1036960,"ean":"7896009162138"}
[2026-06-05T20:12:57.980Z] [INFO] Enriquecimento concluido {"importacao_id":62,"item_id":1036960,"ean":"7896009162138","enriched":false,"requires_approval":true,"fontes_consultadas":{"convertize_busca":false,"convertize_busca_error":null,"convertize_detalhe":false,"farmaindex_busca":false,"farmaindex_busca_error":null,"farmaindex_detalhe":false,"drogasil_busca":false,"drogasil_busca_error":null,"drogasil_detalhe":false,"cache_hit":false,"encontrado":false}}
[2026-06-05T20:12:58.087Z] [INFO] Pagina armazenada em staging para trier {"importacao_id":62,"pagina":32,"staged_itens_pagina":999,"staged_itens_total":31968,"itens_aguardando_consumidor":31772,"sample_eans":["5023716137643","5023716137537","5023716001371","7896006237631","2000002265429","2000001265437","7897076911759","7891721001772","7897076911292","7899100400260"]}
[2026-06-05T20:12:58.090Z] [INFO] Buscando pagina de produtos na trier {"importacao_id":62,"pagina":33,"primeiro_registro":31968,"quantidade_registros":999,"ativo":null,"integracao_ecommerce":null,"processa_custo_medio":false}
[2026-06-05T20:12:58.092Z] [INFO] Consumidor retirou lote do staging de trier {"importacao_id":62,"staged_itens_lote":4,"staged_itens_restantes":31768,"sample_eans":["7896009162145","7896009162152","7896009162169","7896009162176"]}
[2026-06-05T20:12:58.093Z] [INFO] Iniciando checagem de existencia no Banco Unico {"total_eans_consulta":4,"batches":1,"batch_size":100,"sample_eans":["7896009162145","7896009162152","7896009162169","7896009162176"]}
[2026-06-05T20:12:58.094Z] [INFO] Consultando batch de EANs no Banco Unico {"batch_index":1,"batch_total":1,"eans_no_batch":4,"sample_eans":["7896009162145","7896009162152","7896009162169","7896009162176"]}
[2026-06-05T20:12:58.123Z] [INFO] Resultado do batch consultado no Banco Unico {"batch_index":1,"encontrados":0,"faltantes":4,"found_eans_sample":[]}
[2026-06-05T20:12:58.124Z] [INFO] Checagem de existencia no Banco Unico concluida {"total_consultados":4,"total_existentes":0,"total_ausentes":4,"existing_eans_sample":[]}
[2026-06-05T20:12:58.125Z] [INFO] Resumo da triagem antes do enriquecimento {"importacao_id":62,"staged_total":4,"validos_unicos":4,"invalidos":0,"duplicados_no_lote":0,"existentes_no_banco_unico":0,"elegiveis_enriquecimento":4,"sample_eans_elegiveis":["7896009162145","7896009162152","7896009162169","7896009162176"],"acumulado":{"invalidos":5,"duplicados_no_lote":0,"existentes_no_banco_unico":66,"elegiveis_processamento":134}}
[2026-06-05T20:12:58.168Z] [INFO] Iniciando enriquecimento externo {"importacao_id":62,"item_id":1036966,"ean":"7896009162169"}
[2026-06-05T20:12:58.171Z] [INFO] Iniciando enriquecimento externo {"importacao_id":62,"item_id":1036967,"ean":"7896009162145"}
[2026-06-05T20:12:58.177Z] [INFO] Iniciando enriquecimento externo {"importacao_id":62,"item_id":1036968,"ean":"7896009162152"}
[2026-06-05T20:12:58.184Z] [INFO] Iniciando enriquecimento externo {"importacao_id":62,"item_id":1036969,"ean":"7896009162176"}
[2026-06-05T20:12:59.275Z] [INFO] Enriquecimento concluido {"importacao_id":62,"item_id":1036968,"ean":"7896009162152","enriched":false,"requires_approval":true,"fontes_consultadas":{"convertize_busca":false,"convertize_busca_error":null,"convertize_detalhe":false,"farmaindex_busca":false,"farmaindex_busca_error":null,"farmaindex_detalhe":false,"drogasil_busca":false,"drogasil_busca_error":null,"drogasil_detalhe":false,"cache_hit":false,"encontrado":false}}
[2026-06-05T20:12:59.322Z] [INFO] Enriquecimento concluido {"importacao_id":62,"item_id":1036967,"ean":"7896009162145","enriched":false,"requires_approval":true,"fontes_consultadas":{"convertize_busca":false,"convertize_busca_error":null,"convertize_detalhe":false,"farmaindex_busca":false,"farmaindex_busca_error":null,"farmaindex_detalhe":false,"drogasil_busca":false,"drogasil_busca_error":null,"drogasil_detalhe":false,"cache_hit":false,"encontrado":false}}
[2026-06-05T20:12:59.359Z] [INFO] Enriquecimento concluido {"importacao_id":62,"item_id":1036969,"ean":"7896009162176","enriched":false,"requires_approval":true,"fontes_consultadas":{"convertize_busca":false,"convertize_busca_error":null,"convertize_detalhe":false,"farmaindex_busca":false,"farmaindex_busca_error":null,"farmaindex_detalhe":false,"drogasil_busca":false,"drogasil_busca_error":null,"drogasil_detalhe":false,"cache_hit":false,"encontrado":false}}
[2026-06-05T20:12:59.408Z] [INFO] Enriquecimento concluido {"importacao_id":62,"item_id":1036966,"ean":"7896009162169","enriched":false,"requires_approval":true,"fontes_consultadas":{"convertize_busca":false,"convertize_busca_error":null,"convertize_detalhe":false,"farmaindex_busca":false,"farmaindex_busca_error":null,"farmaindex_detalhe":false,"drogasil_busca":false,"drogasil_busca_error":null,"drogasil_detalhe":false,"cache_hit":false,"encontrado":false}}
[2026-06-05T20:12:59.505Z] [INFO] Consumidor retirou lote do staging de trier {"importacao_id":62,"staged_itens_lote":4,"staged_itens_restantes":31764,"sample_eans":["7896212429646","7896009162183","7896009162190","7896009144875"]}
[2026-06-05T20:12:59.507Z] [INFO] Iniciando checagem de existencia no Banco Unico {"total_eans_consulta":4,"batches":1,"batch_size":100,"sample_eans":["7896212429646","7896009162183","7896009162190","7896009144875"]}
[2026-06-05T20:12:59.507Z] [INFO] Consultando batch de EANs no Banco Unico {"batch_index":1,"batch_total":1,"eans_no_batch":4,"sample_eans":["7896212429646","7896009162183","7896009162190","7896009144875"]}
[2026-06-05T20:12:59.534Z] [INFO] Resultado do batch consultado no Banco Unico {"batch_index":1,"encontrados":1,"faltantes":3,"found_eans_sample":["7896212429646"]}
[2026-06-05T20:12:59.534Z] [INFO] Checagem de existencia no Banco Unico concluida {"total_consultados":4,"total_existentes":1,"total_ausentes":3,"existing_eans_sample":["7896212429646"]}
[2026-06-05T20:12:59.603Z] [INFO] Resumo da triagem antes do enriquecimento {"importacao_id":62,"staged_total":4,"validos_unicos":4,"invalidos":0,"duplicados_no_lote":0,"existentes_no_banco_unico":1,"elegiveis_enriquecimento":3,"sample_eans_elegiveis":["7896009162183","7896009162190","7896009144875"],"acumulado":{"invalidos":5,"duplicados_no_lote":0,"existentes_no_banco_unico":67,"elegiveis_processamento":137}}
[2026-06-05T20:12:59.620Z] [INFO] Pagina retornada pela trier {"importacao_id":62,"pagina":33,"endpoint":"/rest/integracao/produto/obter-todos-v1","quantidade_itens":999,"total":999}
[2026-06-05T20:12:59.633Z] [INFO] Iniciando enriquecimento externo {"importacao_id":62,"item_id":1036970,"ean":"7896009162183"}
[2026-06-05T20:12:59.636Z] [INFO] Iniciando enriquecimento externo {"importacao_id":62,"item_id":1036971,"ean":"7896009162190"}
[2026-06-05T20:12:59.638Z] [INFO] Iniciando enriquecimento externo {"importacao_id":62,"item_id":1036974,"ean":"7896009144875"}
[2026-06-05T20:13:00.835Z] [INFO] Enriquecimento concluido {"importacao_id":62,"item_id":1036971,"ean":"7896009162190","enriched":false,"requires_approval":true,"fontes_consultadas":{"convertize_busca":false,"convertize_busca_error":null,"convertize_detalhe":false,"farmaindex_busca":false,"farmaindex_busca_error":null,"farmaindex_detalhe":false,"drogasil_busca":false,"drogasil_busca_error":null,"drogasil_detalhe":false,"cache_hit":false,"encontrado":false}}
[2026-06-05T20:13:00.950Z] [INFO] Enriquecimento concluido {"importacao_id":62,"item_id":1036974,"ean":"7896009144875","enriched":false,"requires_approval":true,"fontes_consultadas":{"convertize_busca":false,"convertize_busca_error":null,"convertize_detalhe":false,"farmaindex_busca":false,"farmaindex_busca_error":null,"farmaindex_detalhe":false,"drogasil_busca":false,"drogasil_busca_error":null,"drogasil_detalhe":false,"cache_hit":false,"encontrado":false}}
[2026-06-05T20:13:01.012Z] [INFO] Enriquecimento concluido {"importacao_id":62,"item_id":1036970,"ean":"7896009162183","enriched":false,"requires_approval":true,"fontes_consultadas":{"convertize_busca":false,"convertize_busca_error":null,"convertize_detalhe":false,"farmaindex_busca":false,"farmaindex_busca_error":null,"farmaindex_detalhe":false,"drogasil_busca":false,"drogasil_busca_error":null,"drogasil_detalhe":false,"cache_hit":false,"encontrado":false}}
[2026-06-05T20:13:01.137Z] [INFO] Consumidor retirou lote do staging de trier {"importacao_id":62,"staged_itens_lote":4,"staged_itens_restantes":31760,"sample_eans":["7896009100468","7896009152016","7896009152023","7898225522086"]}
[2026-06-05T20:13:01.138Z] [INFO] Iniciando checagem de existencia no Banco Unico {"total_eans_consulta":4,"batches":1,"batch_size":100,"sample_eans":["7896009100468","7896009152016","7896009152023","7898225522086"]}
[2026-06-05T20:13:01.139Z] [INFO] Consultando batch de EANs no Banco Unico {"batch_index":1,"batch_total":1,"eans_no_batch":4,"sample_eans":["7896009100468","7896009152016","7896009152023","7898225522086"]}
[2026-06-05T20:13:01.170Z] [INFO] Resultado do batch consultado no Banco Unico {"batch_index":1,"encontrados":0,"faltantes":4,"found_eans_sample":[]}
[2026-06-05T20:13:01.171Z] [INFO] Checagem de existencia no Banco Unico concluida {"total_consultados":4,"total_existentes":0,"total_ausentes":4,"existing_eans_sample":[]}
[2026-06-05T20:13:01.172Z] [INFO] Resumo da triagem antes do enriquecimento {"importacao_id":62,"staged_total":4,"validos_unicos":4,"invalidos":0,"duplicados_no_lote":0,"existentes_no_banco_unico":0,"elegiveis_enriquecimento":4,"sample_eans_elegiveis":["7896009100468","7896009152016","7896009152023","7898225522086"],"acumulado":{"invalidos":5,"duplicados_no_lote":0,"existentes_no_banco_unico":67,"elegiveis_processamento":141}}
[2026-06-05T20:13:01.199Z] [INFO] Iniciando enriquecimento externo {"importacao_id":62,"item_id":1036972,"ean":"7896009100468"}
[2026-06-05T20:13:01.203Z] [INFO] Iniciando enriquecimento externo {"importacao_id":62,"item_id":1036976,"ean":"7896009152023"}
[2026-06-05T20:13:01.207Z] [INFO] Iniciando enriquecimento externo {"importacao_id":62,"item_id":1036984,"ean":"7898225522086"}
[2026-06-05T20:13:01.209Z] [INFO] Iniciando enriquecimento externo {"importacao_id":62,"item_id":1036973,"ean":"7896009152016"}
[2026-06-05T20:13:01.224Z] [INFO] Requisicao recebida {"method":"GET","path":"/imports/62"}
[2026-06-05T20:13:01.308Z] [INFO] Pagina armazenada em staging para trier {"importacao_id":62,"pagina":33,"staged_itens_pagina":999,"staged_itens_total":32967,"itens_aguardando_consumidor":32759,"sample_eans":["7896004709710","7896004710877","7896004710884","7896004701455","7896181909439","7897595603494","7897595603487","7896004710525","7891142141279","7896020157250"]}
[2026-06-05T20:13:01.309Z] [INFO] Buscando pagina de produtos na trier {"importacao_id":62,"pagina":34,"primeiro_registro":32967,"quantidade_registros":999,"ativo":null,"integracao_ecommerce":null,"processa_custo_medio":false}
[2026-06-05T20:13:02.444Z] [INFO] Enriquecimento concluido {"importacao_id":62,"item_id":1036976,"ean":"7896009152023","enriched":false,"requires_approval":true,"fontes_consultadas":{"convertize_busca":false,"convertize_busca_error":null,"convertize_detalhe":false,"farmaindex_busca":false,"farmaindex_busca_error":null,"farmaindex_detalhe":false,"drogasil_busca":false,"drogasil_busca_error":null,"drogasil_detalhe":false,"cache_hit":false,"encontrado":false}}
[2026-06-05T20:13:02.508Z] [INFO] Enriquecimento concluido {"importacao_id":62,"item_id":1036973,"ean":"7896009152016","enriched":false,"requires_approval":true,"fontes_consultadas":{"convertize_busca":false,"convertize_busca_error":null,"convertize_detalhe":false,"farmaindex_busca":false,"farmaindex_busca_error":null,"farmaindex_detalhe":false,"drogasil_busca":false,"drogasil_busca_error":null,"drogasil_detalhe":false,"cache_hit":false,"encontrado":false}}
[2026-06-05T20:13:02.528Z] [INFO] Enriquecimento concluido {"importacao_id":62,"item_id":1036972,"ean":"7896009100468","enriched":false,"requires_approval":true,"fontes_consultadas":{"convertize_busca":false,"convertize_busca_error":null,"convertize_detalhe":false,"farmaindex_busca":false,"farmaindex_busca_error":null,"farmaindex_detalhe":false,"drogasil_busca":false,"drogasil_busca_error":null,"drogasil_detalhe":false,"cache_hit":false,"encontrado":false}}
[2026-06-05T20:13:02.638Z] [INFO] Enriquecimento concluido {"importacao_id":62,"item_id":1036984,"ean":"7898225522086","enriched":false,"requires_approval":true,"fontes_consultadas":{"convertize_busca":false,"convertize_busca_error":null,"convertize_detalhe":false,"farmaindex_busca":false,"farmaindex_busca_error":null,"farmaindex_detalhe":false,"drogasil_busca":false,"drogasil_busca_error":null,"drogasil_detalhe":false,"cache_hit":false,"encontrado":false}}
[2026-06-05T20:13:02.746Z] [INFO] Consumidor retirou lote do staging de trier {"importacao_id":62,"staged_itens_lote":4,"staged_itens_restantes":32755,"sample_eans":["7898225522093","7898225522109","7898225522116","7896212429653"]}
[2026-06-05T20:13:02.747Z] [INFO] Iniciando checagem de existencia no Banco Unico {"total_eans_consulta":4,"batches":1,"batch_size":100,"sample_eans":["7898225522093","7898225522109","7898225522116","7896212429653"]}
[2026-06-05T20:13:02.748Z] [INFO] Consultando batch de EANs no Banco Unico {"batch_index":1,"batch_total":1,"eans_no_batch":4,"sample_eans":["7898225522093","7898225522109","7898225522116","7896212429653"]}
[2026-06-05T20:13:02.784Z] [INFO] Resultado do batch consultado no Banco Unico {"batch_index":1,"encontrados":1,"faltantes":3,"found_eans_sample":["7896212429653"]}
[2026-06-05T20:13:02.785Z] [INFO] Checagem de existencia no Banco Unico concluida {"total_consultados":4,"total_existentes":1,"total_ausentes":3,"existing_eans_sample":["7896212429653"]}
[2026-06-05T20:13:02.864Z] [INFO] Pagina retornada pela trier {"importacao_id":62,"pagina":34,"endpoint":"/rest/integracao/produto/obter-todos-v1","quantidade_itens":999,"total":999}
[2026-06-05T20:13:02.865Z] [INFO] Resumo da triagem antes do enriquecimento {"importacao_id":62,"staged_total":4,"validos_unicos":4,"invalidos":0,"duplicados_no_lote":0,"existentes_no_banco_unico":1,"elegiveis_enriquecimento":3,"sample_eans_elegiveis":["7898225522093","7898225522109","7898225522116"],"acumulado":{"invalidos":5,"duplicados_no_lote":0,"existentes_no_banco_unico":68,"elegiveis_processamento":144}}
[2026-06-05T20:13:02.888Z] [INFO] Iniciando enriquecimento externo {"importacao_id":62,"item_id":1036981,"ean":"7898225522116"}
[2026-06-05T20:13:02.901Z] [INFO] Iniciando enriquecimento externo {"importacao_id":62,"item_id":1036989,"ean":"7898225522109"}
[2026-06-05T20:13:02.904Z] [INFO] Iniciando enriquecimento externo {"importacao_id":62,"item_id":1036986,"ean":"7898225522093"}
[2026-06-05T20:13:03.999Z] [INFO] Enriquecimento concluido {"importacao_id":62,"item_id":1036986,"ean":"7898225522093","enriched":false,"requires_approval":true,"fontes_consultadas":{"convertize_busca":false,"convertize_busca_error":null,"convertize_detalhe":false,"farmaindex_busca":false,"farmaindex_busca_error":null,"farmaindex_detalhe":false,"drogasil_busca":false,"drogasil_busca_error":null,"drogasil_detalhe":false,"cache_hit":false,"encontrado":false}}
[2026-06-05T20:13:04.081Z] [INFO] Enriquecimento concluido {"importacao_id":62,"item_id":1036989,"ean":"7898225522109","enriched":false,"requires_approval":true,"fontes_consultadas":{"convertize_busca":false,"convertize_busca_error":null,"convertize_detalhe":false,"farmaindex_busca":false,"farmaindex_busca_error":null,"farmaindex_detalhe":false,"drogasil_busca":false,"drogasil_busca_error":null,"drogasil_detalhe":false,"cache_hit":false,"encontrado":false}}
[2026-06-05T20:13:04.241Z] [INFO] Enriquecimento concluido {"importacao_id":62,"item_id":1036981,"ean":"7898225522116","enriched":false,"requires_approval":true,"fontes_consultadas":{"convertize_busca":false,"convertize_busca_error":null,"convertize_detalhe":false,"farmaindex_busca":false,"farmaindex_busca_error":null,"farmaindex_detalhe":false,"drogasil_busca":false,"drogasil_busca_error":null,"drogasil_detalhe":false,"cache_hit":false,"encontrado":false}}
[2026-06-05T20:13:04.380Z] [INFO] Consumidor retirou lote do staging de trier {"importacao_id":62,"staged_itens_lote":4,"staged_itens_restantes":32751,"sample_eans":["7898225522123","7898225522130","7898225520815","7898225520785"]}
[2026-06-05T20:13:04.381Z] [INFO] Iniciando checagem de existencia no Banco Unico {"total_eans_consulta":4,"batches":1,"batch_size":100,"sample_eans":["7898225522123","7898225522130","7898225520815","7898225520785"]}
[2026-06-05T20:13:04.382Z] [INFO] Consultando batch de EANs no Banco Unico {"batch_index":1,"batch_total":1,"eans_no_batch":4,"sample_eans":["7898225522123","7898225522130","7898225520815","7898225520785"]}
[2026-06-05T20:13:04.410Z] [INFO] Resultado do batch consultado no Banco Unico {"batch_index":1,"encontrados":0,"faltantes":4,"found_eans_sample":[]}
[2026-06-05T20:13:04.411Z] [INFO] Checagem de existencia no Banco Unico concluida {"total_consultados":4,"total_existentes":0,"total_ausentes":4,"existing_eans_sample":[]}
[2026-06-05T20:13:04.412Z] [INFO] Resumo da triagem antes do enriquecimento {"importacao_id":62,"staged_total":4,"validos_unicos":4,"invalidos":0,"duplicados_no_lote":0,"existentes_no_banco_unico":0,"elegiveis_enriquecimento":4,"sample_eans_elegiveis":["7898225522123","7898225522130","7898225520815","7898225520785"],"acumulado":{"invalidos":5,"duplicados_no_lote":0,"existentes_no_banco_unico":68,"elegiveis_processamento":148}}
[2026-06-05T20:13:04.450Z] [INFO] Iniciando enriquecimento externo {"importacao_id":62,"item_id":1036987,"ean":"7898225522130"}
[2026-06-05T20:13:04.462Z] [INFO] Iniciando enriquecimento externo {"importacao_id":62,"item_id":1036980,"ean":"7898225520815"}
[2026-06-05T20:13:04.466Z] [INFO] Iniciando enriquecimento externo {"importacao_id":62,"item_id":1036979,"ean":"7898225520785"}
[2026-06-05T20:13:04.468Z] [INFO] Iniciando enriquecimento externo {"importacao_id":62,"item_id":1036977,"ean":"7898225522123"}
[2026-06-05T20:13:06.452Z] [INFO] Requisicao finalizada {"method":"GET","path":"/imports/62","status":200,"duration_ms":5228}
[2026-06-05T20:13:06.620Z] [INFO] Pagina armazenada em staging para trier {"importacao_id":62,"pagina":34,"staged_itens_pagina":999,"staged_itens_total":33966,"itens_aguardando_consumidor":33750,"sample_eans":["7898944073791","7898610370094","7898483537433","7898927980740","7898483536078","748927020076","7899304808343","7899304808497","7899304808510","7898318852243"]}
[2026-06-05T20:13:06.621Z] [INFO] Buscando pagina de produtos na trier {"importacao_id":62,"pagina":35,"primeiro_registro":33966,"quantidade_registros":999,"ativo":null,"integracao_ecommerce":null,"processa_custo_medio":false}
[2026-06-05T20:13:08.055Z] [INFO] Enriquecimento concluido {"importacao_id":62,"item_id":1036987,"ean":"7898225522130","enriched":false,"requires_approval":true,"fontes_consultadas":{"convertize_busca":false,"convertize_busca_error":null,"convertize_detalhe":false,"farmaindex_busca":false,"farmaindex_busca_error":null,"farmaindex_detalhe":false,"drogasil_busca":false,"drogasil_busca_error":null,"drogasil_detalhe":false,"cache_hit":false,"encontrado":false}}
[2026-06-05T20:13:08.069Z] [INFO] Enriquecimento concluido {"importacao_id":62,"item_id":1036977,"ean":"7898225522123","enriched":false,"requires_approval":true,"fontes_consultadas":{"convertize_busca":false,"convertize_busca_error":null,"convertize_detalhe":false,"farmaindex_busca":false,"farmaindex_busca_error":null,"farmaindex_detalhe":false,"drogasil_busca":false,"drogasil_busca_error":null,"drogasil_detalhe":false,"cache_hit":false,"encontrado":false}}
[2026-06-05T20:13:08.129Z] [INFO] Enriquecimento concluido {"importacao_id":62,"item_id":1036979,"ean":"7898225520785","enriched":false,"requires_approval":true,"fontes_consultadas":{"convertize_busca":false,"convertize_busca_error":null,"convertize_detalhe":false,"farmaindex_busca":false,"farmaindex_busca_error":null,"farmaindex_detalhe":false,"drogasil_busca":false,"drogasil_busca_error":null,"drogasil_detalhe":false,"cache_hit":false,"encontrado":false}}
[2026-06-05T20:13:08.298Z] [INFO] Enriquecimento concluido {"importacao_id":62,"item_id":1036980,"ean":"7898225520815","enriched":false,"requires_approval":true,"fontes_consultadas":{"convertize_busca":false,"convertize_busca_error":null,"convertize_detalhe":false,"farmaindex_busca":false,"farmaindex_busca_error":null,"farmaindex_detalhe":false,"drogasil_busca":false,"drogasil_busca_error":null,"drogasil_detalhe":false,"cache_hit":false,"encontrado":false}}
[2026-06-05T20:13:08.387Z] [INFO] Consumidor retirou lote do staging de trier {"importacao_id":62,"staged_itens_lote":4,"staged_itens_restantes":33746,"sample_eans":["7898225520556","7898225520648","7898225520563","7896046302047"]}
[2026-06-05T20:13:08.388Z] [INFO] Iniciando checagem de existencia no Banco Unico {"total_eans_consulta":4,"batches":1,"batch_size":100,"sample_eans":["7898225520556","7898225520648","7898225520563","7896046302047"]}
[2026-06-05T20:13:08.388Z] [INFO] Consultando batch de EANs no Banco Unico {"batch_index":1,"batch_total":1,"eans_no_batch":4,"sample_eans":["7898225520556","7898225520648","7898225520563","7896046302047"]}
[2026-06-05T20:13:08.419Z] [INFO] Resultado do batch consultado no Banco Unico {"batch_index":1,"encontrados":1,"faltantes":3,"found_eans_sample":["7896046302047"]}
[2026-06-05T20:13:08.419Z] [INFO] Checagem de existencia no Banco Unico concluida {"total_consultados":4,"total_existentes":1,"total_ausentes":3,"existing_eans_sample":["7896046302047"]}
[2026-06-05T20:13:08.485Z] [INFO] Resumo da triagem antes do enriquecimento {"importacao_id":62,"staged_total":4,"validos_unicos":4,"invalidos":0,"duplicados_no_lote":0,"existentes_no_banco_unico":1,"elegiveis_enriquecimento":3,"sample_eans_elegiveis":["7898225520556","7898225520648","7898225520563"],"acumulado":{"invalidos":5,"duplicados_no_lote":0,"existentes_no_banco_unico":69,"elegiveis_processamento":151}}
[2026-06-05T20:13:08.517Z] [INFO] Pagina retornada pela trier {"importacao_id":62,"pagina":35,"endpoint":"/rest/integracao/produto/obter-todos-v1","quantidade_itens":999,"total":999}
[2026-06-05T20:13:08.537Z] [INFO] Iniciando enriquecimento externo {"importacao_id":62,"item_id":1036978,"ean":"7898225520648"}
[2026-06-05T20:13:08.544Z] [INFO] Iniciando enriquecimento externo {"importacao_id":62,"item_id":1036990,"ean":"7898225520563"}
[2026-06-05T20:13:08.551Z] [INFO] Iniciando enriquecimento externo {"importacao_id":62,"item_id":1036982,"ean":"7898225520556"}
[2026-06-05T20:13:09.846Z] [INFO] Enriquecimento concluido {"importacao_id":62,"item_id":1036990,"ean":"7898225520563","enriched":false,"requires_approval":true,"fontes_consultadas":{"convertize_busca":false,"convertize_busca_error":null,"convertize_detalhe":false,"farmaindex_busca":false,"farmaindex_busca_error":null,"farmaindex_detalhe":false,"drogasil_busca":false,"drogasil_busca_error":null,"drogasil_detalhe":false,"cache_hit":false,"encontrado":false}}
[2026-06-05T20:13:09.961Z] [INFO] Enriquecimento concluido {"importacao_id":62,"item_id":1036978,"ean":"7898225520648","enriched":false,"requires_approval":true,"fontes_consultadas":{"convertize_busca":false,"convertize_busca_error":null,"convertize_detalhe":false,"farmaindex_busca":false,"farmaindex_busca_error":null,"farmaindex_detalhe":false,"drogasil_busca":false,"drogasil_busca_error":null,"drogasil_detalhe":false,"cache_hit":false,"encontrado":false}}
[2026-06-05T20:13:10.009Z] [INFO] Enriquecimento concluido {"importacao_id":62,"item_id":1036982,"ean":"7898225520556","enriched":false,"requires_approval":true,"fontes_consultadas":{"convertize_busca":false,"convertize_busca_error":null,"convertize_detalhe":false,"farmaindex_busca":false,"farmaindex_busca_error":null,"farmaindex_detalhe":false,"drogasil_busca":false,"drogasil_busca_error":null,"drogasil_detalhe":false,"cache_hit":false,"encontrado":false}}
[2026-06-05T20:13:10.394Z] [INFO] Consumidor retirou lote do staging de trier {"importacao_id":62,"staged_itens_lote":4,"staged_itens_restantes":33742,"sample_eans":["7896046300050","7896046300043","7894916550086"]}
[2026-06-05T20:13:10.394Z] [INFO] Iniciando checagem de existencia no Banco Unico {"total_eans_consulta":3,"batches":1,"batch_size":100,"sample_eans":["7896046300050","7896046300043","7894916550086"]}
[2026-06-05T20:13:10.395Z] [INFO] Consultando batch de EANs no Banco Unico {"batch_index":1,"batch_total":1,"eans_no_batch":3,"sample_eans":["7896046300050","7896046300043","7894916550086"]}
[2026-06-05T20:13:10.476Z] [INFO] Resultado do batch consultado no Banco Unico {"batch_index":1,"encontrados":1,"faltantes":2,"found_eans_sample":["7894916550086"]}
[2026-06-05T20:13:10.477Z] [INFO] Checagem de existencia no Banco Unico concluida {"total_consultados":3,"total_existentes":1,"total_ausentes":2,"existing_eans_sample":["7894916550086"]}
[2026-06-05T20:13:10.702Z] [INFO] Resumo da triagem antes do enriquecimento {"importacao_id":62,"staged_total":4,"validos_unicos":3,"invalidos":1,"duplicados_no_lote":0,"existentes_no_banco_unico":1,"elegiveis_enriquecimento":3,"sample_eans_elegiveis":["7896046300050","7896046300043"],"acumulado":{"invalidos":6,"duplicados_no_lote":0,"existentes_no_banco_unico":70,"elegiveis_processamento":154}}
[2026-06-05T20:13:10.758Z] [INFO] Iniciando enriquecimento externo {"importacao_id":62,"item_id":1036992,"ean":"7896046300043"}
[2026-06-05T20:13:10.770Z] [INFO] Iniciando enriquecimento externo {"importacao_id":62,"item_id":1036991,"ean":"7896046300050"}
[2026-06-05T20:13:10.923Z] [INFO] Pagina armazenada em staging para trier {"importacao_id":62,"pagina":35,"staged_itens_pagina":999,"staged_itens_total":34965,"itens_aguardando_consumidor":34741,"sample_eans":["7891058021610","7896026305280","7896181926467","7891058021559","7500435122221","7500435122214","7899700801030","7899700801047","7896004737218","7897930775930"]}
[2026-06-05T20:13:10.924Z] [INFO] Buscando pagina de produtos na trier {"importacao_id":62,"pagina":36,"primeiro_registro":34965,"quantidade_registros":999,"ativo":null,"integracao_ecommerce":null,"processa_custo_medio":false}
[2026-06-05T20:13:11.877Z] [INFO] Enriquecimento concluido {"importacao_id":62,"item_id":1036991,"ean":"7896046300050","enriched":false,"requires_approval":true,"fontes_consultadas":{"convertize_busca":false,"convertize_busca_error":null,"convertize_detalhe":false,"farmaindex_busca":false,"farmaindex_busca_error":null,"farmaindex_detalhe":false,"drogasil_busca":false,"drogasil_busca_error":null,"drogasil_detalhe":false,"cache_hit":false,"encontrado":false}}
[2026-06-05T20:13:11.944Z] [INFO] Enriquecimento concluido {"importacao_id":62,"item_id":1036992,"ean":"7896046300043","enriched":false,"requires_approval":true,"fontes_consultadas":{"convertize_busca":false,"convertize_busca_error":null,"convertize_detalhe":false,"farmaindex_busca":false,"farmaindex_busca_error":null,"farmaindex_detalhe":false,"drogasil_busca":false,"drogasil_busca_error":null,"drogasil_detalhe":false,"cache_hit":false,"encontrado":false}}
[2026-06-05T20:13:12.044Z] [INFO] Consumidor retirou lote do staging de trier {"importacao_id":62,"staged_itens_lote":4,"staged_itens_restantes":34737,"sample_eans":["7896004710907","7896004710891","7896251800420","7896004711676"]}
[2026-06-05T20:13:12.044Z] [INFO] Iniciando checagem de existencia no Banco Unico {"total_eans_consulta":4,"batches":1,"batch_size":100,"sample_eans":["7896004710907","7896004710891","7896251800420","7896004711676"]}
[2026-06-05T20:13:12.045Z] [INFO] Consultando batch de EANs no Banco Unico {"batch_index":1,"batch_total":1,"eans_no_batch":4,"sample_eans":["7896004710907","7896004710891","7896251800420","7896004711676"]}
[2026-06-05T20:13:12.073Z] [INFO] Resultado do batch consultado no Banco Unico {"batch_index":1,"encontrados":3,"faltantes":1,"found_eans_sample":["7896004710907","7896004710891","7896251800420"]}
[2026-06-05T20:13:12.074Z] [INFO] Checagem de existencia no Banco Unico concluida {"total_consultados":4,"total_existentes":3,"total_ausentes":1,"existing_eans_sample":["7896004710907","7896004710891","7896251800420"]}
[2026-06-05T20:13:12.275Z] [INFO] Resumo da triagem antes do enriquecimento {"importacao_id":62,"staged_total":4,"validos_unicos":4,"invalidos":0,"duplicados_no_lote":0,"existentes_no_banco_unico":3,"elegiveis_enriquecimento":1,"sample_eans_elegiveis":["7896004711676"],"acumulado":{"invalidos":6,"duplicados_no_lote":0,"existentes_no_banco_unico":73,"elegiveis_processamento":155}}
[2026-06-05T20:13:12.308Z] [INFO] Iniciando enriquecimento externo {"importacao_id":62,"item_id":1036996,"ean":"7896004711676"}
[2026-06-05T20:13:12.525Z] [INFO] Pagina retornada pela trier {"importacao_id":62,"pagina":36,"endpoint":"/rest/integracao/produto/obter-todos-v1","quantidade_itens":999,"total":999}
[2026-06-05T20:13:13.278Z] [INFO] Enriquecimento concluido {"importacao_id":62,"item_id":1036996,"ean":"7896004711676","enriched":false,"requires_approval":true,"fontes_consultadas":{"convertize_busca":false,"convertize_busca_error":null,"convertize_detalhe":false,"farmaindex_busca":false,"farmaindex_busca_error":null,"farmaindex_detalhe":false,"drogasil_busca":false,"drogasil_busca_error":null,"drogasil_detalhe":false,"cache_hit":false,"encontrado":false}}
[2026-06-05T20:13:13.416Z] [INFO] Consumidor retirou lote do staging de trier {"importacao_id":62,"staged_itens_lote":4,"staged_itens_restantes":34733,"sample_eans":["7896004711577","7891010044992","7895296218023","7895296221023"]}
[2026-06-05T20:13:13.417Z] [INFO] Iniciando checagem de existencia no Banco Unico {"total_eans_consulta":4,"batches":1,"batch_size":100,"sample_eans":["7896004711577","7891010044992","7895296218023","7895296221023"]}
[2026-06-05T20:13:13.418Z] [INFO] Consultando batch de EANs no Banco Unico {"batch_index":1,"batch_total":1,"eans_no_batch":4,"sample_eans":["7896004711577","7891010044992","7895296218023","7895296221023"]}
[2026-06-05T20:13:13.450Z] [INFO] Resultado do batch consultado no Banco Unico {"batch_index":1,"encontrados":1,"faltantes":3,"found_eans_sample":["7891010044992"]}
[2026-06-05T20:13:13.451Z] [INFO] Checagem de existencia no Banco Unico concluida {"total_consultados":4,"total_existentes":1,"total_ausentes":3,"existing_eans_sample":["7891010044992"]}
[2026-06-05T20:13:13.552Z] [INFO] Resumo da triagem antes do enriquecimento {"importacao_id":62,"staged_total":4,"validos_unicos":4,"invalidos":0,"duplicados_no_lote":0,"existentes_no_banco_unico":1,"elegiveis_enriquecimento":3,"sample_eans_elegiveis":["7896004711577","7895296218023","7895296221023"],"acumulado":{"invalidos":6,"duplicados_no_lote":0,"existentes_no_banco_unico":74,"elegiveis_processamento":158}}
[2026-06-05T20:13:13.591Z] [INFO] Iniciando enriquecimento externo {"importacao_id":62,"item_id":1037002,"ean":"7895296218023"}
[2026-06-05T20:13:13.597Z] [INFO] Iniciando enriquecimento externo {"importacao_id":62,"item_id":1036999,"ean":"7896004711577"}
[2026-06-05T20:13:13.600Z] [INFO] Iniciando enriquecimento externo {"importacao_id":62,"item_id":1037003,"ean":"7895296221023"}
[2026-06-05T20:13:14.450Z] [INFO] Pagina armazenada em staging para trier {"importacao_id":62,"pagina":36,"staged_itens_pagina":999,"staged_itens_total":35964,"itens_aguardando_consumidor":35732,"sample_eans":["7898555601857","7898555601833","7898555601871","7899583200173","7899583200197","7896112191537","7896083410248","7891158103896","7898225524684","7899621106689"]}
[2026-06-05T20:13:14.451Z] [INFO] Buscando pagina de produtos na trier {"importacao_id":62,"pagina":37,"primeiro_registro":35964,"quantidade_registros":999,"ativo":null,"integracao_ecommerce":null,"processa_custo_medio":false}
[2026-06-05T20:13:14.827Z] [INFO] Enriquecimento concluido {"importacao_id":62,"item_id":1036999,"ean":"7896004711577","enriched":false,"requires_approval":true,"fontes_consultadas":{"convertize_busca":false,"convertize_busca_error":null,"convertize_detalhe":false,"farmaindex_busca":false,"farmaindex_busca_error":null,"farmaindex_detalhe":false,"drogasil_busca":false,"drogasil_busca_error":null,"drogasil_detalhe":false,"cache_hit":false,"encontrado":false}}
[2026-06-05T20:13:14.884Z] [INFO] Enriquecimento concluido {"importacao_id":62,"item_id":1037003,"ean":"7895296221023","enriched":false,"requires_approval":true,"fontes_consultadas":{"convertize_busca":false,"convertize_busca_error":null,"convertize_detalhe":false,"farmaindex_busca":false,"farmaindex_busca_error":null,"farmaindex_detalhe":false,"drogasil_busca":false,"drogasil_busca_error":null,"drogasil_detalhe":false,"cache_hit":false,"encontrado":false}}
[2026-06-05T20:13:15.074Z] [INFO] Enriquecimento concluido {"importacao_id":62,"item_id":1037002,"ean":"7895296218023","enriched":false,"requires_approval":true,"fontes_consultadas":{"convertize_busca":false,"convertize_busca_error":null,"convertize_detalhe":false,"farmaindex_busca":false,"farmaindex_busca_error":null,"farmaindex_detalhe":false,"drogasil_busca":false,"drogasil_busca_error":null,"drogasil_detalhe":false,"cache_hit":false,"encontrado":false}}
[2026-06-05T20:13:15.167Z] [INFO] Consumidor retirou lote do staging de trier {"importacao_id":62,"staged_itens_lote":4,"staged_itens_restantes":35728,"sample_eans":["7896007510795","7895296221078","4005808816132","7895296222013"]}
[2026-06-05T20:13:15.168Z] [INFO] Iniciando checagem de existencia no Banco Unico {"total_eans_consulta":4,"batches":1,"batch_size":100,"sample_eans":["7896007510795","7895296221078","4005808816132","7895296222013"]}
[2026-06-05T20:13:15.169Z] [INFO] Consultando batch de EANs no Banco Unico {"batch_index":1,"batch_total":1,"eans_no_batch":4,"sample_eans":["7896007510795","7895296221078","4005808816132","7895296222013"]}
[2026-06-05T20:13:15.197Z] [INFO] Resultado do batch consultado no Banco Unico {"batch_index":1,"encontrados":0,"faltantes":4,"found_eans_sample":[]}
[2026-06-05T20:13:15.198Z] [INFO] Checagem de existencia no Banco Unico concluida {"total_consultados":4,"total_existentes":0,"total_ausentes":4,"existing_eans_sample":[]}
[2026-06-05T20:13:15.198Z] [INFO] Resumo da triagem antes do enriquecimento {"importacao_id":62,"staged_total":4,"validos_unicos":4,"invalidos":0,"duplicados_no_lote":0,"existentes_no_banco_unico":0,"elegiveis_enriquecimento":4,"sample_eans_elegiveis":["7896007510795","7895296221078","4005808816132","7895296222013"],"acumulado":{"invalidos":6,"duplicados_no_lote":0,"existentes_no_banco_unico":74,"elegiveis_processamento":162}}
[2026-06-05T20:13:15.224Z] [INFO] Iniciando enriquecimento externo {"importacao_id":62,"item_id":1037004,"ean":"4005808816132"}
[2026-06-05T20:13:15.227Z] [INFO] Iniciando enriquecimento externo {"importacao_id":62,"item_id":1037007,"ean":"7895296222013"}
[2026-06-05T20:13:15.232Z] [INFO] Iniciando enriquecimento externo {"importacao_id":62,"item_id":1037005,"ean":"7895296221078"}
[2026-06-05T20:13:15.236Z] [INFO] Iniciando enriquecimento externo {"importacao_id":62,"item_id":1037000,"ean":"7896007510795"}
[2026-06-05T20:13:16.081Z] [INFO] Pagina retornada pela trier {"importacao_id":62,"pagina":37,"endpoint":"/rest/integracao/produto/obter-todos-v1","quantidade_itens":999,"total":999}
[2026-06-05T20:13:16.376Z] [INFO] Enriquecimento concluido {"importacao_id":62,"item_id":1037005,"ean":"7895296221078","enriched":false,"requires_approval":true,"fontes_consultadas":{"convertize_busca":false,"convertize_busca_error":null,"convertize_detalhe":false,"farmaindex_busca":false,"farmaindex_busca_error":null,"farmaindex_detalhe":false,"drogasil_busca":false,"drogasil_busca_error":null,"drogasil_detalhe":false,"cache_hit":false,"encontrado":false}}
[2026-06-05T20:13:16.431Z] [INFO] Enriquecimento concluido {"importacao_id":62,"item_id":1037000,"ean":"7896007510795","enriched":false,"requires_approval":true,"fontes_consultadas":{"convertize_busca":false,"convertize_busca_error":null,"convertize_detalhe":false,"farmaindex_busca":false,"farmaindex_busca_error":null,"farmaindex_detalhe":false,"drogasil_busca":false,"drogasil_busca_error":null,"drogasil_detalhe":false,"cache_hit":false,"encontrado":false}}
[2026-06-05T20:13:16.493Z] [INFO] Enriquecimento concluido {"importacao_id":62,"item_id":1037007,"ean":"7895296222013","enriched":false,"requires_approval":true,"fontes_consultadas":{"convertize_busca":false,"convertize_busca_error":null,"convertize_detalhe":false,"farmaindex_busca":false,"farmaindex_busca_error":null,"farmaindex_detalhe":false,"drogasil_busca":false,"drogasil_busca_error":null,"drogasil_detalhe":false,"cache_hit":false,"encontrado":false}}
[2026-06-05T20:13:16.601Z] [INFO] Enriquecimento concluido {"importacao_id":62,"item_id":1037004,"ean":"4005808816132","enriched":false,"requires_approval":true,"fontes_consultadas":{"convertize_busca":false,"convertize_busca_error":null,"convertize_detalhe":false,"farmaindex_busca":false,"farmaindex_busca_error":null,"farmaindex_detalhe":false,"drogasil_busca":false,"drogasil_busca_error":null,"drogasil_detalhe":false,"cache_hit":false,"encontrado":false}}
[2026-06-05T20:13:16.719Z] [INFO] Consumidor retirou lote do staging de trier {"importacao_id":62,"staged_itens_lote":4,"staged_itens_restantes":35724,"sample_eans":["7895296244022","7896181909316","7896181909590","7896676411393"]}
[2026-06-05T20:13:16.720Z] [INFO] Iniciando checagem de existencia no Banco Unico {"total_eans_consulta":4,"batches":1,"batch_size":100,"sample_eans":["7895296244022","7896181909316","7896181909590","7896676411393"]}
[2026-06-05T20:13:16.721Z] [INFO] Consultando batch de EANs no Banco Unico {"batch_index":1,"batch_total":1,"eans_no_batch":4,"sample_eans":["7895296244022","7896181909316","7896181909590","7896676411393"]}
[2026-06-05T20:13:16.749Z] [INFO] Resultado do batch consultado no Banco Unico {"batch_index":1,"encontrados":1,"faltantes":3,"found_eans_sample":["7896181909316"]}
[2026-06-05T20:13:16.749Z] [INFO] Checagem de existencia no Banco Unico concluida {"total_consultados":4,"total_existentes":1,"total_ausentes":3,"existing_eans_sample":["7896181909316"]}
[2026-06-05T20:13:16.831Z] [INFO] Resumo da triagem antes do enriquecimento {"importacao_id":62,"staged_total":4,"validos_unicos":4,"invalidos":0,"duplicados_no_lote":0,"existentes_no_banco_unico":1,"elegiveis_enriquecimento":3,"sample_eans_elegiveis":["7895296244022","7896181909590","7896676411393"],"acumulado":{"invalidos":6,"duplicados_no_lote":0,"existentes_no_banco_unico":75,"elegiveis_processamento":165}}
[2026-06-05T20:13:16.870Z] [INFO] Iniciando enriquecimento externo {"importacao_id":62,"item_id":1037006,"ean":"7895296244022"}
[2026-06-05T20:13:16.875Z] [INFO] Iniciando enriquecimento externo {"importacao_id":62,"item_id":1037001,"ean":"7896181909590"}
[2026-06-05T20:13:16.880Z] [INFO] Iniciando enriquecimento externo {"importacao_id":62,"item_id":1037009,"ean":"7896676411393"}
[2026-06-05T20:13:17.838Z] [INFO] Enriquecimento concluido {"importacao_id":62,"item_id":1037009,"ean":"7896676411393","enriched":false,"requires_approval":true,"fontes_consultadas":{"convertize_busca":false,"convertize_busca_error":null,"convertize_detalhe":false,"farmaindex_busca":false,"farmaindex_busca_error":null,"farmaindex_detalhe":false,"drogasil_busca":false,"drogasil_busca_error":null,"drogasil_detalhe":false,"cache_hit":false,"encontrado":false}}
[2026-06-05T20:13:17.884Z] [INFO] Pagina armazenada em staging para trier {"importacao_id":62,"pagina":37,"staged_itens_pagina":999,"staged_itens_total":36963,"itens_aguardando_consumidor":36723,"sample_eans":["7898636191321","7896206407896","742832304801","7899095252011","7891058027117","7891024041611","7891024034590","7891024035825","7891024020210","7891035033001"]}
[2026-06-05T20:13:17.884Z] [INFO] Buscando pagina de produtos na trier {"importacao_id":62,"pagina":38,"primeiro_registro":36963,"quantidade_registros":999,"ativo":null,"integracao_ecommerce":null,"processa_custo_medio":false}
[2026-06-05T20:13:17.963Z] [INFO] Enriquecimento concluido {"importacao_id":62,"item_id":1037006,"ean":"7895296244022","enriched":false,"requires_approval":true,"fontes_consultadas":{"convertize_busca":false,"convertize_busca_error":null,"convertize_detalhe":false,"farmaindex_busca":false,"farmaindex_busca_error":null,"farmaindex_detalhe":false,"drogasil_busca":false,"drogasil_busca_error":null,"drogasil_detalhe":false,"cache_hit":false,"encontrado":false}}
[2026-06-05T20:13:19.141Z] [INFO] Enriquecimento concluido {"importacao_id":62,"item_id":1037001,"ean":"7896181909590","enriched":false,"requires_approval":true,"fontes_consultadas":{"convertize_busca":false,"convertize_busca_error":null,"convertize_detalhe":false,"farmaindex_busca":false,"farmaindex_busca_error":null,"farmaindex_detalhe":false,"drogasil_busca":false,"drogasil_busca_error":null,"drogasil_detalhe":false,"cache_hit":false,"encontrado":false}}
[2026-06-05T20:13:19.273Z] [INFO] Consumidor retirou lote do staging de trier {"importacao_id":62,"staged_itens_lote":4,"staged_itens_restantes":36719,"sample_eans":["7896181908937","7896181909347","7891176112184","7891176112160"]}
[2026-06-05T20:13:19.274Z] [INFO] Iniciando checagem de existencia no Banco Unico {"total_eans_consulta":4,"batches":1,"batch_size":100,"sample_eans":["7896181908937","7896181909347","7891176112184","7891176112160"]}
[2026-06-05T20:13:19.274Z] [INFO] Consultando batch de EANs no Banco Unico {"batch_index":1,"batch_total":1,"eans_no_batch":4,"sample_eans":["7896181908937","7896181909347","7891176112184","7891176112160"]}
[2026-06-05T20:13:19.301Z] [INFO] Resultado do batch consultado no Banco Unico {"batch_index":1,"encontrados":1,"faltantes":3,"found_eans_sample":["7896181909347"]}
[2026-06-05T20:13:19.302Z] [INFO] Checagem de existencia no Banco Unico concluida {"total_consultados":4,"total_existentes":1,"total_ausentes":3,"existing_eans_sample":["7896181909347"]}
[2026-06-05T20:13:19.361Z] [INFO] Resumo da triagem antes do enriquecimento {"importacao_id":62,"staged_total":4,"validos_unicos":4,"invalidos":0,"duplicados_no_lote":0,"existentes_no_banco_unico":1,"elegiveis_enriquecimento":3,"sample_eans_elegiveis":["7896181908937","7891176112184","7891176112160"],"acumulado":{"invalidos":6,"duplicados_no_lote":0,"existentes_no_banco_unico":76,"elegiveis_processamento":168}}
[2026-06-05T20:13:19.393Z] [INFO] Iniciando enriquecimento externo {"importacao_id":62,"item_id":1037012,"ean":"7891176112184"}
[2026-06-05T20:13:19.395Z] [INFO] Iniciando enriquecimento externo {"importacao_id":62,"item_id":1037015,"ean":"7891176112160"}
[2026-06-05T20:13:19.398Z] [INFO] Iniciando enriquecimento externo {"importacao_id":62,"item_id":1037010,"ean":"7896181908937"}
[2026-06-05T20:13:19.556Z] [INFO] Pagina retornada pela trier {"importacao_id":62,"pagina":38,"endpoint":"/rest/integracao/produto/obter-todos-v1","quantidade_itens":999,"total":999}
[2026-06-05T20:13:20.909Z] [INFO] Enriquecimento concluido {"importacao_id":62,"item_id":1037012,"ean":"7891176112184","enriched":false,"requires_approval":true,"fontes_consultadas":{"convertize_busca":false,"convertize_busca_error":null,"convertize_detalhe":false,"farmaindex_busca":false,"farmaindex_busca_error":null,"farmaindex_detalhe":false,"drogasil_busca":false,"drogasil_busca_error":null,"drogasil_detalhe":false,"cache_hit":false,"encontrado":false}}
[2026-06-05T20:13:20.981Z] [INFO] Enriquecimento concluido {"importacao_id":62,"item_id":1037015,"ean":"7891176112160","enriched":false,"requires_approval":true,"fontes_consultadas":{"convertize_busca":false,"convertize_busca_error":null,"convertize_detalhe":false,"farmaindex_busca":false,"farmaindex_busca_error":null,"farmaindex_detalhe":false,"drogasil_busca":false,"drogasil_busca_error":null,"drogasil_detalhe":false,"cache_hit":false,"encontrado":false}}
[2026-06-05T20:13:20.984Z] [INFO] Enriquecimento concluido {"importacao_id":62,"item_id":1037010,"ean":"7896181908937","enriched":false,"requires_approval":true,"fontes_consultadas":{"convertize_busca":false,"convertize_busca_error":null,"convertize_detalhe":false,"farmaindex_busca":false,"farmaindex_busca_error":null,"farmaindex_detalhe":false,"drogasil_busca":false,"drogasil_busca_error":null,"drogasil_detalhe":false,"cache_hit":false,"encontrado":false}}
[2026-06-05T20:13:21.127Z] [INFO] Consumidor retirou lote do staging de trier {"importacao_id":62,"staged_itens_lote":4,"staged_itens_restantes":36715,"sample_eans":["7891176112207","7896290401077","7891176136081","7896241236543"]}
[2026-06-05T20:13:21.127Z] [INFO] Iniciando checagem de existencia no Banco Unico {"total_eans_consulta":4,"batches":1,"batch_size":100,"sample_eans":["7891176112207","7896290401077","7891176136081","7896241236543"]}
[2026-06-05T20:13:21.128Z] [INFO] Consultando batch de EANs no Banco Unico {"batch_index":1,"batch_total":1,"eans_no_batch":4,"sample_eans":["7891176112207","7896290401077","7891176136081","7896241236543"]}
[2026-06-05T20:13:21.159Z] [INFO] Resultado do batch consultado no Banco Unico {"batch_index":1,"encontrados":0,"faltantes":4,"found_eans_sample":[]}
[2026-06-05T20:13:21.160Z] [INFO] Checagem de existencia no Banco Unico concluida {"total_consultados":4,"total_existentes":0,"total_ausentes":4,"existing_eans_sample":[]}
[2026-06-05T20:13:21.160Z] [INFO] Resumo da triagem antes do enriquecimento {"importacao_id":62,"staged_total":4,"validos_unicos":4,"invalidos":0,"duplicados_no_lote":0,"existentes_no_banco_unico":0,"elegiveis_enriquecimento":4,"sample_eans_elegiveis":["7891176112207","7896290401077","7891176136081","7896241236543"],"acumulado":{"invalidos":6,"duplicados_no_lote":0,"existentes_no_banco_unico":76,"elegiveis_processamento":172}}
[2026-06-05T20:13:21.189Z] [INFO] Iniciando enriquecimento externo {"importacao_id":62,"item_id":1037017,"ean":"7896241236543"}
[2026-06-05T20:13:21.192Z] [INFO] Iniciando enriquecimento externo {"importacao_id":62,"item_id":1037013,"ean":"7896290401077"}
[2026-06-05T20:13:21.196Z] [INFO] Iniciando enriquecimento externo {"importacao_id":62,"item_id":1037016,"ean":"7891176112207"}
[2026-06-05T20:13:21.203Z] [INFO] Iniciando enriquecimento externo {"importacao_id":62,"item_id":1037014,"ean":"7891176136081"}
[2026-06-05T20:13:21.277Z] [INFO] Pagina armazenada em staging para trier {"importacao_id":62,"pagina":38,"staged_itens_pagina":999,"staged_itens_total":37962,"itens_aguardando_consumidor":37714,"sample_eans":["7891150059009","7891150062481","7896094906181","7896004727196","7896004753942","7896112127338","7896112127390","7896115704512","7898170980290","7898639302007"]}
[2026-06-05T20:13:21.278Z] [INFO] Buscando pagina de produtos na trier {"importacao_id":62,"pagina":39,"primeiro_registro":37962,"quantidade_registros":999,"ativo":null,"integracao_ecommerce":null,"processa_custo_medio":false}
[2026-06-05T20:13:22.601Z] [INFO] Enriquecimento concluido {"importacao_id":62,"item_id":1037013,"ean":"7896290401077","enriched":false,"requires_approval":true,"fontes_consultadas":{"convertize_busca":false,"convertize_busca_error":null,"convertize_detalhe":false,"farmaindex_busca":false,"farmaindex_busca_error":null,"farmaindex_detalhe":false,"drogasil_busca":false,"drogasil_busca_error":null,"drogasil_detalhe":false,"cache_hit":false,"encontrado":false}}
[2026-06-05T20:13:22.629Z] [INFO] Enriquecimento concluido {"importacao_id":62,"item_id":1037014,"ean":"7891176136081","enriched":false,"requires_approval":true,"fontes_consultadas":{"convertize_busca":false,"convertize_busca_error":null,"convertize_detalhe":false,"farmaindex_busca":false,"farmaindex_busca_error":null,"farmaindex_detalhe":false,"drogasil_busca":false,"drogasil_busca_error":null,"drogasil_detalhe":false,"cache_hit":false,"encontrado":false}}
[2026-06-05T20:13:22.652Z] [INFO] Enriquecimento concluido {"importacao_id":62,"item_id":1037017,"ean":"7896241236543","enriched":false,"requires_approval":true,"fontes_consultadas":{"convertize_busca":false,"convertize_busca_error":null,"convertize_detalhe":false,"farmaindex_busca":false,"farmaindex_busca_error":null,"farmaindex_detalhe":false,"drogasil_busca":false,"drogasil_busca_error":null,"drogasil_detalhe":false,"cache_hit":false,"encontrado":false}}
[2026-06-05T20:13:22.734Z] [INFO] Enriquecimento concluido {"importacao_id":62,"item_id":1037016,"ean":"7891176112207","enriched":false,"requires_approval":true,"fontes_consultadas":{"convertize_busca":false,"convertize_busca_error":null,"convertize_detalhe":false,"farmaindex_busca":false,"farmaindex_busca_error":null,"farmaindex_detalhe":false,"drogasil_busca":false,"drogasil_busca_error":null,"drogasil_detalhe":false,"cache_hit":false,"encontrado":false}}
[2026-06-05T20:13:22.839Z] [INFO] Consumidor retirou lote do staging de trier {"importacao_id":62,"staged_itens_lote":4,"staged_itens_restantes":37710,"sample_eans":["5700666011925","7896014155095","7896229902330","7896044928546"]}
[2026-06-05T20:13:22.840Z] [INFO] Iniciando checagem de existencia no Banco Unico {"total_eans_consulta":4,"batches":1,"batch_size":100,"sample_eans":["5700666011925","7896014155095","7896229902330","7896044928546"]}
[2026-06-05T20:13:22.841Z] [INFO] Consultando batch de EANs no Banco Unico {"batch_index":1,"batch_total":1,"eans_no_batch":4,"sample_eans":["5700666011925","7896014155095","7896229902330","7896044928546"]}
[2026-06-05T20:13:22.871Z] [INFO] Resultado do batch consultado no Banco Unico {"batch_index":1,"encontrados":0,"faltantes":4,"found_eans_sample":[]}
[2026-06-05T20:13:22.872Z] [INFO] Checagem de existencia no Banco Unico concluida {"total_consultados":4,"total_existentes":0,"total_ausentes":4,"existing_eans_sample":[]}
[2026-06-05T20:13:22.873Z] [INFO] Resumo da triagem antes do enriquecimento {"importacao_id":62,"staged_total":4,"validos_unicos":4,"invalidos":0,"duplicados_no_lote":0,"existentes_no_banco_unico":0,"elegiveis_enriquecimento":4,"sample_eans_elegiveis":["5700666011925","7896014155095","7896229902330","7896044928546"],"acumulado":{"invalidos":6,"duplicados_no_lote":0,"existentes_no_banco_unico":76,"elegiveis_processamento":176}}
[2026-06-05T20:13:22.902Z] [INFO] Iniciando enriquecimento externo {"importacao_id":62,"item_id":1037022,"ean":"7896014155095"}
[2026-06-05T20:13:22.905Z] [INFO] Iniciando enriquecimento externo {"importacao_id":62,"item_id":1037023,"ean":"7896044928546"}
[2026-06-05T20:13:22.908Z] [INFO] Iniciando enriquecimento externo {"importacao_id":62,"item_id":1037019,"ean":"5700666011925"}
[2026-06-05T20:13:22.911Z] [INFO] Iniciando enriquecimento externo {"importacao_id":62,"item_id":1037020,"ean":"7896229902330"}
[2026-06-05T20:13:23.252Z] [INFO] Pagina retornada pela trier {"importacao_id":62,"pagina":39,"endpoint":"/rest/integracao/produto/obter-todos-v1","quantidade_itens":999,"total":999}
[2026-06-05T20:13:24.990Z] [INFO] Pagina armazenada em staging para trier {"importacao_id":62,"pagina":39,"staged_itens_pagina":999,"staged_itens_total":38961,"itens_aguardando_consumidor":38709,"sample_eans":["7898214626696","7898214626887","7898214626870","7898214626320","7898214626337","7896663300228","7896004701134","7896004729626","7896004765716","7896472518883"]}
[2026-06-05T20:13:25.024Z] [INFO] Buscando pagina de produtos na trier {"importacao_id":62,"pagina":40,"primeiro_registro":38961,"quantidade_registros":999,"ativo":null,"integracao_ecommerce":null,"processa_custo_medio":false}
[2026-06-05T20:13:25.027Z] [INFO] Enriquecimento concluido {"importacao_id":62,"item_id":1037023,"ean":"7896044928546","enriched":false,"requires_approval":true,"fontes_consultadas":{"convertize_busca":false,"convertize_busca_error":null,"convertize_detalhe":false,"farmaindex_busca":false,"farmaindex_busca_error":null,"farmaindex_detalhe":false,"drogasil_busca":false,"drogasil_busca_error":null,"drogasil_detalhe":false,"cache_hit":false,"encontrado":false}}
[2026-06-05T20:13:25.090Z] [INFO] Enriquecimento concluido {"importacao_id":62,"item_id":1037022,"ean":"7896014155095","enriched":false,"requires_approval":true,"fontes_consultadas":{"convertize_busca":false,"convertize_busca_error":null,"convertize_detalhe":false,"farmaindex_busca":false,"farmaindex_busca_error":null,"farmaindex_detalhe":false,"drogasil_busca":false,"drogasil_busca_error":null,"drogasil_detalhe":false,"cache_hit":false,"encontrado":false}}
[2026-06-05T20:13:25.254Z] [INFO] Enriquecimento concluido {"importacao_id":62,"item_id":1037019,"ean":"5700666011925","enriched":false,"requires_approval":true,"fontes_consultadas":{"convertize_busca":false,"convertize_busca_error":null,"convertize_detalhe":false,"farmaindex_busca":false,"farmaindex_busca_error":null,"farmaindex_detalhe":false,"drogasil_busca":false,"drogasil_busca_error":null,"drogasil_detalhe":false,"cache_hit":false,"encontrado":false}}
[2026-06-05T20:13:25.309Z] [INFO] Enriquecimento concluido {"importacao_id":62,"item_id":1037020,"ean":"7896229902330","enriched":false,"requires_approval":true,"fontes_consultadas":{"convertize_busca":false,"convertize_busca_error":null,"convertize_detalhe":false,"farmaindex_busca":false,"farmaindex_busca_error":null,"farmaindex_detalhe":false,"drogasil_busca":false,"drogasil_busca_error":null,"drogasil_detalhe":false,"cache_hit":false,"encontrado":false}}
[2026-06-05T20:13:25.405Z] [INFO] Consumidor retirou lote do staging de trier {"importacao_id":62,"staged_itens_lote":4,"staged_itens_restantes":38705,"sample_eans":["7896009151705","7891024110805","7891024110607","7891024110508"]}
[2026-06-05T20:13:25.406Z] [INFO] Iniciando checagem de existencia no Banco Unico {"total_eans_consulta":4,"batches":1,"batch_size":100,"sample_eans":["7896009151705","7891024110805","7891024110607","7891024110508"]}
[2026-06-05T20:13:25.407Z] [INFO] Consultando batch de EANs no Banco Unico {"batch_index":1,"batch_total":1,"eans_no_batch":4,"sample_eans":["7896009151705","7891024110805","7891024110607","7891024110508"]}
[2026-06-05T20:13:25.439Z] [INFO] Resultado do batch consultado no Banco Unico {"batch_index":1,"encontrados":0,"faltantes":4,"found_eans_sample":[]}
[2026-06-05T20:13:25.440Z] [INFO] Checagem de existencia no Banco Unico concluida {"total_consultados":4,"total_existentes":0,"total_ausentes":4,"existing_eans_sample":[]}
[2026-06-05T20:13:25.441Z] [INFO] Resumo da triagem antes do enriquecimento {"importacao_id":62,"staged_total":4,"validos_unicos":4,"invalidos":0,"duplicados_no_lote":0,"existentes_no_banco_unico":0,"elegiveis_enriquecimento":4,"sample_eans_elegiveis":["7896009151705","7891024110805","7891024110607","7891024110508"],"acumulado":{"invalidos":6,"duplicados_no_lote":0,"existentes_no_banco_unico":76,"elegiveis_processamento":180}}
[2026-06-05T20:13:25.468Z] [INFO] Iniciando enriquecimento externo {"importacao_id":62,"item_id":1037026,"ean":"7891024110508"}
[2026-06-05T20:13:25.472Z] [INFO] Iniciando enriquecimento externo {"importacao_id":62,"item_id":1037024,"ean":"7891024110607"}
[2026-06-05T20:13:25.474Z] [INFO] Iniciando enriquecimento externo {"importacao_id":62,"item_id":1037021,"ean":"7891024110805"}
[2026-06-05T20:13:25.478Z] [INFO] Iniciando enriquecimento externo {"importacao_id":62,"item_id":1037018,"ean":"7896009151705"}
[2026-06-05T20:13:26.763Z] [INFO] Pagina retornada pela trier {"importacao_id":62,"pagina":40,"endpoint":"/rest/integracao/produto/obter-todos-v1","quantidade_itens":999,"total":999}
[2026-06-05T20:13:26.903Z] [INFO] Enriquecimento concluido {"importacao_id":62,"item_id":1037018,"ean":"7896009151705","enriched":false,"requires_approval":true,"fontes_consultadas":{"convertize_busca":false,"convertize_busca_error":null,"convertize_detalhe":false,"farmaindex_busca":false,"farmaindex_busca_error":null,"farmaindex_detalhe":false,"drogasil_busca":false,"drogasil_busca_error":null,"drogasil_detalhe":false,"cache_hit":false,"encontrado":false}}
[2026-06-05T20:13:27.013Z] [INFO] Enriquecimento concluido {"importacao_id":62,"item_id":1037024,"ean":"7891024110607","enriched":false,"requires_approval":true,"fontes_consultadas":{"convertize_busca":false,"convertize_busca_error":null,"convertize_detalhe":false,"farmaindex_busca":false,"farmaindex_busca_error":null,"farmaindex_detalhe":false,"drogasil_busca":false,"drogasil_busca_error":null,"drogasil_detalhe":false,"cache_hit":false,"encontrado":false}}
[2026-06-05T20:13:27.619Z] [INFO] Enriquecimento concluido {"importacao_id":62,"item_id":1037021,"ean":"7891024110805","enriched":false,"requires_approval":true,"fontes_consultadas":{"convertize_busca":false,"convertize_busca_error":null,"convertize_detalhe":false,"farmaindex_busca":false,"farmaindex_busca_error":null,"farmaindex_detalhe":false,"drogasil_busca":false,"drogasil_busca_error":null,"drogasil_detalhe":false,"cache_hit":false,"encontrado":false}}
[2026-06-05T20:13:27.726Z] [INFO] Enriquecimento concluido {"importacao_id":62,"item_id":1037026,"ean":"7891024110508","enriched":true,"requires_approval":false,"fontes_consultadas":{"convertize_busca":false,"convertize_busca_error":null,"convertize_detalhe":false,"farmaindex_busca":false,"farmaindex_busca_error":null,"farmaindex_detalhe":false,"drogasil_busca":true,"drogasil_busca_error":null,"drogasil_detalhe":true,"cache_hit":false,"encontrado":true}}
[2026-06-05T20:13:29.091Z] [INFO] Pagina armazenada em staging para trier {"importacao_id":62,"pagina":40,"staged_itens_pagina":999,"staged_itens_total":39960,"itens_aguardando_consumidor":39704,"sample_eans":["7898957192403","7896004761152","7896112401360","7891010249953","7891317007287","7891317007294","7893736003802","7898577232503","7898577232428","7898577232510"]}
[2026-06-05T20:13:29.091Z] [INFO] Buscando pagina de produtos na trier {"importacao_id":62,"pagina":41,"primeiro_registro":39960,"quantidade_registros":999,"ativo":null,"integracao_ecommerce":null,"processa_custo_medio":false}
[2026-06-05T20:13:30.475Z] [INFO] Requisicao recebida {"method":"GET","path":"/imports/62"}
[2026-06-05T20:13:30.846Z] [INFO] Classificacao mercadologica concluida {"importacao_id":62,"item_id":1037026,"ean":"7891024110508","classificacao_origem":"openai","departamento":null,"categoria":"Banho","subcategoria":"Sabonetes","segmento":"Sabonete Barra","subsegmento":"Sabonete Hidratante"}
[2026-06-05T20:13:30.860Z] [INFO] Publicando produto no Banco Unico {"importacao_id":62,"item_id":1037026,"ean":"7891024110508","descricaoProduto":"Sabonete em Barra Palmolive Naturals Hidrata & Perfuma 150g","categoria":"Banho","subcategoria":"Sabonetes"}
[2026-06-05T20:13:30.873Z] [INFO] Pagina retornada pela trier {"importacao_id":62,"pagina":41,"endpoint":"/rest/integracao/produto/obter-todos-v1","quantidade_itens":999,"total":999}
[2026-06-05T20:13:31.458Z] [INFO] Produto publicado no Banco Unico com sucesso {"importacao_id":62,"item_id":1037026,"ean":"7891024110508"}
[2026-06-05T20:13:31.678Z] [INFO] Consumidor retirou lote do staging de trier {"importacao_id":62,"staged_itens_lote":4,"staged_itens_restantes":39700,"sample_eans":["7896290401060","7898146820889","7898146820919","7898146820940"]}
[2026-06-05T20:13:31.679Z] [INFO] Iniciando checagem de existencia no Banco Unico {"total_eans_consulta":4,"batches":1,"batch_size":100,"sample_eans":["7896290401060","7898146820889","7898146820919","7898146820940"]}
[2026-06-05T20:13:31.680Z] [INFO] Consultando batch de EANs no Banco Unico {"batch_index":1,"batch_total":1,"eans_no_batch":4,"sample_eans":["7896290401060","7898146820889","7898146820919","7898146820940"]}
[2026-06-05T20:13:31.719Z] [INFO] Resultado do batch consultado no Banco Unico {"batch_index":1,"encontrados":0,"faltantes":4,"found_eans_sample":[]}
[2026-06-05T20:13:31.721Z] [INFO] Checagem de existencia no Banco Unico concluida {"total_consultados":4,"total_existentes":0,"total_ausentes":4,"existing_eans_sample":[]}
[2026-06-05T20:13:31.722Z] [INFO] Resumo da triagem antes do enriquecimento {"importacao_id":62,"staged_total":4,"validos_unicos":4,"invalidos":0,"duplicados_no_lote":0,"existentes_no_banco_unico":0,"elegiveis_enriquecimento":4,"sample_eans_elegiveis":["7896290401060","7898146820889","7898146820919","7898146820940"],"acumulado":{"invalidos":6,"duplicados_no_lote":0,"existentes_no_banco_unico":76,"elegiveis_processamento":184}}
[2026-06-05T20:13:31.750Z] [INFO] Iniciando enriquecimento externo {"importacao_id":62,"item_id":1037034,"ean":"7898146820919"}
[2026-06-05T20:13:31.756Z] [INFO] Iniciando enriquecimento externo {"importacao_id":62,"item_id":1037025,"ean":"7898146820889"}
[2026-06-05T20:13:31.761Z] [INFO] Iniciando enriquecimento externo {"importacao_id":62,"item_id":1037027,"ean":"7898146820940"}
[2026-06-05T20:13:31.767Z] [INFO] Iniciando enriquecimento externo {"importacao_id":62,"item_id":1037032,"ean":"7896290401060"}
[2026-06-05T20:13:32.865Z] [INFO] Pagina armazenada em staging para trier {"importacao_id":62,"pagina":41,"staged_itens_pagina":999,"staged_itens_total":40959,"itens_aguardando_consumidor":40699,"sample_eans":["7898910668921","7898910668938","7896006215677","7896255766333","7896004753324","7896658026850","7896544900332","7898283814734","7891317009168","7898302722453"]}
[2026-06-05T20:13:32.899Z] [INFO] Buscando pagina de produtos na trier {"importacao_id":62,"pagina":42,"primeiro_registro":40959,"quantidade_registros":999,"ativo":null,"integracao_ecommerce":null,"processa_custo_medio":false}
[2026-06-05T20:13:33.333Z] [INFO] Enriquecimento concluido {"importacao_id":62,"item_id":1037034,"ean":"7898146820919","enriched":false,"requires_approval":true,"fontes_consultadas":{"convertize_busca":false,"convertize_busca_error":null,"convertize_detalhe":false,"farmaindex_busca":false,"farmaindex_busca_error":null,"farmaindex_detalhe":false,"drogasil_busca":false,"drogasil_busca_error":null,"drogasil_detalhe":false,"cache_hit":false,"encontrado":false}}
[2026-06-05T20:13:34.840Z] [INFO] Requisicao finalizada {"method":"GET","path":"/imports/62","status":200,"duration_ms":4365}
[2026-06-05T20:13:34.892Z] [INFO] Pagina retornada pela trier {"importacao_id":62,"pagina":42,"endpoint":"/rest/integracao/produto/obter-todos-v1","quantidade_itens":999,"total":999}
[2026-06-05T20:13:35.025Z] [INFO] Enriquecimento concluido {"importacao_id":62,"item_id":1037032,"ean":"7896290401060","enriched":false,"requires_approval":true,"fontes_consultadas":{"convertize_busca":false,"convertize_busca_error":null,"convertize_detalhe":false,"farmaindex_busca":false,"farmaindex_busca_error":null,"farmaindex_detalhe":false,"drogasil_busca":false,"drogasil_busca_error":null,"drogasil_detalhe":false,"cache_hit":false,"encontrado":false}}
[2026-06-05T20:13:35.661Z] [INFO] Enriquecimento concluido {"importacao_id":62,"item_id":1037027,"ean":"7898146820940","enriched":false,"requires_approval":true,"fontes_consultadas":{"convertize_busca":false,"convertize_busca_error":null,"convertize_detalhe":false,"farmaindex_busca":false,"farmaindex_busca_error":null,"farmaindex_detalhe":false,"drogasil_busca":false,"drogasil_busca_error":null,"drogasil_detalhe":false,"cache_hit":false,"encontrado":false}}
[2026-06-05T20:13:35.701Z] [INFO] Enriquecimento concluido {"importacao_id":62,"item_id":1037025,"ean":"7898146820889","enriched":false,"requires_approval":true,"fontes_consultadas":{"convertize_busca":false,"convertize_busca_error":null,"convertize_detalhe":false,"farmaindex_busca":false,"farmaindex_busca_error":null,"farmaindex_detalhe":false,"drogasil_busca":false,"drogasil_busca_error":null,"drogasil_detalhe":false,"cache_hit":false,"encontrado":false}}
[2026-06-05T20:13:35.832Z] [INFO] Consumidor retirou lote do staging de trier {"importacao_id":62,"staged_itens_lote":4,"staged_itens_restantes":40695,"sample_eans":["7898146820803","7898146820827","7898146820865","7898146821169"]}
[2026-06-05T20:13:35.833Z] [INFO] Iniciando checagem de existencia no Banco Unico {"total_eans_consulta":4,"batches":1,"batch_size":100,"sample_eans":["7898146820803","7898146820827","7898146820865","7898146821169"]}
[2026-06-05T20:13:35.834Z] [INFO] Consultando batch de EANs no Banco Unico {"batch_index":1,"batch_total":1,"eans_no_batch":4,"sample_eans":["7898146820803","7898146820827","7898146820865","7898146821169"]}
[2026-06-05T20:13:35.864Z] [INFO] Resultado do batch consultado no Banco Unico {"batch_index":1,"encontrados":3,"faltantes":1,"found_eans_sample":["7898146820803","7898146820827","7898146820865"]}
[2026-06-05T20:13:35.865Z] [INFO] Checagem de existencia no Banco Unico concluida {"total_consultados":4,"total_existentes":3,"total_ausentes":1,"existing_eans_sample":["7898146820803","7898146820827","7898146820865"]}
[2026-06-05T20:13:36.122Z] [INFO] Resumo da triagem antes do enriquecimento {"importacao_id":62,"staged_total":4,"validos_unicos":4,"invalidos":0,"duplicados_no_lote":0,"existentes_no_banco_unico":3,"elegiveis_enriquecimento":1,"sample_eans_elegiveis":["7898146821169"],"acumulado":{"invalidos":6,"duplicados_no_lote":0,"existentes_no_banco_unico":79,"elegiveis_processamento":185}}
[2026-06-05T20:13:36.198Z] [INFO] Iniciando enriquecimento externo {"importacao_id":62,"item_id":1037030,"ean":"7898146821169"}
[2026-06-05T20:13:36.665Z] [INFO] Pagina armazenada em staging para trier {"importacao_id":62,"pagina":42,"staged_itens_pagina":999,"staged_itens_total":41958,"itens_aguardando_consumidor":41694,"sample_eans":["7898919412259","7891350037456","7898940257959","7898940257966","7898940257980","7898636191345","7894164006229","7898029558755","7897947600713","7898994620716"]}
[2026-06-05T20:13:36.699Z] [INFO] Buscando pagina de produtos na trier {"importacao_id":62,"pagina":43,"primeiro_registro":41958,"quantidade_registros":999,"ativo":null,"integracao_ecommerce":null,"processa_custo_medio":false}
[2026-06-05T20:13:37.662Z] [INFO] Enriquecimento concluido {"importacao_id":62,"item_id":1037030,"ean":"7898146821169","enriched":false,"requires_approval":true,"fontes_consultadas":{"convertize_busca":false,"convertize_busca_error":null,"convertize_detalhe":false,"farmaindex_busca":false,"farmaindex_busca_error":null,"farmaindex_detalhe":false,"drogasil_busca":false,"drogasil_busca_error":null,"drogasil_detalhe":false,"cache_hit":false,"encontrado":false}}
[2026-06-05T20:13:37.814Z] [INFO] Consumidor retirou lote do staging de trier {"importacao_id":62,"staged_itens_lote":4,"staged_itens_restantes":41690,"sample_eans":["7898146821176","7898146821183","7896024402196","7896806700038"]}
[2026-06-05T20:13:37.814Z] [INFO] Iniciando checagem de existencia no Banco Unico {"total_eans_consulta":4,"batches":1,"batch_size":100,"sample_eans":["7898146821176","7898146821183","7896024402196","7896806700038"]}
[2026-06-05T20:13:37.815Z] [INFO] Consultando batch de EANs no Banco Unico {"batch_index":1,"batch_total":1,"eans_no_batch":4,"sample_eans":["7898146821176","7898146821183","7896024402196","7896806700038"]}
[2026-06-05T20:13:37.855Z] [INFO] Resultado do batch consultado no Banco Unico {"batch_index":1,"encontrados":1,"faltantes":3,"found_eans_sample":["7896806700038"]}
[2026-06-05T20:13:37.856Z] [INFO] Checagem de existencia no Banco Unico concluida {"total_consultados":4,"total_existentes":1,"total_ausentes":3,"existing_eans_sample":["7896806700038"]}
[2026-06-05T20:13:37.925Z] [INFO] Resumo da triagem antes do enriquecimento {"importacao_id":62,"staged_total":4,"validos_unicos":4,"invalidos":0,"duplicados_no_lote":0,"existentes_no_banco_unico":1,"elegiveis_enriquecimento":3,"sample_eans_elegiveis":["7898146821176","7898146821183","7896024402196"],"acumulado":{"invalidos":6,"duplicados_no_lote":0,"existentes_no_banco_unico":80,"elegiveis_processamento":188}}
[2026-06-05T20:13:37.957Z] [INFO] Iniciando enriquecimento externo {"importacao_id":62,"item_id":1037036,"ean":"7898146821183"}
[2026-06-05T20:13:37.962Z] [INFO] Iniciando enriquecimento externo {"importacao_id":62,"item_id":1037035,"ean":"7896024402196"}
[2026-06-05T20:13:37.967Z] [INFO] Iniciando enriquecimento externo {"importacao_id":62,"item_id":1037033,"ean":"7898146821176"}
[2026-06-05T20:13:38.575Z] [INFO] Pagina retornada pela trier {"importacao_id":62,"pagina":43,"endpoint":"/rest/integracao/produto/obter-todos-v1","quantidade_itens":999,"total":999}
[2026-06-05T20:13:39.362Z] [INFO] Enriquecimento concluido {"importacao_id":62,"item_id":1037036,"ean":"7898146821183","enriched":false,"requires_approval":true,"fontes_consultadas":{"convertize_busca":false,"convertize_busca_error":null,"convertize_detalhe":false,"farmaindex_busca":false,"farmaindex_busca_error":null,"farmaindex_detalhe":false,"drogasil_busca":false,"drogasil_busca_error":null,"drogasil_detalhe":false,"cache_hit":false,"encontrado":false}}
[2026-06-05T20:13:39.538Z] [INFO] Enriquecimento concluido {"importacao_id":62,"item_id":1037033,"ean":"7898146821176","enriched":false,"requires_approval":true,"fontes_consultadas":{"convertize_busca":false,"convertize_busca_error":null,"convertize_detalhe":false,"farmaindex_busca":false,"farmaindex_busca_error":null,"farmaindex_detalhe":false,"drogasil_busca":false,"drogasil_busca_error":null,"drogasil_detalhe":false,"cache_hit":false,"encontrado":false}}
[2026-06-05T20:13:39.549Z] [INFO] Enriquecimento concluido {"importacao_id":62,"item_id":1037035,"ean":"7896024402196","enriched":false,"requires_approval":true,"fontes_consultadas":{"convertize_busca":false,"convertize_busca_error":null,"convertize_detalhe":false,"farmaindex_busca":false,"farmaindex_busca_error":null,"farmaindex_detalhe":false,"drogasil_busca":false,"drogasil_busca_error":null,"drogasil_detalhe":false,"cache_hit":false,"encontrado":false}}
[2026-06-05T20:13:39.664Z] [INFO] Consumidor retirou lote do staging de trier {"importacao_id":62,"staged_itens_lote":4,"staged_itens_restantes":41686,"sample_eans":["7896024402189","7896422500173","7896024402202","7898138781143"]}
[2026-06-05T20:13:39.665Z] [INFO] Iniciando checagem de existencia no Banco Unico {"total_eans_consulta":4,"batches":1,"batch_size":100,"sample_eans":["7896024402189","7896422500173","7896024402202","7898138781143"]}
[2026-06-05T20:13:39.667Z] [INFO] Consultando batch de EANs no Banco Unico {"batch_index":1,"batch_total":1,"eans_no_batch":4,"sample_eans":["7896024402189","7896422500173","7896024402202","7898138781143"]}
[2026-06-05T20:13:39.692Z] [INFO] Resultado do batch consultado no Banco Unico {"batch_index":1,"encontrados":0,"faltantes":4,"found_eans_sample":[]}
[2026-06-05T20:13:39.693Z] [INFO] Checagem de existencia no Banco Unico concluida {"total_consultados":4,"total_existentes":0,"total_ausentes":4,"existing_eans_sample":[]}
[2026-06-05T20:13:39.694Z] [INFO] Resumo da triagem antes do enriquecimento {"importacao_id":62,"staged_total":4,"validos_unicos":4,"invalidos":0,"duplicados_no_lote":0,"existentes_no_banco_unico":0,"elegiveis_enriquecimento":4,"sample_eans_elegiveis":["7896024402189","7896422500173","7896024402202","7898138781143"],"acumulado":{"invalidos":6,"duplicados_no_lote":0,"existentes_no_banco_unico":80,"elegiveis_processamento":192}}
[2026-06-05T20:13:39.728Z] [INFO] Iniciando enriquecimento externo {"importacao_id":62,"item_id":1037042,"ean":"7896422500173"}
[2026-06-05T20:13:39.730Z] [INFO] Iniciando enriquecimento externo {"importacao_id":62,"item_id":1037040,"ean":"7896024402189"}
[2026-06-05T20:13:39.733Z] [INFO] Iniciando enriquecimento externo {"importacao_id":62,"item_id":1037049,"ean":"7898138781143"}
[2026-06-05T20:13:39.739Z] [INFO] Iniciando enriquecimento externo {"importacao_id":62,"item_id":1037043,"ean":"7896024402202"}
[2026-06-05T20:13:40.349Z] [INFO] Pagina armazenada em staging para trier {"importacao_id":62,"pagina":43,"staged_itens_pagina":999,"staged_itens_total":42957,"itens_aguardando_consumidor":42685,"sample_eans":["7896033211093","7896033211086","7898664975818","7898664975825","7898664975832","7898664975849","7898664975856","7898664975863","7891033913930","7891033913046"]}
[2026-06-05T20:13:40.351Z] [INFO] Buscando pagina de produtos na trier {"importacao_id":62,"pagina":44,"primeiro_registro":42957,"quantidade_registros":999,"ativo":null,"integracao_ecommerce":null,"processa_custo_medio":false}
[2026-06-05T20:13:41.090Z] [INFO] Enriquecimento concluido {"importacao_id":62,"item_id":1037042,"ean":"7896422500173","enriched":false,"requires_approval":true,"fontes_consultadas":{"convertize_busca":false,"convertize_busca_error":null,"convertize_detalhe":false,"farmaindex_busca":false,"farmaindex_busca_error":null,"farmaindex_detalhe":false,"drogasil_busca":false,"drogasil_busca_error":null,"drogasil_detalhe":false,"cache_hit":false,"encontrado":false}}
[2026-06-05T20:13:41.159Z] [INFO] Enriquecimento concluido {"importacao_id":62,"item_id":1037043,"ean":"7896024402202","enriched":false,"requires_approval":true,"fontes_consultadas":{"convertize_busca":false,"convertize_busca_error":null,"convertize_detalhe":false,"farmaindex_busca":false,"farmaindex_busca_error":null,"farmaindex_detalhe":false,"drogasil_busca":false,"drogasil_busca_error":null,"drogasil_detalhe":false,"cache_hit":false,"encontrado":false}}
[2026-06-05T20:13:42.008Z] [INFO] Enriquecimento concluido {"importacao_id":62,"item_id":1037040,"ean":"7896024402189","enriched":false,"requires_approval":true,"fontes_consultadas":{"convertize_busca":false,"convertize_busca_error":null,"convertize_detalhe":false,"farmaindex_busca":false,"farmaindex_busca_error":null,"farmaindex_detalhe":false,"drogasil_busca":false,"drogasil_busca_error":null,"drogasil_detalhe":false,"cache_hit":false,"encontrado":false}}
[2026-06-05T20:13:42.073Z] [INFO] Enriquecimento concluido {"importacao_id":62,"item_id":1037049,"ean":"7898138781143","enriched":false,"requires_approval":true,"fontes_consultadas":{"convertize_busca":false,"convertize_busca_error":null,"convertize_detalhe":false,"farmaindex_busca":false,"farmaindex_busca_error":null,"farmaindex_detalhe":false,"drogasil_busca":false,"drogasil_busca_error":null,"drogasil_detalhe":false,"cache_hit":false,"encontrado":false}}
[2026-06-05T20:13:42.153Z] [INFO] Consumidor retirou lote do staging de trier {"importacao_id":62,"staged_itens_lote":4,"staged_itens_restantes":42681,"sample_eans":["7898138781150","7898146821022","7896226504742","7898146821039"]}
[2026-06-05T20:13:42.155Z] [INFO] Iniciando checagem de existencia no Banco Unico {"total_eans_consulta":4,"batches":1,"batch_size":100,"sample_eans":["7898138781150","7898146821022","7896226504742","7898146821039"]}
[2026-06-05T20:13:42.156Z] [INFO] Consultando batch de EANs no Banco Unico {"batch_index":1,"batch_total":1,"eans_no_batch":4,"sample_eans":["7898138781150","7898146821022","7896226504742","7898146821039"]}
[2026-06-05T20:13:42.188Z] [INFO] Resultado do batch consultado no Banco Unico {"batch_index":1,"encontrados":1,"faltantes":3,"found_eans_sample":["7896226504742"]}
[2026-06-05T20:13:42.189Z] [INFO] Checagem de existencia no Banco Unico concluida {"total_consultados":4,"total_existentes":1,"total_ausentes":3,"existing_eans_sample":["7896226504742"]}
[2026-06-05T20:13:42.241Z] [INFO] Pagina retornada pela trier {"importacao_id":62,"pagina":44,"endpoint":"/rest/integracao/produto/obter-todos-v1","quantidade_itens":999,"total":999}
[2026-06-05T20:13:42.249Z] [INFO] Resumo da triagem antes do enriquecimento {"importacao_id":62,"staged_total":4,"validos_unicos":4,"invalidos":0,"duplicados_no_lote":0,"existentes_no_banco_unico":1,"elegiveis_enriquecimento":3,"sample_eans_elegiveis":["7898138781150","7898146821022","7898146821039"],"acumulado":{"invalidos":6,"duplicados_no_lote":0,"existentes_no_banco_unico":81,"elegiveis_processamento":195}}
[2026-06-05T20:13:42.274Z] [INFO] Iniciando enriquecimento externo {"importacao_id":62,"item_id":1037045,"ean":"7898146821039"}
[2026-06-05T20:13:42.277Z] [INFO] Iniciando enriquecimento externo {"importacao_id":62,"item_id":1037038,"ean":"7898138781150"}
[2026-06-05T20:13:42.280Z] [INFO] Iniciando enriquecimento externo {"importacao_id":62,"item_id":1037039,"ean":"7898146821022"}
[2026-06-05T20:13:43.681Z] [INFO] Enriquecimento concluido {"importacao_id":62,"item_id":1037038,"ean":"7898138781150","enriched":false,"requires_approval":true,"fontes_consultadas":{"convertize_busca":false,"convertize_busca_error":null,"convertize_detalhe":false,"farmaindex_busca":false,"farmaindex_busca_error":null,"farmaindex_detalhe":false,"drogasil_busca":false,"drogasil_busca_error":null,"drogasil_detalhe":false,"cache_hit":false,"encontrado":false}}
[2026-06-05T20:13:43.692Z] [INFO] Enriquecimento concluido {"importacao_id":62,"item_id":1037045,"ean":"7898146821039","enriched":false,"requires_approval":true,"fontes_consultadas":{"convertize_busca":false,"convertize_busca_error":null,"convertize_detalhe":false,"farmaindex_busca":false,"farmaindex_busca_error":null,"farmaindex_detalhe":false,"drogasil_busca":false,"drogasil_busca_error":null,"drogasil_detalhe":false,"cache_hit":false,"encontrado":false}}
[2026-06-05T20:13:43.708Z] [INFO] Enriquecimento concluido {"importacao_id":62,"item_id":1037039,"ean":"7898146821022","enriched":false,"requires_approval":true,"fontes_consultadas":{"convertize_busca":false,"convertize_busca_error":null,"convertize_detalhe":false,"farmaindex_busca":false,"farmaindex_busca_error":null,"farmaindex_detalhe":false,"drogasil_busca":false,"drogasil_busca_error":null,"drogasil_detalhe":false,"cache_hit":false,"encontrado":false}}
[2026-06-05T20:13:43.850Z] [INFO] Consumidor retirou lote do staging de trier {"importacao_id":62,"staged_itens_lote":4,"staged_itens_restantes":42677,"sample_eans":["7898146821077","7898146821107","7896290401350","7891106001571"]}
[2026-06-05T20:13:43.852Z] [INFO] Iniciando checagem de existencia no Banco Unico {"total_eans_consulta":4,"batches":1,"batch_size":100,"sample_eans":["7898146821077","7898146821107","7896290401350","7891106001571"]}
[2026-06-05T20:13:43.852Z] [INFO] Consultando batch de EANs no Banco Unico {"batch_index":1,"batch_total":1,"eans_no_batch":4,"sample_eans":["7898146821077","7898146821107","7896290401350","7891106001571"]}
[2026-06-05T20:13:43.891Z] [INFO] Resultado do batch consultado no Banco Unico {"batch_index":1,"encontrados":1,"faltantes":3,"found_eans_sample":["7896290401350"]}
[2026-06-05T20:13:43.892Z] [INFO] Checagem de existencia no Banco Unico concluida {"total_consultados":4,"total_existentes":1,"total_ausentes":3,"existing_eans_sample":["7896290401350"]}
[2026-06-05T20:13:43.960Z] [INFO] Resumo da triagem antes do enriquecimento {"importacao_id":62,"staged_total":4,"validos_unicos":4,"invalidos":0,"duplicados_no_lote":0,"existentes_no_banco_unico":1,"elegiveis_enriquecimento":3,"sample_eans_elegiveis":["7898146821077","7898146821107","7891106001571"],"acumulado":{"invalidos":6,"duplicados_no_lote":0,"existentes_no_banco_unico":82,"elegiveis_processamento":198}}
[2026-06-05T20:13:43.964Z] [INFO] Pagina armazenada em staging para trier {"importacao_id":62,"pagina":44,"staged_itens_pagina":999,"staged_itens_total":43956,"itens_aguardando_consumidor":43676,"sample_eans":["7898647061132","7899441506140","7896595410170","7896595410118","7897947601161","7897947601147","7896112127673","7896023702754","7896013572374","7896013540717"]}
[2026-06-05T20:13:43.965Z] [INFO] Buscando pagina de produtos na trier {"importacao_id":62,"pagina":45,"primeiro_registro":43956,"quantidade_registros":999,"ativo":null,"integracao_ecommerce":null,"processa_custo_medio":false}
[2026-06-05T20:13:43.987Z] [INFO] Iniciando enriquecimento externo {"importacao_id":62,"item_id":1037041,"ean":"7898146821077"}
[2026-06-05T20:13:44.004Z] [INFO] Iniciando enriquecimento externo {"importacao_id":62,"item_id":1037050,"ean":"7891106001571"}
[2026-06-05T20:13:44.007Z] [INFO] Iniciando enriquecimento externo {"importacao_id":62,"item_id":1037046,"ean":"7898146821107"}
[2026-06-05T20:13:45.490Z] [INFO] Enriquecimento concluido {"importacao_id":62,"item_id":1037046,"ean":"7898146821107","enriched":false,"requires_approval":true,"fontes_consultadas":{"convertize_busca":false,"convertize_busca_error":null,"convertize_detalhe":false,"farmaindex_busca":false,"farmaindex_busca_error":null,"farmaindex_detalhe":false,"drogasil_busca":false,"drogasil_busca_error":null,"drogasil_detalhe":false,"cache_hit":false,"encontrado":false}}
[2026-06-05T20:13:45.697Z] [INFO] Enriquecimento concluido {"importacao_id":62,"item_id":1037041,"ean":"7898146821077","enriched":false,"requires_approval":true,"fontes_consultadas":{"convertize_busca":false,"convertize_busca_error":null,"convertize_detalhe":false,"farmaindex_busca":false,"farmaindex_busca_error":null,"farmaindex_detalhe":false,"drogasil_busca":false,"drogasil_busca_error":null,"drogasil_detalhe":false,"cache_hit":false,"encontrado":false}}
[2026-06-05T20:13:45.700Z] [INFO] Enriquecimento concluido {"importacao_id":62,"item_id":1037050,"ean":"7891106001571","enriched":false,"requires_approval":true,"fontes_consultadas":{"convertize_busca":false,"convertize_busca_error":null,"convertize_detalhe":false,"farmaindex_busca":false,"farmaindex_busca_error":null,"farmaindex_detalhe":false,"drogasil_busca":false,"drogasil_busca_error":null,"drogasil_detalhe":false,"cache_hit":false,"encontrado":false}}
[2026-06-05T20:13:45.799Z] [INFO] Consumidor retirou lote do staging de trier {"importacao_id":62,"staged_itens_lote":4,"staged_itens_restantes":43672,"sample_eans":["7891106001564","7896181907633","7896181908302","7896181905684"]}
[2026-06-05T20:13:45.800Z] [INFO] Iniciando checagem de existencia no Banco Unico {"total_eans_consulta":4,"batches":1,"batch_size":100,"sample_eans":["7891106001564","7896181907633","7896181908302","7896181905684"]}
[2026-06-05T20:13:45.800Z] [INFO] Consultando batch de EANs no Banco Unico {"batch_index":1,"batch_total":1,"eans_no_batch":4,"sample_eans":["7891106001564","7896181907633","7896181908302","7896181905684"]}
[2026-06-05T20:13:45.835Z] [INFO] Resultado do batch consultado no Banco Unico {"batch_index":1,"encontrados":4,"faltantes":0,"found_eans_sample":["7891106001564","7896181907633","7896181908302","7896181905684"]}
[2026-06-05T20:13:45.836Z] [INFO] Checagem de existencia no Banco Unico concluida {"total_consultados":4,"total_existentes":4,"total_ausentes":0,"existing_eans_sample":["7891106001564","7896181907633","7896181908302","7896181905684"]}
[2026-06-05T20:13:45.877Z] [INFO] Pagina retornada pela trier {"importacao_id":62,"pagina":45,"endpoint":"/rest/integracao/produto/obter-todos-v1","quantidade_itens":999,"total":999}
[2026-06-05T20:13:46.175Z] [INFO] Resumo da triagem antes do enriquecimento {"importacao_id":62,"staged_total":4,"validos_unicos":4,"invalidos":0,"duplicados_no_lote":0,"existentes_no_banco_unico":4,"elegiveis_enriquecimento":0,"sample_eans_elegiveis":[],"acumulado":{"invalidos":6,"duplicados_no_lote":0,"existentes_no_banco_unico":86,"elegiveis_processamento":198}}
[2026-06-05T20:13:46.210Z] [INFO] Consumidor retirou lote do staging de trier {"importacao_id":62,"staged_itens_lote":4,"staged_itens_restantes":43668,"sample_eans":["7896181906384","7896014102471","7896676408294","7896676408300"]}
[2026-06-05T20:13:46.212Z] [INFO] Iniciando checagem de existencia no Banco Unico {"total_eans_consulta":4,"batches":1,"batch_size":100,"sample_eans":["7896181906384","7896014102471","7896676408294","7896676408300"]}
[2026-06-05T20:13:46.213Z] [INFO] Consultando batch de EANs no Banco Unico {"batch_index":1,"batch_total":1,"eans_no_batch":4,"sample_eans":["7896181906384","7896014102471","7896676408294","7896676408300"]}
[2026-06-05T20:13:46.252Z] [INFO] Resultado do batch consultado no Banco Unico {"batch_index":1,"encontrados":3,"faltantes":1,"found_eans_sample":["7896181906384","7896676408294","7896676408300"]}
[2026-06-05T20:13:46.252Z] [INFO] Checagem de existencia no Banco Unico concluida {"total_consultados":4,"total_existentes":3,"total_ausentes":1,"existing_eans_sample":["7896181906384","7896676408294","7896676408300"]}
[2026-06-05T20:13:46.501Z] [INFO] Resumo da triagem antes do enriquecimento {"importacao_id":62,"staged_total":4,"validos_unicos":4,"invalidos":0,"duplicados_no_lote":0,"existentes_no_banco_unico":3,"elegiveis_enriquecimento":1,"sample_eans_elegiveis":["7896014102471"],"acumulado":{"invalidos":6,"duplicados_no_lote":0,"existentes_no_banco_unico":89,"elegiveis_processamento":199}}
[2026-06-05T20:13:46.599Z] [INFO] Iniciando enriquecimento externo {"importacao_id":62,"item_id":1037054,"ean":"7896014102471"}
[2026-06-05T20:13:47.440Z] [INFO] Enriquecimento concluido {"importacao_id":62,"item_id":1037054,"ean":"7896014102471","enriched":false,"requires_approval":true,"fontes_consultadas":{"convertize_busca":false,"convertize_busca_error":null,"convertize_detalhe":false,"farmaindex_busca":false,"farmaindex_busca_error":null,"farmaindex_detalhe":false,"drogasil_busca":false,"drogasil_busca_error":null,"drogasil_detalhe":false,"cache_hit":false,"encontrado":false}}
[2026-06-05T20:13:47.566Z] [INFO] Consumidor retirou lote do staging de trier {"importacao_id":62,"staged_itens_lote":4,"staged_itens_restantes":43664,"sample_eans":["7891158028137","7894916200875","7896422511087","7891158027871"]}
[2026-06-05T20:13:47.567Z] [INFO] Iniciando checagem de existencia no Banco Unico {"total_eans_consulta":4,"batches":1,"batch_size":100,"sample_eans":["7891158028137","7894916200875","7896422511087","7891158027871"]}
[2026-06-05T20:13:47.568Z] [INFO] Consultando batch de EANs no Banco Unico {"batch_index":1,"batch_total":1,"eans_no_batch":4,"sample_eans":["7891158028137","7894916200875","7896422511087","7891158027871"]}
[2026-06-05T20:13:47.600Z] [INFO] Resultado do batch consultado no Banco Unico {"batch_index":1,"encontrados":3,"faltantes":1,"found_eans_sample":["7891158028137","7896422511087","7891158027871"]}
[2026-06-05T20:13:47.601Z] [INFO] Checagem de existencia no Banco Unico concluida {"total_consultados":4,"total_existentes":3,"total_ausentes":1,"existing_eans_sample":["7891158028137","7896422511087","7891158027871"]}
[2026-06-05T20:13:47.772Z] [INFO] Pagina armazenada em staging para trier {"importacao_id":62,"pagina":45,"staged_itens_pagina":999,"staged_itens_total":44955,"itens_aguardando_consumidor":44663,"sample_eans":["7896369163493","7896369163509","7896369126061","7896369163806","7898558646671","7898100244461","7898100244478","3282770206050","7897129304583","7899706197601"]}
[2026-06-05T20:13:47.772Z] [INFO] Buscando pagina de produtos na trier {"importacao_id":62,"pagina":46,"primeiro_registro":44955,"quantidade_registros":999,"ativo":null,"integracao_ecommerce":null,"processa_custo_medio":false}
[2026-06-05T20:13:47.819Z] [INFO] Resumo da triagem antes do enriquecimento {"importacao_id":62,"staged_total":4,"validos_unicos":4,"invalidos":0,"duplicados_no_lote":0,"existentes_no_banco_unico":3,"elegiveis_enriquecimento":1,"sample_eans_elegiveis":["7894916200875"],"acumulado":{"invalidos":6,"duplicados_no_lote":0,"existentes_no_banco_unico":92,"elegiveis_processamento":200}}
[2026-06-05T20:13:47.845Z] [INFO] Iniciando enriquecimento externo {"importacao_id":62,"item_id":1037062,"ean":"7894916200875"}
[2026-06-05T20:13:48.951Z] [INFO] Enriquecimento concluido {"importacao_id":62,"item_id":1037062,"ean":"7894916200875","enriched":false,"requires_approval":true,"fontes_consultadas":{"convertize_busca":false,"convertize_busca_error":null,"convertize_detalhe":false,"farmaindex_busca":false,"farmaindex_busca_error":null,"farmaindex_detalhe":false,"drogasil_busca":false,"drogasil_busca_error":null,"drogasil_detalhe":false,"cache_hit":false,"encontrado":false}}
[2026-06-05T20:13:49.086Z] [INFO] Consumidor retirou lote do staging de trier {"importacao_id":62,"staged_itens_lote":4,"staged_itens_restantes":44659,"sample_eans":["7896422509350","7896422509794","7897595603913","7896044928522"]}
[2026-06-05T20:13:49.087Z] [INFO] Iniciando checagem de existencia no Banco Unico {"total_eans_consulta":4,"batches":1,"batch_size":100,"sample_eans":["7896422509350","7896422509794","7897595603913","7896044928522"]}
[2026-06-05T20:13:49.088Z] [INFO] Consultando batch de EANs no Banco Unico {"batch_index":1,"batch_total":1,"eans_no_batch":4,"sample_eans":["7896422509350","7896422509794","7897595603913","7896044928522"]}
[2026-06-05T20:13:49.116Z] [INFO] Resultado do batch consultado no Banco Unico {"batch_index":1,"encontrados":0,"faltantes":4,"found_eans_sample":[]}
[2026-06-05T20:13:49.116Z] [INFO] Checagem de existencia no Banco Unico concluida {"total_consultados":4,"total_existentes":0,"total_ausentes":4,"existing_eans_sample":[]}
[2026-06-05T20:13:49.117Z] [INFO] Resumo da triagem antes do enriquecimento {"importacao_id":62,"staged_total":4,"validos_unicos":4,"invalidos":0,"duplicados_no_lote":0,"existentes_no_banco_unico":0,"elegiveis_enriquecimento":4,"sample_eans_elegiveis":["7896422509350","7896422509794","7897595603913","7896044928522"],"acumulado":{"invalidos":6,"duplicados_no_lote":0,"existentes_no_banco_unico":92,"elegiveis_processamento":204}}
[2026-06-05T20:13:49.145Z] [INFO] Iniciando enriquecimento externo {"importacao_id":62,"item_id":1037061,"ean":"7897595603913"}
[2026-06-05T20:13:49.171Z] [INFO] Iniciando enriquecimento externo {"importacao_id":62,"item_id":1037066,"ean":"7896044928522"}
[2026-06-05T20:13:49.177Z] [INFO] Iniciando enriquecimento externo {"importacao_id":62,"item_id":1037055,"ean":"7896422509350"}
[2026-06-05T20:13:49.181Z] [INFO] Iniciando enriquecimento externo {"importacao_id":62,"item_id":1037060,"ean":"7896422509794"}
[2026-06-05T20:13:49.730Z] [INFO] Pagina retornada pela trier {"importacao_id":62,"pagina":46,"endpoint":"/rest/integracao/produto/obter-todos-v1","quantidade_itens":999,"total":999}
[2026-06-05T20:13:50.338Z] [INFO] Enriquecimento concluido {"importacao_id":62,"item_id":1037061,"ean":"7897595603913","enriched":false,"requires_approval":true,"fontes_consultadas":{"convertize_busca":false,"convertize_busca_error":null,"convertize_detalhe":false,"farmaindex_busca":false,"farmaindex_busca_error":null,"farmaindex_detalhe":false,"drogasil_busca":false,"drogasil_busca_error":null,"drogasil_detalhe":false,"cache_hit":false,"encontrado":false}}
[2026-06-05T20:13:50.365Z] [INFO] Enriquecimento concluido {"importacao_id":62,"item_id":1037066,"ean":"7896044928522","enriched":false,"requires_approval":true,"fontes_consultadas":{"convertize_busca":false,"convertize_busca_error":null,"convertize_detalhe":false,"farmaindex_busca":false,"farmaindex_busca_error":null,"farmaindex_detalhe":false,"drogasil_busca":false,"drogasil_busca_error":null,"drogasil_detalhe":false,"cache_hit":false,"encontrado":false}}
[2026-06-05T20:13:50.432Z] [INFO] Enriquecimento concluido {"importacao_id":62,"item_id":1037060,"ean":"7896422509794","enriched":false,"requires_approval":true,"fontes_consultadas":{"convertize_busca":false,"convertize_busca_error":null,"convertize_detalhe":false,"farmaindex_busca":false,"farmaindex_busca_error":null,"farmaindex_detalhe":false,"drogasil_busca":false,"drogasil_busca_error":null,"drogasil_detalhe":false,"cache_hit":false,"encontrado":false}}
[2026-06-05T20:13:51.021Z] [INFO] Enriquecimento concluido {"importacao_id":62,"item_id":1037055,"ean":"7896422509350","enriched":false,"requires_approval":true,"fontes_consultadas":{"convertize_busca":false,"convertize_busca_error":null,"convertize_detalhe":false,"farmaindex_busca":false,"farmaindex_busca_error":null,"farmaindex_detalhe":false,"drogasil_busca":false,"drogasil_busca_error":null,"drogasil_detalhe":false,"cache_hit":false,"encontrado":false}}
[2026-06-05T20:13:51.131Z] [INFO] Consumidor retirou lote do staging de trier {"importacao_id":62,"staged_itens_lote":4,"staged_itens_restantes":44655,"sample_eans":["7896044928539","7896044928515","7896512909206","8690515216724"]}
[2026-06-05T20:13:51.132Z] [INFO] Iniciando checagem de existencia no Banco Unico {"total_eans_consulta":4,"batches":1,"batch_size":100,"sample_eans":["7896044928539","7896044928515","7896512909206","8690515216724"]}
[2026-06-05T20:13:51.132Z] [INFO] Consultando batch de EANs no Banco Unico {"batch_index":1,"batch_total":1,"eans_no_batch":4,"sample_eans":["7896044928539","7896044928515","7896512909206","8690515216724"]}
[2026-06-05T20:13:51.169Z] [INFO] Resultado do batch consultado no Banco Unico {"batch_index":1,"encontrados":2,"faltantes":2,"found_eans_sample":["7896044928539","7896044928515"]}
[2026-06-05T20:13:51.169Z] [INFO] Checagem de existencia no Banco Unico concluida {"total_consultados":4,"total_existentes":2,"total_ausentes":2,"existing_eans_sample":["7896044928539","7896044928515"]}
[2026-06-05T20:13:51.363Z] [INFO] Resumo da triagem antes do enriquecimento {"importacao_id":62,"staged_total":4,"validos_unicos":4,"invalidos":0,"duplicados_no_lote":0,"existentes_no_banco_unico":2,"elegiveis_enriquecimento":2,"sample_eans_elegiveis":["7896512909206","8690515216724"],"acumulado":{"invalidos":6,"duplicados_no_lote":0,"existentes_no_banco_unico":94,"elegiveis_processamento":206}}
[2026-06-05T20:13:51.408Z] [INFO] Iniciando enriquecimento externo {"importacao_id":62,"item_id":1037068,"ean":"8690515216724"}
[2026-06-05T20:13:51.414Z] [INFO] Iniciando enriquecimento externo {"importacao_id":62,"item_id":1037069,"ean":"7896512909206"}
[2026-06-05T20:13:51.696Z] [INFO] Pagina armazenada em staging para trier {"importacao_id":62,"pagina":46,"staged_itens_pagina":999,"staged_itens_total":45954,"itens_aguardando_consumidor":45654,"sample_eans":["7908512700735","7908414432086","7892828001078","7896094922426","7898582380015","7899441525653","7898581710615","7896004778617","7896004781358","10027084120131"]}
[2026-06-05T20:13:51.697Z] [INFO] Buscando pagina de produtos na trier {"importacao_id":62,"pagina":47,"primeiro_registro":45954,"quantidade_registros":999,"ativo":null,"integracao_ecommerce":null,"processa_custo_medio":false}
[2026-06-05T20:13:52.451Z] [INFO] Enriquecimento concluido {"importacao_id":62,"item_id":1037068,"ean":"8690515216724","enriched":false,"requires_approval":true,"fontes_consultadas":{"convertize_busca":false,"convertize_busca_error":null,"convertize_detalhe":false,"farmaindex_busca":false,"farmaindex_busca_error":null,"farmaindex_detalhe":false,"drogasil_busca":false,"drogasil_busca_error":null,"drogasil_detalhe":false,"cache_hit":false,"encontrado":false}}
[2026-06-05T20:13:53.435Z] [INFO] Enriquecimento concluido {"importacao_id":62,"item_id":1037069,"ean":"7896512909206","enriched":false,"requires_approval":true,"fontes_consultadas":{"convertize_busca":false,"convertize_busca_error":null,"convertize_detalhe":false,"farmaindex_busca":false,"farmaindex_busca_error":null,"farmaindex_detalhe":false,"drogasil_busca":false,"drogasil_busca_error":null,"drogasil_detalhe":false,"cache_hit":false,"encontrado":false}}
[2026-06-05T20:13:53.676Z] [INFO] Pagina retornada pela trier {"importacao_id":62,"pagina":47,"endpoint":"/rest/integracao/produto/obter-todos-v1","quantidade_itens":999,"total":999}
[2026-06-05T20:13:53.835Z] [INFO] Consumidor retirou lote do staging de trier {"importacao_id":62,"staged_itens_lote":4,"staged_itens_restantes":45650,"sample_eans":["8690515216922","7891088018949","7891024170335"]}
[2026-06-05T20:13:53.836Z] [INFO] Iniciando checagem de existencia no Banco Unico {"total_eans_consulta":3,"batches":1,"batch_size":100,"sample_eans":["8690515216922","7891088018949","7891024170335"]}
[2026-06-05T20:13:53.836Z] [INFO] Consultando batch de EANs no Banco Unico {"batch_index":1,"batch_total":1,"eans_no_batch":3,"sample_eans":["8690515216922","7891088018949","7891024170335"]}
[2026-06-05T20:13:53.864Z] [INFO] Resultado do batch consultado no Banco Unico {"batch_index":1,"encontrados":1,"faltantes":2,"found_eans_sample":["7891024170335"]}
[2026-06-05T20:13:53.865Z] [INFO] Checagem de existencia no Banco Unico concluida {"total_consultados":3,"total_existentes":1,"total_ausentes":2,"existing_eans_sample":["7891024170335"]}
[2026-06-05T20:13:53.961Z] [INFO] Resumo da triagem antes do enriquecimento {"importacao_id":62,"staged_total":4,"validos_unicos":3,"invalidos":1,"duplicados_no_lote":0,"existentes_no_banco_unico":1,"elegiveis_enriquecimento":3,"sample_eans_elegiveis":["8690515216922","7891088018949"],"acumulado":{"invalidos":7,"duplicados_no_lote":0,"existentes_no_banco_unico":95,"elegiveis_processamento":209}}
[2026-06-05T20:13:54.006Z] [INFO] Iniciando enriquecimento externo {"importacao_id":62,"item_id":1037075,"ean":"7891088018949"}
[2026-06-05T20:13:54.009Z] [INFO] Iniciando enriquecimento externo {"importacao_id":62,"item_id":1037078,"ean":"8690515216922"}
[2026-06-05T20:13:54.824Z] [INFO] Enriquecimento concluido {"importacao_id":62,"item_id":1037078,"ean":"8690515216922","enriched":false,"requires_approval":true,"fontes_consultadas":{"convertize_busca":false,"convertize_busca_error":null,"convertize_detalhe":false,"farmaindex_busca":false,"farmaindex_busca_error":null,"farmaindex_detalhe":false,"drogasil_busca":false,"drogasil_busca_error":null,"drogasil_detalhe":false,"cache_hit":false,"encontrado":false}}
[2026-06-05T20:13:54.931Z] [INFO] Enriquecimento concluido {"importacao_id":62,"item_id":1037075,"ean":"7891088018949","enriched":false,"requires_approval":true,"fontes_consultadas":{"convertize_busca":false,"convertize_busca_error":null,"convertize_detalhe":false,"farmaindex_busca":false,"farmaindex_busca_error":null,"farmaindex_detalhe":false,"drogasil_busca":false,"drogasil_busca_error":null,"drogasil_detalhe":false,"cache_hit":false,"encontrado":false}}
[2026-06-05T20:13:55.031Z] [INFO] Consumidor retirou lote do staging de trier {"importacao_id":62,"staged_itens_lote":4,"staged_itens_restantes":45646,"sample_eans":["7891040107322","7896422509817","7896422509336","7896014101832"]}
[2026-06-05T20:13:55.032Z] [INFO] Iniciando checagem de existencia no Banco Unico {"total_eans_consulta":4,"batches":1,"batch_size":100,"sample_eans":["7891040107322","7896422509817","7896422509336","7896014101832"]}
[2026-06-05T20:13:55.033Z] [INFO] Consultando batch de EANs no Banco Unico {"batch_index":1,"batch_total":1,"eans_no_batch":4,"sample_eans":["7891040107322","7896422509817","7896422509336","7896014101832"]}
[2026-06-05T20:13:55.062Z] [INFO] Resultado do batch consultado no Banco Unico {"batch_index":1,"encontrados":2,"faltantes":2,"found_eans_sample":["7891040107322","7896422509336"]}
[2026-06-05T20:13:55.063Z] [INFO] Checagem de existencia no Banco Unico concluida {"total_consultados":4,"total_existentes":2,"total_ausentes":2,"existing_eans_sample":["7891040107322","7896422509336"]}
[2026-06-05T20:13:55.209Z] [INFO] Resumo da triagem antes do enriquecimento {"importacao_id":62,"staged_total":4,"validos_unicos":4,"invalidos":0,"duplicados_no_lote":0,"existentes_no_banco_unico":2,"elegiveis_enriquecimento":2,"sample_eans_elegiveis":["7896422509817","7896014101832"],"acumulado":{"invalidos":7,"duplicados_no_lote":0,"existentes_no_banco_unico":97,"elegiveis_processamento":211}}
[2026-06-05T20:13:55.246Z] [INFO] Iniciando enriquecimento externo {"importacao_id":62,"item_id":1037074,"ean":"7896422509817"}
[2026-06-05T20:13:55.255Z] [INFO] Iniciando enriquecimento externo {"importacao_id":62,"item_id":1037073,"ean":"7896014101832"}
[2026-06-05T20:13:55.468Z] [INFO] Pagina armazenada em staging para trier {"importacao_id":62,"pagina":47,"staged_itens_pagina":999,"staged_itens_total":46953,"itens_aguardando_consumidor":46645,"sample_eans":["7898671421070","7891150077706","7896111947777","7896025532557","17908289900335","7896112401926","7891025118763","7898430192524","7899441527466","7896006216605"]}
[2026-06-05T20:13:55.469Z] [INFO] Buscando pagina de produtos na trier {"importacao_id":62,"pagina":48,"primeiro_registro":46953,"quantidade_registros":999,"ativo":null,"integracao_ecommerce":null,"processa_custo_medio":false}
[2026-06-05T20:13:56.237Z] [INFO] Enriquecimento concluido {"importacao_id":62,"item_id":1037074,"ean":"7896422509817","enriched":false,"requires_approval":true,"fontes_consultadas":{"convertize_busca":false,"convertize_busca_error":null,"convertize_detalhe":false,"farmaindex_busca":false,"farmaindex_busca_error":null,"farmaindex_detalhe":false,"drogasil_busca":false,"drogasil_busca_error":null,"drogasil_detalhe":false,"cache_hit":false,"encontrado":false}}
[2026-06-05T20:13:56.361Z] [INFO] Enriquecimento concluido {"importacao_id":62,"item_id":1037073,"ean":"7896014101832","enriched":false,"requires_approval":true,"fontes_consultadas":{"convertize_busca":false,"convertize_busca_error":null,"convertize_detalhe":false,"farmaindex_busca":false,"farmaindex_busca_error":null,"farmaindex_detalhe":false,"drogasil_busca":false,"drogasil_busca_error":null,"drogasil_detalhe":false,"cache_hit":false,"encontrado":false}}
[2026-06-05T20:13:56.453Z] [INFO] Consumidor retirou lote do staging de trier {"importacao_id":62,"staged_itens_lote":4,"staged_itens_restantes":46641,"sample_eans":["7896020157526","7896020157519","7891024168417","7896006263951"]}
[2026-06-05T20:13:56.454Z] [INFO] Iniciando checagem de existencia no Banco Unico {"total_eans_consulta":4,"batches":1,"batch_size":100,"sample_eans":["7896020157526","7896020157519","7891024168417","7896006263951"]}
[2026-06-05T20:13:56.454Z] [INFO] Consultando batch de EANs no Banco Unico {"batch_index":1,"batch_total":1,"eans_no_batch":4,"sample_eans":["7896020157526","7896020157519","7891024168417","7896006263951"]}
[2026-06-05T20:13:56.485Z] [INFO] Resultado do batch consultado no Banco Unico {"batch_index":1,"encontrados":1,"faltantes":3,"found_eans_sample":["7896006263951"]}
[2026-06-05T20:13:56.486Z] [INFO] Checagem de existencia no Banco Unico concluida {"total_consultados":4,"total_existentes":1,"total_ausentes":3,"existing_eans_sample":["7896006263951"]}
[2026-06-05T20:13:56.550Z] [INFO] Resumo da triagem antes do enriquecimento {"importacao_id":62,"staged_total":4,"validos_unicos":4,"invalidos":0,"duplicados_no_lote":0,"existentes_no_banco_unico":1,"elegiveis_enriquecimento":3,"sample_eans_elegiveis":["7896020157526","7896020157519","7891024168417"],"acumulado":{"invalidos":7,"duplicados_no_lote":0,"existentes_no_banco_unico":98,"elegiveis_processamento":214}}
[2026-06-05T20:13:56.587Z] [INFO] Iniciando enriquecimento externo {"importacao_id":62,"item_id":1037081,"ean":"7896020157526"}
[2026-06-05T20:13:56.589Z] [INFO] Iniciando enriquecimento externo {"importacao_id":62,"item_id":1037079,"ean":"7896020157519"}
[2026-06-05T20:13:56.591Z] [INFO] Iniciando enriquecimento externo {"importacao_id":62,"item_id":1037080,"ean":"7891024168417"}
[2026-06-05T20:13:57.528Z] [INFO] Pagina retornada pela trier {"importacao_id":62,"pagina":48,"endpoint":"/rest/integracao/produto/obter-todos-v1","quantidade_itens":999,"total":999}
[2026-06-05T20:13:57.706Z] [INFO] Enriquecimento concluido {"importacao_id":62,"item_id":1037079,"ean":"7896020157519","enriched":false,"requires_approval":true,"fontes_consultadas":{"convertize_busca":false,"convertize_busca_error":null,"convertize_detalhe":false,"farmaindex_busca":false,"farmaindex_busca_error":null,"farmaindex_detalhe":false,"drogasil_busca":false,"drogasil_busca_error":null,"drogasil_detalhe":false,"cache_hit":false,"encontrado":false}}
[2026-06-05T20:13:57.720Z] [INFO] Enriquecimento concluido {"importacao_id":62,"item_id":1037081,"ean":"7896020157526","enriched":false,"requires_approval":true,"fontes_consultadas":{"convertize_busca":false,"convertize_busca_error":null,"convertize_detalhe":false,"farmaindex_busca":false,"farmaindex_busca_error":null,"farmaindex_detalhe":false,"drogasil_busca":false,"drogasil_busca_error":null,"drogasil_detalhe":false,"cache_hit":false,"encontrado":false}}
[2026-06-05T20:13:57.791Z] [INFO] Enriquecimento concluido {"importacao_id":62,"item_id":1037080,"ean":"7891024168417","enriched":false,"requires_approval":true,"fontes_consultadas":{"convertize_busca":false,"convertize_busca_error":null,"convertize_detalhe":false,"farmaindex_busca":false,"farmaindex_busca_error":null,"farmaindex_detalhe":false,"drogasil_busca":false,"drogasil_busca_error":null,"drogasil_detalhe":false,"cache_hit":false,"encontrado":false}}
[2026-06-05T20:13:57.923Z] [INFO] Consumidor retirou lote do staging de trier {"importacao_id":62,"staged_itens_lote":4,"staged_itens_restantes":46637,"sample_eans":["7891024168424","7891024168431","7891024130322","7891024161982"]}
[2026-06-05T20:13:57.923Z] [INFO] Iniciando checagem de existencia no Banco Unico {"total_eans_consulta":4,"batches":1,"batch_size":100,"sample_eans":["7891024168424","7891024168431","7891024130322","7891024161982"]}
[2026-06-05T20:13:57.924Z] [INFO] Consultando batch de EANs no Banco Unico {"batch_index":1,"batch_total":1,"eans_no_batch":4,"sample_eans":["7891024168424","7891024168431","7891024130322","7891024161982"]}
[2026-06-05T20:13:57.953Z] [INFO] Resultado do batch consultado no Banco Unico {"batch_index":1,"encontrados":1,"faltantes":3,"found_eans_sample":["7891024161982"]}
[2026-06-05T20:13:57.953Z] [INFO] Checagem de existencia no Banco Unico concluida {"total_consultados":4,"total_existentes":1,"total_ausentes":3,"existing_eans_sample":["7891024161982"]}
[2026-06-05T20:13:58.038Z] [INFO] Resumo da triagem antes do enriquecimento {"importacao_id":62,"staged_total":4,"validos_unicos":4,"invalidos":0,"duplicados_no_lote":0,"existentes_no_banco_unico":1,"elegiveis_enriquecimento":3,"sample_eans_elegiveis":["7891024168424","7891024168431","7891024130322"],"acumulado":{"invalidos":7,"duplicados_no_lote":0,"existentes_no_banco_unico":99,"elegiveis_processamento":217}}
[2026-06-05T20:13:58.071Z] [INFO] Iniciando enriquecimento externo {"importacao_id":62,"item_id":1037083,"ean":"7891024168424"}
[2026-06-05T20:13:58.079Z] [INFO] Iniciando enriquecimento externo {"importacao_id":62,"item_id":1037082,"ean":"7891024168431"}
[2026-06-05T20:13:58.085Z] [INFO] Iniciando enriquecimento externo {"importacao_id":62,"item_id":1037084,"ean":"7891024130322"}
[2026-06-05T20:13:58.870Z] [INFO] Enriquecimento concluido {"importacao_id":62,"item_id":1037083,"ean":"7891024168424","enriched":false,"requires_approval":true,"fontes_consultadas":{"convertize_busca":false,"convertize_busca_error":null,"convertize_detalhe":false,"farmaindex_busca":false,"farmaindex_busca_error":null,"farmaindex_detalhe":false,"drogasil_busca":false,"drogasil_busca_error":null,"drogasil_detalhe":false,"cache_hit":false,"encontrado":false}}
[2026-06-05T20:13:58.968Z] [INFO] Enriquecimento concluido {"importacao_id":62,"item_id":1037082,"ean":"7891024168431","enriched":false,"requires_approval":true,"fontes_consultadas":{"convertize_busca":false,"convertize_busca_error":null,"convertize_detalhe":false,"farmaindex_busca":false,"farmaindex_busca_error":null,"farmaindex_detalhe":false,"drogasil_busca":false,"drogasil_busca_error":null,"drogasil_detalhe":false,"cache_hit":false,"encontrado":false}}
[2026-06-05T20:13:59.217Z] [INFO] Pagina armazenada em staging para trier {"importacao_id":62,"pagina":48,"staged_itens_pagina":999,"staged_itens_total":47952,"itens_aguardando_consumidor":47636,"sample_eans":["7896094928787","7896094928503","7896094928510","7896094927452","7891142982537","7897930777705","7896049525726","7896049525740","7896044960065","7897517913397"]}
[2026-06-05T20:13:59.218Z] [INFO] Buscando pagina de produtos na trier {"importacao_id":62,"pagina":49,"primeiro_registro":47952,"quantidade_registros":999,"ativo":null,"integracao_ecommerce":null,"processa_custo_medio":false}
[2026-06-05T20:13:59.354Z] [INFO] Enriquecimento concluido {"importacao_id":62,"item_id":1037084,"ean":"7891024130322","enriched":false,"requires_approval":true,"fontes_consultadas":{"convertize_busca":false,"convertize_busca_error":null,"convertize_detalhe":false,"farmaindex_busca":false,"farmaindex_busca_error":null,"farmaindex_detalhe":false,"drogasil_busca":false,"drogasil_busca_error":null,"drogasil_detalhe":false,"cache_hit":false,"encontrado":false}}
[2026-06-05T20:13:59.436Z] [INFO] Consumidor retirou lote do staging de trier {"importacao_id":62,"staged_itens_lote":4,"staged_itens_restantes":47632,"sample_eans":["650240012709","4005808694914","7509546006956","7509546006932"]}
[2026-06-05T20:13:59.437Z] [INFO] Iniciando checagem de existencia no Banco Unico {"total_eans_consulta":3,"batches":1,"batch_size":100,"sample_eans":["4005808694914","7509546006956","7509546006932"]}
[2026-06-05T20:13:59.437Z] [INFO] Consultando batch de EANs no Banco Unico {"batch_index":1,"batch_total":1,"eans_no_batch":3,"sample_eans":["4005808694914","7509546006956","7509546006932"]}
[2026-06-05T20:13:59.466Z] [INFO] Resultado do batch consultado no Banco Unico {"batch_index":1,"encontrados":0,"faltantes":3,"found_eans_sample":[]}
[2026-06-05T20:13:59.467Z] [INFO] Checagem de existencia no Banco Unico concluida {"total_consultados":3,"total_existentes":0,"total_ausentes":3,"existing_eans_sample":[]}
[2026-06-05T20:13:59.467Z] [INFO] Resumo da triagem antes do enriquecimento {"importacao_id":62,"staged_total":4,"validos_unicos":3,"invalidos":1,"duplicados_no_lote":0,"existentes_no_banco_unico":0,"elegiveis_enriquecimento":4,"sample_eans_elegiveis":["650240012709","4005808694914","7509546006956","7509546006932"],"acumulado":{"invalidos":8,"duplicados_no_lote":0,"existentes_no_banco_unico":99,"elegiveis_processamento":221}}
[2026-06-05T20:13:59.493Z] [INFO] Iniciando enriquecimento externo {"importacao_id":62,"item_id":1037088,"ean":"7509546006956"}
[2026-06-05T20:13:59.495Z] [INFO] Iniciando enriquecimento externo {"importacao_id":62,"item_id":1037086,"ean":"4005808694914"}
[2026-06-05T20:13:59.498Z] [INFO] Iniciando enriquecimento externo {"importacao_id":62,"item_id":1037089,"ean":"7509546006932"}
[2026-06-05T20:14:00.452Z] [INFO] Enriquecimento concluido {"importacao_id":62,"item_id":1037089,"ean":"7509546006932","enriched":false,"requires_approval":true,"fontes_consultadas":{"convertize_busca":false,"convertize_busca_error":null,"convertize_detalhe":false,"farmaindex_busca":false,"farmaindex_busca_error":null,"farmaindex_detalhe":false,"drogasil_busca":false,"drogasil_busca_error":null,"drogasil_detalhe":false,"cache_hit":false,"encontrado":false}}
[2026-06-05T20:14:00.676Z] [INFO] Enriquecimento concluido {"importacao_id":62,"item_id":1037086,"ean":"4005808694914","enriched":false,"requires_approval":true,"fontes_consultadas":{"convertize_busca":false,"convertize_busca_error":null,"convertize_detalhe":false,"farmaindex_busca":false,"farmaindex_busca_error":null,"farmaindex_detalhe":false,"drogasil_busca":false,"drogasil_busca_error":null,"drogasil_detalhe":false,"cache_hit":false,"encontrado":false}}
[2026-06-05T20:14:00.717Z] [INFO] Enriquecimento concluido {"importacao_id":62,"item_id":1037088,"ean":"7509546006956","enriched":false,"requires_approval":true,"fontes_consultadas":{"convertize_busca":false,"convertize_busca_error":null,"convertize_detalhe":false,"farmaindex_busca":false,"farmaindex_busca_error":null,"farmaindex_detalhe":false,"drogasil_busca":false,"drogasil_busca_error":null,"drogasil_detalhe":false,"cache_hit":false,"encontrado":false}}
[2026-06-05T20:14:00.819Z] [INFO] Consumidor retirou lote do staging de trier {"importacao_id":62,"staged_itens_lote":4,"staged_itens_restantes":47628,"sample_eans":["7891051038134","7891051038189","7896212429035","7891051038202"]}
[2026-06-05T20:14:00.820Z] [INFO] Iniciando checagem de existencia no Banco Unico {"total_eans_consulta":4,"batches":1,"batch_size":100,"sample_eans":["7891051038134","7891051038189","7896212429035","7891051038202"]}
[2026-06-05T20:14:00.821Z] [INFO] Consultando batch de EANs no Banco Unico {"batch_index":1,"batch_total":1,"eans_no_batch":4,"sample_eans":["7891051038134","7891051038189","7896212429035","7891051038202"]}
[2026-06-05T20:14:00.853Z] [INFO] Resultado do batch consultado no Banco Unico {"batch_index":1,"encontrados":1,"faltantes":3,"found_eans_sample":["7896212429035"]}
[2026-06-05T20:14:00.854Z] [INFO] Checagem de existencia no Banco Unico concluida {"total_consultados":4,"total_existentes":1,"total_ausentes":3,"existing_eans_sample":["7896212429035"]}
[2026-06-05T20:14:00.919Z] [INFO] Resumo da triagem antes do enriquecimento {"importacao_id":62,"staged_total":4,"validos_unicos":4,"invalidos":0,"duplicados_no_lote":0,"existentes_no_banco_unico":1,"elegiveis_enriquecimento":3,"sample_eans_elegiveis":["7891051038134","7891051038189","7891051038202"],"acumulado":{"invalidos":8,"duplicados_no_lote":0,"existentes_no_banco_unico":100,"elegiveis_processamento":224}}
[2026-06-05T20:14:00.948Z] [INFO] Iniciando enriquecimento externo {"importacao_id":62,"item_id":1037091,"ean":"7891051038189"}
[2026-06-05T20:14:00.951Z] [INFO] Iniciando enriquecimento externo {"importacao_id":62,"item_id":1037090,"ean":"7891051038202"}
[2026-06-05T20:14:00.954Z] [INFO] Iniciando enriquecimento externo {"importacao_id":62,"item_id":1037092,"ean":"7891051038134"}
[2026-06-05T20:14:01.262Z] [INFO] Pagina retornada pela trier {"importacao_id":62,"pagina":49,"endpoint":"/rest/integracao/produto/obter-todos-v1","quantidade_itens":999,"total":999}
[2026-06-05T20:14:01.979Z] [INFO] Enriquecimento concluido {"importacao_id":62,"item_id":1037092,"ean":"7891051038134","enriched":false,"requires_approval":true,"fontes_consultadas":{"convertize_busca":false,"convertize_busca_error":null,"convertize_detalhe":false,"farmaindex_busca":false,"farmaindex_busca_error":null,"farmaindex_detalhe":false,"drogasil_busca":false,"drogasil_busca_error":null,"drogasil_detalhe":false,"cache_hit":false,"encontrado":false}}
[2026-06-05T20:14:02.066Z] [INFO] Enriquecimento concluido {"importacao_id":62,"item_id":1037091,"ean":"7891051038189","enriched":false,"requires_approval":true,"fontes_consultadas":{"convertize_busca":false,"convertize_busca_error":null,"convertize_detalhe":false,"farmaindex_busca":false,"farmaindex_busca_error":null,"farmaindex_detalhe":false,"drogasil_busca":false,"drogasil_busca_error":null,"drogasil_detalhe":false,"cache_hit":false,"encontrado":false}}
[2026-06-05T20:14:02.771Z] [INFO] Requisicao recebida {"method":"GET","path":"/imports/62"}
[2026-06-05T20:14:02.968Z] [INFO] Pagina armazenada em staging para trier {"importacao_id":62,"pagina":49,"staged_itens_pagina":999,"staged_itens_total":48951,"itens_aguardando_consumidor":48627,"sample_eans":["4005900995520","7896006212386","7500435204040","7891051040403","7500435232784","7500435232814","7892840818210","7892840819729","7892840821081","7891010254155"]}
[2026-06-05T20:14:02.969Z] [INFO] Buscando pagina de produtos na trier {"importacao_id":62,"pagina":50,"primeiro_registro":48951,"quantidade_registros":999,"ativo":null,"integracao_ecommerce":null,"processa_custo_medio":false}
[2026-06-05T20:14:03.432Z] [INFO] Enriquecimento concluido {"importacao_id":62,"item_id":1037090,"ean":"7891051038202","enriched":false,"requires_approval":true,"fontes_consultadas":{"convertize_busca":false,"convertize_busca_error":null,"convertize_detalhe":false,"farmaindex_busca":false,"farmaindex_busca_error":null,"farmaindex_detalhe":false,"drogasil_busca":false,"drogasil_busca_error":null,"drogasil_detalhe":false,"cache_hit":false,"encontrado":false}}
[2026-06-05T20:14:03.539Z] [INFO] Consumidor retirou lote do staging de trier {"importacao_id":62,"staged_itens_lote":4,"staged_itens_restantes":48623,"sample_eans":["7896014123872","7891051032033","7897076906465","7897076906625"]}
[2026-06-05T20:14:03.540Z] [INFO] Iniciando checagem de existencia no Banco Unico {"total_eans_consulta":4,"batches":1,"batch_size":100,"sample_eans":["7896014123872","7891051032033","7897076906465","7897076906625"]}
[2026-06-05T20:14:03.540Z] [INFO] Consultando batch de EANs no Banco Unico {"batch_index":1,"batch_total":1,"eans_no_batch":4,"sample_eans":["7896014123872","7891051032033","7897076906465","7897076906625"]}
[2026-06-05T20:14:03.574Z] [INFO] Resultado do batch consultado no Banco Unico {"batch_index":1,"encontrados":0,"faltantes":4,"found_eans_sample":[]}
[2026-06-05T20:14:03.575Z] [INFO] Checagem de existencia no Banco Unico concluida {"total_consultados":4,"total_existentes":0,"total_ausentes":4,"existing_eans_sample":[]}
[2026-06-05T20:14:03.575Z] [INFO] Resumo da triagem antes do enriquecimento {"importacao_id":62,"staged_total":4,"validos_unicos":4,"invalidos":0,"duplicados_no_lote":0,"existentes_no_banco_unico":0,"elegiveis_enriquecimento":4,"sample_eans_elegiveis":["7896014123872","7891051032033","7897076906465","7897076906625"],"acumulado":{"invalidos":8,"duplicados_no_lote":0,"existentes_no_banco_unico":100,"elegiveis_processamento":228}}
[2026-06-05T20:14:03.609Z] [INFO] Iniciando enriquecimento externo {"importacao_id":62,"item_id":1037098,"ean":"7897076906625"}
[2026-06-05T20:14:03.611Z] [INFO] Iniciando enriquecimento externo {"importacao_id":62,"item_id":1037096,"ean":"7897076906465"}
[2026-06-05T20:14:03.613Z] [INFO] Iniciando enriquecimento externo {"importacao_id":62,"item_id":1037095,"ean":"7896014123872"}
[2026-06-05T20:14:03.615Z] [INFO] Iniciando enriquecimento externo {"importacao_id":62,"item_id":1037093,"ean":"7891051032033"}
[2026-06-05T20:14:04.540Z] [INFO] Enriquecimento concluido {"importacao_id":62,"item_id":1037098,"ean":"7897076906625","enriched":false,"requires_approval":true,"fontes_consultadas":{"convertize_busca":false,"convertize_busca_error":null,"convertize_detalhe":false,"farmaindex_busca":false,"farmaindex_busca_error":null,"farmaindex_detalhe":false,"drogasil_busca":false,"drogasil_busca_error":null,"drogasil_detalhe":false,"cache_hit":false,"encontrado":false}}
[2026-06-05T20:14:04.577Z] [INFO] Enriquecimento concluido {"importacao_id":62,"item_id":1037093,"ean":"7891051032033","enriched":false,"requires_approval":true,"fontes_consultadas":{"convertize_busca":false,"convertize_busca_error":null,"convertize_detalhe":false,"farmaindex_busca":false,"farmaindex_busca_error":null,"farmaindex_detalhe":false,"drogasil_busca":false,"drogasil_busca_error":null,"drogasil_detalhe":false,"cache_hit":false,"encontrado":false}}
[2026-06-05T20:14:04.596Z] [INFO] Enriquecimento concluido {"importacao_id":62,"item_id":1037095,"ean":"7896014123872","enriched":false,"requires_approval":true,"fontes_consultadas":{"convertize_busca":false,"convertize_busca_error":null,"convertize_detalhe":false,"farmaindex_busca":false,"farmaindex_busca_error":null,"farmaindex_detalhe":false,"drogasil_busca":false,"drogasil_busca_error":null,"drogasil_detalhe":false,"cache_hit":false,"encontrado":false}}
[2026-06-05T20:14:04.676Z] [INFO] Enriquecimento concluido {"importacao_id":62,"item_id":1037096,"ean":"7897076906465","enriched":false,"requires_approval":true,"fontes_consultadas":{"convertize_busca":false,"convertize_busca_error":null,"convertize_detalhe":false,"farmaindex_busca":false,"farmaindex_busca_error":null,"farmaindex_detalhe":false,"drogasil_busca":false,"drogasil_busca_error":null,"drogasil_detalhe":false,"cache_hit":false,"encontrado":false}}
[2026-06-05T20:14:04.772Z] [INFO] Consumidor retirou lote do staging de trier {"importacao_id":62,"staged_itens_lote":4,"staged_itens_restantes":48619,"sample_eans":["7896261009837","7896261009103","7896261007963","7896261007970"]}
[2026-06-05T20:14:04.773Z] [INFO] Iniciando checagem de existencia no Banco Unico {"total_eans_consulta":4,"batches":1,"batch_size":100,"sample_eans":["7896261009837","7896261009103","7896261007963","7896261007970"]}
[2026-06-05T20:14:04.774Z] [INFO] Consultando batch de EANs no Banco Unico {"batch_index":1,"batch_total":1,"eans_no_batch":4,"sample_eans":["7896261009837","7896261009103","7896261007963","7896261007970"]}
[2026-06-05T20:14:04.803Z] [INFO] Resultado do batch consultado no Banco Unico {"batch_index":1,"encontrados":0,"faltantes":4,"found_eans_sample":[]}
[2026-06-05T20:14:04.804Z] [INFO] Checagem de existencia no Banco Unico concluida {"total_consultados":4,"total_existentes":0,"total_ausentes":4,"existing_eans_sample":[]}
[2026-06-05T20:14:04.804Z] [INFO] Resumo da triagem antes do enriquecimento {"importacao_id":62,"staged_total":4,"validos_unicos":4,"invalidos":0,"duplicados_no_lote":0,"existentes_no_banco_unico":0,"elegiveis_enriquecimento":4,"sample_eans_elegiveis":["7896261009837","7896261009103","7896261007963","7896261007970"],"acumulado":{"invalidos":8,"duplicados_no_lote":0,"existentes_no_banco_unico":100,"elegiveis_processamento":232}}
[2026-06-05T20:14:04.833Z] [INFO] Iniciando enriquecimento externo {"importacao_id":62,"item_id":1037101,"ean":"7896261007963"}
[2026-06-05T20:14:04.836Z] [INFO] Iniciando enriquecimento externo {"importacao_id":62,"item_id":1037097,"ean":"7896261007970"}
[2026-06-05T20:14:04.838Z] [INFO] Iniciando enriquecimento externo {"importacao_id":62,"item_id":1037100,"ean":"7896261009837"}
[2026-06-05T20:14:04.841Z] [INFO] Iniciando enriquecimento externo {"importacao_id":62,"item_id":1037099,"ean":"7896261009103"}
[2026-06-05T20:14:05.077Z] [INFO] Pagina retornada pela trier {"importacao_id":62,"pagina":50,"endpoint":"/rest/integracao/produto/obter-todos-v1","quantidade_itens":999,"total":999}
[2026-06-05T20:14:07.489Z] [INFO] Requisicao finalizada {"method":"GET","path":"/imports/62","status":200,"duration_ms":4718}
[2026-06-05T20:14:07.724Z] [INFO] Enriquecimento concluido {"importacao_id":62,"item_id":1037101,"ean":"7896261007963","enriched":false,"requires_approval":true,"fontes_consultadas":{"convertize_busca":false,"convertize_busca_error":null,"convertize_detalhe":false,"farmaindex_busca":false,"farmaindex_busca_error":null,"farmaindex_detalhe":false,"drogasil_busca":false,"drogasil_busca_error":null,"drogasil_detalhe":false,"cache_hit":false,"encontrado":false}}
[2026-06-05T20:14:07.756Z] [INFO] Enriquecimento concluido {"importacao_id":62,"item_id":1037097,"ean":"7896261007970","enriched":false,"requires_approval":true,"fontes_consultadas":{"convertize_busca":false,"convertize_busca_error":null,"convertize_detalhe":false,"farmaindex_busca":false,"farmaindex_busca_error":null,"farmaindex_detalhe":false,"drogasil_busca":false,"drogasil_busca_error":null,"drogasil_detalhe":false,"cache_hit":false,"encontrado":false}}
[2026-06-05T20:14:07.762Z] [INFO] Enriquecimento concluido {"importacao_id":62,"item_id":1037099,"ean":"7896261009103","enriched":false,"requires_approval":true,"fontes_consultadas":{"convertize_busca":false,"convertize_busca_error":null,"convertize_detalhe":false,"farmaindex_busca":false,"farmaindex_busca_error":null,"farmaindex_detalhe":false,"drogasil_busca":false,"drogasil_busca_error":null,"drogasil_detalhe":false,"cache_hit":false,"encontrado":false}}
[2026-06-05T20:14:07.830Z] [INFO] Enriquecimento concluido {"importacao_id":62,"item_id":1037100,"ean":"7896261009837","enriched":false,"requires_approval":true,"fontes_consultadas":{"convertize_busca":false,"convertize_busca_error":null,"convertize_detalhe":false,"farmaindex_busca":false,"farmaindex_busca_error":null,"farmaindex_detalhe":false,"drogasil_busca":false,"drogasil_busca_error":null,"drogasil_detalhe":false,"cache_hit":false,"encontrado":false}}
[2026-06-05T20:14:07.959Z] [INFO] Consumidor retirou lote do staging de trier {"importacao_id":62,"staged_itens_lote":4,"staged_itens_restantes":48615,"sample_eans":["7896261009196","7897322701790","7897930760554","7896261007697"]}
[2026-06-05T20:14:07.960Z] [INFO] Iniciando checagem de existencia no Banco Unico {"total_eans_consulta":4,"batches":1,"batch_size":100,"sample_eans":["7896261009196","7897322701790","7897930760554","7896261007697"]}
[2026-06-05T20:14:07.961Z] [INFO] Consultando batch de EANs no Banco Unico {"batch_index":1,"batch_total":1,"eans_no_batch":4,"sample_eans":["7896261009196","7897322701790","7897930760554","7896261007697"]}
[2026-06-05T20:14:07.988Z] [INFO] Resultado do batch consultado no Banco Unico {"batch_index":1,"encontrados":0,"faltantes":4,"found_eans_sample":[]}
[2026-06-05T20:14:07.988Z] [INFO] Checagem de existencia no Banco Unico concluida {"total_consultados":4,"total_existentes":0,"total_ausentes":4,"existing_eans_sample":[]}
[2026-06-05T20:14:07.989Z] [INFO] Resumo da triagem antes do enriquecimento {"importacao_id":62,"staged_total":4,"validos_unicos":4,"invalidos":0,"duplicados_no_lote":0,"existentes_no_banco_unico":0,"elegiveis_enriquecimento":4,"sample_eans_elegiveis":["7896261009196","7897322701790","7897930760554","7896261007697"],"acumulado":{"invalidos":8,"duplicados_no_lote":0,"existentes_no_banco_unico":100,"elegiveis_processamento":236}}
[2026-06-05T20:14:08.037Z] [INFO] Iniciando enriquecimento externo {"importacao_id":62,"item_id":1037102,"ean":"7897322701790"}
[2026-06-05T20:14:08.041Z] [INFO] Iniciando enriquecimento externo {"importacao_id":62,"item_id":1037105,"ean":"7896261009196"}
[2026-06-05T20:14:08.043Z] [INFO] Iniciando enriquecimento externo {"importacao_id":62,"item_id":1037103,"ean":"7897930760554"}
[2026-06-05T20:14:08.047Z] [INFO] Iniciando enriquecimento externo {"importacao_id":62,"item_id":1037104,"ean":"7896261007697"}
[2026-06-05T20:14:08.881Z] [INFO] Pagina armazenada em staging para trier {"importacao_id":62,"pagina":50,"staged_itens_pagina":999,"staged_itens_total":49950,"itens_aguardando_consumidor":49614,"sample_eans":["7891350041194","7891350041170","7898946434316","7898216364367","7898322240449","7896110012094","7899918939242","7899918939228","7899918939341","7899918939235"]}
[2026-06-05T20:14:08.882Z] [INFO] Buscando pagina de produtos na trier {"importacao_id":62,"pagina":51,"primeiro_registro":49950,"quantidade_registros":999,"ativo":null,"integracao_ecommerce":null,"processa_custo_medio":false}
[2026-06-05T20:14:09.312Z] [INFO] Enriquecimento concluido {"importacao_id":62,"item_id":1037104,"ean":"7896261007697","enriched":false,"requires_approval":true,"fontes_consultadas":{"convertize_busca":false,"convertize_busca_error":null,"convertize_detalhe":false,"farmaindex_busca":false,"farmaindex_busca_error":null,"farmaindex_detalhe":false,"drogasil_busca":false,"drogasil_busca_error":null,"drogasil_detalhe":false,"cache_hit":false,"encontrado":false}}
[2026-06-05T20:14:09.393Z] [INFO] Enriquecimento concluido {"importacao_id":62,"item_id":1037102,"ean":"7897322701790","enriched":false,"requires_approval":true,"fontes_consultadas":{"convertize_busca":false,"convertize_busca_error":null,"convertize_detalhe":false,"farmaindex_busca":false,"farmaindex_busca_error":null,"farmaindex_detalhe":false,"drogasil_busca":false,"drogasil_busca_error":null,"drogasil_detalhe":false,"cache_hit":false,"encontrado":false}}
[2026-06-05T20:14:09.788Z] [INFO] Enriquecimento concluido {"importacao_id":62,"item_id":1037103,"ean":"7897930760554","enriched":false,"requires_approval":true,"fontes_consultadas":{"convertize_busca":false,"convertize_busca_error":null,"convertize_detalhe":false,"farmaindex_busca":false,"farmaindex_busca_error":null,"farmaindex_detalhe":false,"drogasil_busca":false,"drogasil_busca_error":null,"drogasil_detalhe":false,"cache_hit":false,"encontrado":false}}
[2026-06-05T20:14:10.062Z] [INFO] Enriquecimento concluido {"importacao_id":62,"item_id":1037105,"ean":"7896261009196","enriched":false,"requires_approval":true,"fontes_consultadas":{"convertize_busca":false,"convertize_busca_error":null,"convertize_detalhe":false,"farmaindex_busca":false,"farmaindex_busca_error":null,"farmaindex_detalhe":false,"drogasil_busca":false,"drogasil_busca_error":null,"drogasil_detalhe":false,"cache_hit":false,"encontrado":false}}
[2026-06-05T20:14:10.159Z] [INFO] Consumidor retirou lote do staging de trier {"importacao_id":62,"staged_itens_lote":4,"staged_itens_restantes":49610,"sample_eans":["7896261006973","7896261007994","7899026459465","7896261007291"]}
[2026-06-05T20:14:10.160Z] [INFO] Iniciando checagem de existencia no Banco Unico {"total_eans_consulta":4,"batches":1,"batch_size":100,"sample_eans":["7896261006973","7896261007994","7899026459465","7896261007291"]}
[2026-06-05T20:14:10.161Z] [INFO] Consultando batch de EANs no Banco Unico {"batch_index":1,"batch_total":1,"eans_no_batch":4,"sample_eans":["7896261006973","7896261007994","7899026459465","7896261007291"]}
[2026-06-05T20:14:10.206Z] [INFO] Resultado do batch consultado no Banco Unico {"batch_index":1,"encontrados":0,"faltantes":4,"found_eans_sample":[]}
[2026-06-05T20:14:10.206Z] [INFO] Checagem de existencia no Banco Unico concluida {"total_consultados":4,"total_existentes":0,"total_ausentes":4,"existing_eans_sample":[]}
[2026-06-05T20:14:10.206Z] [INFO] Resumo da triagem antes do enriquecimento {"importacao_id":62,"staged_total":4,"validos_unicos":4,"invalidos":0,"duplicados_no_lote":0,"existentes_no_banco_unico":0,"elegiveis_enriquecimento":4,"sample_eans_elegiveis":["7896261006973","7896261007994","7899026459465","7896261007291"],"acumulado":{"invalidos":8,"duplicados_no_lote":0,"existentes_no_banco_unico":100,"elegiveis_processamento":240}}
[2026-06-05T20:14:10.240Z] [INFO] Iniciando enriquecimento externo {"importacao_id":62,"item_id":1037110,"ean":"7896261007291"}
[2026-06-05T20:14:10.266Z] [INFO] Iniciando enriquecimento externo {"importacao_id":62,"item_id":1037106,"ean":"7899026459465"}
[2026-06-05T20:14:10.271Z] [INFO] Iniciando enriquecimento externo {"importacao_id":62,"item_id":1037107,"ean":"7896261007994"}
[2026-06-05T20:14:10.274Z] [INFO] Iniciando enriquecimento externo {"importacao_id":62,"item_id":1037108,"ean":"7896261006973"}
[2026-06-05T20:14:10.995Z] [INFO] Pagina retornada pela trier {"importacao_id":62,"pagina":51,"endpoint":"/rest/integracao/produto/obter-todos-v1","quantidade_itens":999,"total":999}
[2026-06-05T20:14:11.165Z] [INFO] Enriquecimento concluido {"importacao_id":62,"item_id":1037110,"ean":"7896261007291","enriched":false,"requires_approval":true,"fontes_consultadas":{"convertize_busca":false,"convertize_busca_error":null,"convertize_detalhe":false,"farmaindex_busca":false,"farmaindex_busca_error":null,"farmaindex_detalhe":false,"drogasil_busca":false,"drogasil_busca_error":null,"drogasil_detalhe":false,"cache_hit":false,"encontrado":false}}
[2026-06-05T20:14:11.212Z] [INFO] Enriquecimento concluido {"importacao_id":62,"item_id":1037106,"ean":"7899026459465","enriched":false,"requires_approval":true,"fontes_consultadas":{"convertize_busca":false,"convertize_busca_error":null,"convertize_detalhe":false,"farmaindex_busca":false,"farmaindex_busca_error":null,"farmaindex_detalhe":false,"drogasil_busca":false,"drogasil_busca_error":null,"drogasil_detalhe":false,"cache_hit":false,"encontrado":false}}
[2026-06-05T20:14:11.323Z] [INFO] Enriquecimento concluido {"importacao_id":62,"item_id":1037108,"ean":"7896261006973","enriched":false,"requires_approval":true,"fontes_consultadas":{"convertize_busca":false,"convertize_busca_error":null,"convertize_detalhe":false,"farmaindex_busca":false,"farmaindex_busca_error":null,"farmaindex_detalhe":false,"drogasil_busca":false,"drogasil_busca_error":null,"drogasil_detalhe":false,"cache_hit":false,"encontrado":false}}
[2026-06-05T20:14:11.454Z] [INFO] Enriquecimento concluido {"importacao_id":62,"item_id":1037107,"ean":"7896261007994","enriched":false,"requires_approval":true,"fontes_consultadas":{"convertize_busca":false,"convertize_busca_error":null,"convertize_detalhe":false,"farmaindex_busca":false,"farmaindex_busca_error":null,"farmaindex_detalhe":false,"drogasil_busca":false,"drogasil_busca_error":null,"drogasil_detalhe":false,"cache_hit":false,"encontrado":false}}
[2026-06-05T20:14:11.616Z] [INFO] Consumidor retirou lote do staging de trier {"importacao_id":62,"staged_itens_lote":4,"staged_itens_restantes":49606,"sample_eans":["7896261007284","7896261007550","7898040321413","7896261008823"]}
[2026-06-05T20:14:11.617Z] [INFO] Iniciando checagem de existencia no Banco Unico {"total_eans_consulta":4,"batches":1,"batch_size":100,"sample_eans":["7896261007284","7896261007550","7898040321413","7896261008823"]}
[2026-06-05T20:14:11.617Z] [INFO] Consultando batch de EANs no Banco Unico {"batch_index":1,"batch_total":1,"eans_no_batch":4,"sample_eans":["7896261007284","7896261007550","7898040321413","7896261008823"]}
[2026-06-05T20:14:11.648Z] [INFO] Resultado do batch consultado no Banco Unico {"batch_index":1,"encontrados":0,"faltantes":4,"found_eans_sample":[]}
[2026-06-05T20:14:11.648Z] [INFO] Checagem de existencia no Banco Unico concluida {"total_consultados":4,"total_existentes":0,"total_ausentes":4,"existing_eans_sample":[]}
[2026-06-05T20:14:11.648Z] [INFO] Resumo da triagem antes do enriquecimento {"importacao_id":62,"staged_total":4,"validos_unicos":4,"invalidos":0,"duplicados_no_lote":0,"existentes_no_banco_unico":0,"elegiveis_enriquecimento":4,"sample_eans_elegiveis":["7896261007284","7896261007550","7898040321413","7896261008823"],"acumulado":{"invalidos":8,"duplicados_no_lote":0,"existentes_no_banco_unico":100,"elegiveis_processamento":244}}
[2026-06-05T20:14:11.699Z] [INFO] Iniciando enriquecimento externo {"importacao_id":62,"item_id":1037112,"ean":"7896261007550"}
[2026-06-05T20:14:11.703Z] [INFO] Iniciando enriquecimento externo {"importacao_id":62,"item_id":1037111,"ean":"7898040321413"}
[2026-06-05T20:14:11.706Z] [INFO] Iniciando enriquecimento externo {"importacao_id":62,"item_id":1037109,"ean":"7896261007284"}
[2026-06-05T20:14:11.717Z] [INFO] Iniciando enriquecimento externo {"importacao_id":62,"item_id":1037115,"ean":"7896261008823"}
[2026-06-05T20:14:12.643Z] [INFO] Enriquecimento concluido {"importacao_id":62,"item_id":1037115,"ean":"7896261008823","enriched":false,"requires_approval":true,"fontes_consultadas":{"convertize_busca":false,"convertize_busca_error":null,"convertize_detalhe":false,"farmaindex_busca":false,"farmaindex_busca_error":null,"farmaindex_detalhe":false,"drogasil_busca":false,"drogasil_busca_error":null,"drogasil_detalhe":false,"cache_hit":false,"encontrado":false}}
[2026-06-05T20:14:12.755Z] [INFO] Enriquecimento concluido {"importacao_id":62,"item_id":1037109,"ean":"7896261007284","enriched":false,"requires_approval":true,"fontes_consultadas":{"convertize_busca":false,"convertize_busca_error":null,"convertize_detalhe":false,"farmaindex_busca":false,"farmaindex_busca_error":null,"farmaindex_detalhe":false,"drogasil_busca":false,"drogasil_busca_error":null,"drogasil_detalhe":false,"cache_hit":false,"encontrado":false}}
[2026-06-05T20:14:12.956Z] [INFO] Enriquecimento concluido {"importacao_id":62,"item_id":1037112,"ean":"7896261007550","enriched":false,"requires_approval":true,"fontes_consultadas":{"convertize_busca":false,"convertize_busca_error":null,"convertize_detalhe":false,"farmaindex_busca":false,"farmaindex_busca_error":null,"farmaindex_detalhe":false,"drogasil_busca":false,"drogasil_busca_error":null,"drogasil_detalhe":false,"cache_hit":false,"encontrado":false}}
[2026-06-05T20:14:13.106Z] [INFO] Pagina armazenada em staging para trier {"importacao_id":62,"pagina":51,"staged_itens_pagina":999,"staged_itens_total":50949,"itens_aguardando_consumidor":50605,"sample_eans":["7896222720764","7898953484823","7896004750620","7896004786988","7896004787527","7891033554768","7891033554744","7891317001872","7891010973483","7896637032926"]}
[2026-06-05T20:14:13.107Z] [INFO] Buscando pagina de produtos na trier {"importacao_id":62,"pagina":52,"primeiro_registro":50949,"quantidade_registros":999,"ativo":null,"integracao_ecommerce":null,"processa_custo_medio":false}
[2026-06-05T20:14:13.600Z] [INFO] Enriquecimento concluido {"importacao_id":62,"item_id":1037111,"ean":"7898040321413","enriched":false,"requires_approval":true,"fontes_consultadas":{"convertize_busca":false,"convertize_busca_error":null,"convertize_detalhe":false,"farmaindex_busca":false,"farmaindex_busca_error":null,"farmaindex_detalhe":false,"drogasil_busca":false,"drogasil_busca_error":null,"drogasil_detalhe":false,"cache_hit":false,"encontrado":false}}
[2026-06-05T20:14:13.743Z] [INFO] Consumidor retirou lote do staging de trier {"importacao_id":62,"staged_itens_lote":4,"staged_itens_restantes":50601,"sample_eans":["7896261007635","7897930760578","7896261007642"]}
[2026-06-05T20:14:13.745Z] [INFO] Iniciando checagem de existencia no Banco Unico {"total_eans_consulta":3,"batches":1,"batch_size":100,"sample_eans":["7896261007635","7897930760578","7896261007642"]}
[2026-06-05T20:14:13.746Z] [INFO] Consultando batch de EANs no Banco Unico {"batch_index":1,"batch_total":1,"eans_no_batch":3,"sample_eans":["7896261007635","7897930760578","7896261007642"]}
[2026-06-05T20:14:13.776Z] [INFO] Resultado do batch consultado no Banco Unico {"batch_index":1,"encontrados":0,"faltantes":3,"found_eans_sample":[]}
[2026-06-05T20:14:13.777Z] [INFO] Checagem de existencia no Banco Unico concluida {"total_consultados":3,"total_existentes":0,"total_ausentes":3,"existing_eans_sample":[]}
[2026-06-05T20:14:13.778Z] [INFO] Resumo da triagem antes do enriquecimento {"importacao_id":62,"staged_total":4,"validos_unicos":3,"invalidos":1,"duplicados_no_lote":0,"existentes_no_banco_unico":0,"elegiveis_enriquecimento":4,"sample_eans_elegiveis":["7896261007635","7897930760578","7896261007642"],"acumulado":{"invalidos":9,"duplicados_no_lote":0,"existentes_no_banco_unico":100,"elegiveis_processamento":248}}
[2026-06-05T20:14:13.810Z] [INFO] Iniciando enriquecimento externo {"importacao_id":62,"item_id":1037119,"ean":"7896261007642"}
[2026-06-05T20:14:13.818Z] [INFO] Iniciando enriquecimento externo {"importacao_id":62,"item_id":1037118,"ean":"7897930760578"}
[2026-06-05T20:14:13.822Z] [INFO] Iniciando enriquecimento externo {"importacao_id":62,"item_id":1037117,"ean":"7896261007635"}
[2026-06-05T20:14:14.888Z] [INFO] Enriquecimento concluido {"importacao_id":62,"item_id":1037118,"ean":"7897930760578","enriched":false,"requires_approval":true,"fontes_consultadas":{"convertize_busca":false,"convertize_busca_error":null,"convertize_detalhe":false,"farmaindex_busca":false,"farmaindex_busca_error":null,"farmaindex_detalhe":false,"drogasil_busca":false,"drogasil_busca_error":null,"drogasil_detalhe":false,"cache_hit":false,"encontrado":false}}
[2026-06-05T20:14:14.982Z] [INFO] Enriquecimento concluido {"importacao_id":62,"item_id":1037117,"ean":"7896261007635","enriched":false,"requires_approval":true,"fontes_consultadas":{"convertize_busca":false,"convertize_busca_error":null,"convertize_detalhe":false,"farmaindex_busca":false,"farmaindex_busca_error":null,"farmaindex_detalhe":false,"drogasil_busca":false,"drogasil_busca_error":null,"drogasil_detalhe":false,"cache_hit":false,"encontrado":false}}
[2026-06-05T20:14:14.983Z] [INFO] Enriquecimento concluido {"importacao_id":62,"item_id":1037119,"ean":"7896261007642","enriched":false,"requires_approval":true,"fontes_consultadas":{"convertize_busca":false,"convertize_busca_error":null,"convertize_detalhe":false,"farmaindex_busca":false,"farmaindex_busca_error":null,"farmaindex_detalhe":false,"drogasil_busca":false,"drogasil_busca_error":null,"drogasil_detalhe":false,"cache_hit":false,"encontrado":false}}
[2026-06-05T20:14:15.064Z] [INFO] Consumidor retirou lote do staging de trier {"importacao_id":62,"staged_itens_lote":4,"staged_itens_restantes":50597,"sample_eans":["7896261007628","7896261009738","7896261008038","7894916503419"]}
[2026-06-05T20:14:15.065Z] [INFO] Iniciando checagem de existencia no Banco Unico {"total_eans_consulta":4,"batches":1,"batch_size":100,"sample_eans":["7896261007628","7896261009738","7896261008038","7894916503419"]}
[2026-06-05T20:14:15.066Z] [INFO] Consultando batch de EANs no Banco Unico {"batch_index":1,"batch_total":1,"eans_no_batch":4,"sample_eans":["7896261007628","7896261009738","7896261008038","7894916503419"]}
[2026-06-05T20:14:15.105Z] [INFO] Resultado do batch consultado no Banco Unico {"batch_index":1,"encontrados":1,"faltantes":3,"found_eans_sample":["7894916503419"]}
[2026-06-05T20:14:15.106Z] [INFO] Checagem de existencia no Banco Unico concluida {"total_consultados":4,"total_existentes":1,"total_ausentes":3,"existing_eans_sample":["7894916503419"]}
[2026-06-05T20:14:15.183Z] [INFO] Resumo da triagem antes do enriquecimento {"importacao_id":62,"staged_total":4,"validos_unicos":4,"invalidos":0,"duplicados_no_lote":0,"existentes_no_banco_unico":1,"elegiveis_enriquecimento":3,"sample_eans_elegiveis":["7896261007628","7896261009738","7896261008038"],"acumulado":{"invalidos":9,"duplicados_no_lote":0,"existentes_no_banco_unico":101,"elegiveis_processamento":251}}
[2026-06-05T20:14:15.216Z] [INFO] Pagina retornada pela trier {"importacao_id":62,"pagina":52,"endpoint":"/rest/integracao/produto/obter-todos-v1","quantidade_itens":999,"total":999}
[2026-06-05T20:14:15.218Z] [INFO] Iniciando enriquecimento externo {"importacao_id":62,"item_id":1037125,"ean":"7896261008038"}
[2026-06-05T20:14:15.231Z] [INFO] Iniciando enriquecimento externo {"importacao_id":62,"item_id":1037114,"ean":"7896261007628"}
[2026-06-05T20:14:15.236Z] [INFO] Iniciando enriquecimento externo {"importacao_id":62,"item_id":1037113,"ean":"7896261009738"}
[2026-06-05T20:14:16.125Z] [INFO] Enriquecimento concluido {"importacao_id":62,"item_id":1037125,"ean":"7896261008038","enriched":false,"requires_approval":true,"fontes_consultadas":{"convertize_busca":false,"convertize_busca_error":null,"convertize_detalhe":false,"farmaindex_busca":false,"farmaindex_busca_error":null,"farmaindex_detalhe":false,"drogasil_busca":false,"drogasil_busca_error":null,"drogasil_detalhe":false,"cache_hit":false,"encontrado":false}}
[2026-06-05T20:14:16.251Z] [INFO] Enriquecimento concluido {"importacao_id":62,"item_id":1037113,"ean":"7896261009738","enriched":false,"requires_approval":true,"fontes_consultadas":{"convertize_busca":false,"convertize_busca_error":null,"convertize_detalhe":false,"farmaindex_busca":false,"farmaindex_busca_error":null,"farmaindex_detalhe":false,"drogasil_busca":false,"drogasil_busca_error":null,"drogasil_detalhe":false,"cache_hit":false,"encontrado":false}}
[2026-06-05T20:14:16.855Z] [INFO] Enriquecimento concluido {"importacao_id":62,"item_id":1037114,"ean":"7896261007628","enriched":false,"requires_approval":true,"fontes_consultadas":{"convertize_busca":false,"convertize_busca_error":null,"convertize_detalhe":false,"farmaindex_busca":false,"farmaindex_busca_error":null,"farmaindex_detalhe":false,"drogasil_busca":false,"drogasil_busca_error":null,"drogasil_detalhe":false,"cache_hit":false,"encontrado":false}}
[2026-06-05T20:14:16.943Z] [INFO] Pagina armazenada em staging para trier {"importacao_id":62,"pagina":52,"staged_itens_pagina":999,"staged_itens_total":51948,"itens_aguardando_consumidor":51596,"sample_eans":["7896523202129","7896094211308","7908324408744","7908324408706","7908324408713","7908324408881","7908324408720","7908324408775","7891317027179","7896020164043"]}
[2026-06-05T20:14:16.944Z] [INFO] Buscando pagina de produtos na trier {"importacao_id":62,"pagina":53,"primeiro_registro":51948,"quantidade_registros":999,"ativo":null,"integracao_ecommerce":null,"processa_custo_medio":false}
[2026-06-05T20:14:16.977Z] [INFO] Consumidor retirou lote do staging de trier {"importacao_id":62,"staged_itens_lote":4,"staged_itens_restantes":51592,"sample_eans":["7894916503389","7896014124206","7896261009264","7894916503396"]}
[2026-06-05T20:14:16.978Z] [INFO] Iniciando checagem de existencia no Banco Unico {"total_eans_consulta":4,"batches":1,"batch_size":100,"sample_eans":["7894916503389","7896014124206","7896261009264","7894916503396"]}
[2026-06-05T20:14:16.979Z] [INFO] Consultando batch de EANs no Banco Unico {"batch_index":1,"batch_total":1,"eans_no_batch":4,"sample_eans":["7894916503389","7896014124206","7896261009264","7894916503396"]}
[2026-06-05T20:14:17.008Z] [INFO] Resultado do batch consultado no Banco Unico {"batch_index":1,"encontrados":2,"faltantes":2,"found_eans_sample":["7894916503389","7894916503396"]}
[2026-06-05T20:14:17.008Z] [INFO] Checagem de existencia no Banco Unico concluida {"total_consultados":4,"total_existentes":2,"total_ausentes":2,"existing_eans_sample":["7894916503389","7894916503396"]}
[2026-06-05T20:14:17.132Z] [INFO] Resumo da triagem antes do enriquecimento {"importacao_id":62,"staged_total":4,"validos_unicos":4,"invalidos":0,"duplicados_no_lote":0,"existentes_no_banco_unico":2,"elegiveis_enriquecimento":2,"sample_eans_elegiveis":["7896014124206","7896261009264"],"acumulado":{"invalidos":9,"duplicados_no_lote":0,"existentes_no_banco_unico":103,"elegiveis_processamento":253}}
[2026-06-05T20:14:17.166Z] [INFO] Iniciando enriquecimento externo {"importacao_id":62,"item_id":1037121,"ean":"7896014124206"}
[2026-06-05T20:14:17.171Z] [INFO] Iniciando enriquecimento externo {"importacao_id":62,"item_id":1037120,"ean":"7896261009264"}
[2026-06-05T20:14:18.030Z] [INFO] Enriquecimento concluido {"importacao_id":62,"item_id":1037120,"ean":"7896261009264","enriched":false,"requires_approval":true,"fontes_consultadas":{"convertize_busca":false,"convertize_busca_error":null,"convertize_detalhe":false,"farmaindex_busca":false,"farmaindex_busca_error":null,"farmaindex_detalhe":false,"drogasil_busca":false,"drogasil_busca_error":null,"drogasil_detalhe":false,"cache_hit":false,"encontrado":false}}
[2026-06-05T20:14:18.165Z] [INFO] Enriquecimento concluido {"importacao_id":62,"item_id":1037121,"ean":"7896014124206","enriched":false,"requires_approval":true,"fontes_consultadas":{"convertize_busca":false,"convertize_busca_error":null,"convertize_detalhe":false,"farmaindex_busca":false,"farmaindex_busca_error":null,"farmaindex_detalhe":false,"drogasil_busca":false,"drogasil_busca_error":null,"drogasil_detalhe":false,"cache_hit":false,"encontrado":false}}
[2026-06-05T20:14:18.256Z] [INFO] Consumidor retirou lote do staging de trier {"importacao_id":62,"staged_itens_lote":4,"staged_itens_restantes":51588,"sample_eans":["7897337702515","7894916501958","7894916501965","7897595604767"]}
[2026-06-05T20:14:18.257Z] [INFO] Iniciando checagem de existencia no Banco Unico {"total_eans_consulta":4,"batches":1,"batch_size":100,"sample_eans":["7897337702515","7894916501958","7894916501965","7897595604767"]}
[2026-06-05T20:14:18.257Z] [INFO] Consultando batch de EANs no Banco Unico {"batch_index":1,"batch_total":1,"eans_no_batch":4,"sample_eans":["7897337702515","7894916501958","7894916501965","7897595604767"]}
[2026-06-05T20:14:18.290Z] [INFO] Resultado do batch consultado no Banco Unico {"batch_index":1,"encontrados":3,"faltantes":1,"found_eans_sample":["7894916501958","7894916501965","7897595604767"]}
[2026-06-05T20:14:18.290Z] [INFO] Checagem de existencia no Banco Unico concluida {"total_consultados":4,"total_existentes":3,"total_ausentes":1,"existing_eans_sample":["7894916501958","7894916501965","7897595604767"]}
[2026-06-05T20:14:18.475Z] [INFO] Resumo da triagem antes do enriquecimento {"importacao_id":62,"staged_total":4,"validos_unicos":4,"invalidos":0,"duplicados_no_lote":0,"existentes_no_banco_unico":3,"elegiveis_enriquecimento":1,"sample_eans_elegiveis":["7897337702515"],"acumulado":{"invalidos":9,"duplicados_no_lote":0,"existentes_no_banco_unico":106,"elegiveis_processamento":254}}
[2026-06-05T20:14:18.506Z] [INFO] Iniciando enriquecimento externo {"importacao_id":62,"item_id":1037126,"ean":"7897337702515"}
[2026-06-05T20:14:19.103Z] [INFO] Pagina retornada pela trier {"importacao_id":62,"pagina":53,"endpoint":"/rest/integracao/produto/obter-todos-v1","quantidade_itens":999,"total":999}
[2026-06-05T20:14:20.431Z] [INFO] Enriquecimento concluido {"importacao_id":62,"item_id":1037126,"ean":"7897337702515","enriched":false,"requires_approval":true,"fontes_consultadas":{"convertize_busca":false,"convertize_busca_error":null,"convertize_detalhe":false,"farmaindex_busca":false,"farmaindex_busca_error":null,"farmaindex_detalhe":false,"drogasil_busca":false,"drogasil_busca_error":null,"drogasil_detalhe":false,"cache_hit":false,"encontrado":false}}
[2026-06-05T20:14:20.568Z] [INFO] Consumidor retirou lote do staging de trier {"importacao_id":62,"staged_itens_lote":4,"staged_itens_restantes":51584,"sample_eans":["7896261009295","7894916501972","7896014123896","7896261008762"]}
[2026-06-05T20:14:20.570Z] [INFO] Iniciando checagem de existencia no Banco Unico {"total_eans_consulta":4,"batches":1,"batch_size":100,"sample_eans":["7896261009295","7894916501972","7896014123896","7896261008762"]}
[2026-06-05T20:14:20.570Z] [INFO] Consultando batch de EANs no Banco Unico {"batch_index":1,"batch_total":1,"eans_no_batch":4,"sample_eans":["7896261009295","7894916501972","7896014123896","7896261008762"]}
[2026-06-05T20:14:20.598Z] [INFO] Resultado do batch consultado no Banco Unico {"batch_index":1,"encontrados":1,"faltantes":3,"found_eans_sample":["7894916501972"]}
[2026-06-05T20:14:20.598Z] [INFO] Checagem de existencia no Banco Unico concluida {"total_consultados":4,"total_existentes":1,"total_ausentes":3,"existing_eans_sample":["7894916501972"]}
[2026-06-05T20:14:20.671Z] [INFO] Resumo da triagem antes do enriquecimento {"importacao_id":62,"staged_total":4,"validos_unicos":4,"invalidos":0,"duplicados_no_lote":0,"existentes_no_banco_unico":1,"elegiveis_enriquecimento":3,"sample_eans_elegiveis":["7896261009295","7896014123896","7896261008762"],"acumulado":{"invalidos":9,"duplicados_no_lote":0,"existentes_no_banco_unico":107,"elegiveis_processamento":257}}
[2026-06-05T20:14:20.712Z] [INFO] Iniciando enriquecimento externo {"importacao_id":62,"item_id":1037139,"ean":"7896261008762"}
[2026-06-05T20:14:20.714Z] [INFO] Iniciando enriquecimento externo {"importacao_id":62,"item_id":1037131,"ean":"7896014123896"}
[2026-06-05T20:14:20.723Z] [INFO] Iniciando enriquecimento externo {"importacao_id":62,"item_id":1037130,"ean":"7896261009295"}
[2026-06-05T20:14:20.829Z] [INFO] Pagina armazenada em staging para trier {"importacao_id":62,"pagina":53,"staged_itens_pagina":999,"staged_itens_total":52947,"itens_aguardando_consumidor":52583,"sample_eans":["7000222214561","7898405068137","7896798603676","7891331010522","7894900095203","7896637033985","17898049796158","7898716456135","7891317024567","7896311777303"]}
[2026-06-05T20:14:20.830Z] [INFO] Buscando pagina de produtos na trier {"importacao_id":62,"pagina":54,"primeiro_registro":52947,"quantidade_registros":999,"ativo":null,"integracao_ecommerce":null,"processa_custo_medio":false}
[2026-06-05T20:14:21.632Z] [INFO] Enriquecimento concluido {"importacao_id":62,"item_id":1037131,"ean":"7896014123896","enriched":false,"requires_approval":true,"fontes_consultadas":{"convertize_busca":false,"convertize_busca_error":null,"convertize_detalhe":false,"farmaindex_busca":false,"farmaindex_busca_error":null,"farmaindex_detalhe":false,"drogasil_busca":false,"drogasil_busca_error":null,"drogasil_detalhe":false,"cache_hit":false,"encontrado":false}}
[2026-06-05T20:14:21.696Z] [INFO] Enriquecimento concluido {"importacao_id":62,"item_id":1037130,"ean":"7896261009295","enriched":false,"requires_approval":true,"fontes_consultadas":{"convertize_busca":false,"convertize_busca_error":null,"convertize_detalhe":false,"farmaindex_busca":false,"farmaindex_busca_error":null,"farmaindex_detalhe":false,"drogasil_busca":false,"drogasil_busca_error":null,"drogasil_detalhe":false,"cache_hit":false,"encontrado":false}}
[2026-06-05T20:14:22.842Z] [INFO] Enriquecimento concluido {"importacao_id":62,"item_id":1037139,"ean":"7896261008762","enriched":false,"requires_approval":true,"fontes_consultadas":{"convertize_busca":false,"convertize_busca_error":null,"convertize_detalhe":false,"farmaindex_busca":false,"farmaindex_busca_error":null,"farmaindex_detalhe":false,"drogasil_busca":false,"drogasil_busca_error":null,"drogasil_detalhe":false,"cache_hit":false,"encontrado":false}}
[2026-06-05T20:14:22.952Z] [INFO] Pagina retornada pela trier {"importacao_id":62,"pagina":54,"endpoint":"/rest/integracao/produto/obter-todos-v1","quantidade_itens":788,"total":788}
[2026-06-05T20:14:22.953Z] [INFO] Consumidor retirou lote do staging de trier {"importacao_id":62,"staged_itens_lote":4,"staged_itens_restantes":52579,"sample_eans":["7896261010048","7896261009646","7896261009639","7891058009120"]}
[2026-06-05T20:14:22.954Z] [INFO] Iniciando checagem de existencia no Banco Unico {"total_eans_consulta":4,"batches":1,"batch_size":100,"sample_eans":["7896261010048","7896261009646","7896261009639","7891058009120"]}
[2026-06-05T20:14:22.955Z] [INFO] Consultando batch de EANs no Banco Unico {"batch_index":1,"batch_total":1,"eans_no_batch":4,"sample_eans":["7896261010048","7896261009646","7896261009639","7891058009120"]}
[2026-06-05T20:14:22.989Z] [INFO] Resultado do batch consultado no Banco Unico {"batch_index":1,"encontrados":1,"faltantes":3,"found_eans_sample":["7891058009120"]}
[2026-06-05T20:14:22.990Z] [INFO] Checagem de existencia no Banco Unico concluida {"total_consultados":4,"total_existentes":1,"total_ausentes":3,"existing_eans_sample":["7891058009120"]}
[2026-06-05T20:14:23.078Z] [INFO] Resumo da triagem antes do enriquecimento {"importacao_id":62,"staged_total":4,"validos_unicos":4,"invalidos":0,"duplicados_no_lote":0,"existentes_no_banco_unico":1,"elegiveis_enriquecimento":3,"sample_eans_elegiveis":["7896261010048","7896261009646","7896261009639"],"acumulado":{"invalidos":9,"duplicados_no_lote":0,"existentes_no_banco_unico":108,"elegiveis_processamento":260}}
[2026-06-05T20:14:23.112Z] [INFO] Iniciando enriquecimento externo {"importacao_id":62,"item_id":1037133,"ean":"7896261010048"}
[2026-06-05T20:14:23.116Z] [INFO] Iniciando enriquecimento externo {"importacao_id":62,"item_id":1037132,"ean":"7896261009646"}
[2026-06-05T20:14:23.120Z] [INFO] Iniciando enriquecimento externo {"importacao_id":62,"item_id":1037142,"ean":"7896261009639"}
[2026-06-05T20:14:24.448Z] [INFO] Pagina armazenada em staging para trier {"importacao_id":62,"pagina":54,"staged_itens_pagina":788,"staged_itens_total":53735,"itens_aguardando_consumidor":53367,"sample_eans":["7908458328345","7908458332991","7898233932099","7898233932075","7898233932136","7898233932082","7898233932129","7891158106927","7896094929951","7893095534030"]}
[2026-06-05T20:14:24.609Z] [INFO] Enriquecimento concluido {"importacao_id":62,"item_id":1037132,"ean":"7896261009646","enriched":false,"requires_approval":true,"fontes_consultadas":{"convertize_busca":false,"convertize_busca_error":null,"convertize_detalhe":false,"farmaindex_busca":false,"farmaindex_busca_error":null,"farmaindex_detalhe":false,"drogasil_busca":false,"drogasil_busca_error":null,"drogasil_detalhe":false,"cache_hit":false,"encontrado":false}}
[2026-06-05T20:14:24.738Z] [INFO] Enriquecimento concluido {"importacao_id":62,"item_id":1037133,"ean":"7896261010048","enriched":false,"requires_approval":true,"fontes_consultadas":{"convertize_busca":false,"convertize_busca_error":null,"convertize_detalhe":false,"farmaindex_busca":false,"farmaindex_busca_error":null,"farmaindex_detalhe":false,"drogasil_busca":false,"drogasil_busca_error":null,"drogasil_detalhe":false,"cache_hit":false,"encontrado":false}}
[2026-06-05T20:14:24.783Z] [INFO] Enriquecimento concluido {"importacao_id":62,"item_id":1037142,"ean":"7896261009639","enriched":false,"requires_approval":true,"fontes_consultadas":{"convertize_busca":false,"convertize_busca_error":null,"convertize_detalhe":false,"farmaindex_busca":false,"farmaindex_busca_error":null,"farmaindex_detalhe":false,"drogasil_busca":false,"drogasil_busca_error":null,"drogasil_detalhe":false,"cache_hit":false,"encontrado":false}}
[2026-06-05T20:14:24.914Z] [INFO] Consumidor retirou lote do staging de trier {"importacao_id":62,"staged_itens_lote":4,"staged_itens_restantes":53363,"sample_eans":["7896261007901","7896261007918","7896672202636","7896261007925"]}
[2026-06-05T20:14:24.915Z] [INFO] Iniciando checagem de existencia no Banco Unico {"total_eans_consulta":4,"batches":1,"batch_size":100,"sample_eans":["7896261007901","7896261007918","7896672202636","7896261007925"]}
[2026-06-05T20:14:24.915Z] [INFO] Consultando batch de EANs no Banco Unico {"batch_index":1,"batch_total":1,"eans_no_batch":4,"sample_eans":["7896261007901","7896261007918","7896672202636","7896261007925"]}
[2026-06-05T20:14:24.944Z] [INFO] Resultado do batch consultado no Banco Unico {"batch_index":1,"encontrados":1,"faltantes":3,"found_eans_sample":["7896672202636"]}
[2026-06-05T20:14:24.944Z] [INFO] Checagem de existencia no Banco Unico concluida {"total_consultados":4,"total_existentes":1,"total_ausentes":3,"existing_eans_sample":["7896672202636"]}
[2026-06-05T20:14:25.011Z] [INFO] Resumo da triagem antes do enriquecimento {"importacao_id":62,"staged_total":4,"validos_unicos":4,"invalidos":0,"duplicados_no_lote":0,"existentes_no_banco_unico":1,"elegiveis_enriquecimento":3,"sample_eans_elegiveis":["7896261007901","7896261007918","7896261007925"],"acumulado":{"invalidos":9,"duplicados_no_lote":0,"existentes_no_banco_unico":109,"elegiveis_processamento":263}}
[2026-06-05T20:14:25.043Z] [INFO] Iniciando enriquecimento externo {"importacao_id":62,"item_id":1037136,"ean":"7896261007925"}
[2026-06-05T20:14:25.046Z] [INFO] Iniciando enriquecimento externo {"importacao_id":62,"item_id":1037134,"ean":"7896261007918"}
[2026-06-05T20:14:25.048Z] [INFO] Iniciando enriquecimento externo {"importacao_id":62,"item_id":1037137,"ean":"7896261007901"}
[2026-06-05T20:14:26.166Z] [INFO] Enriquecimento concluido {"importacao_id":62,"item_id":1037134,"ean":"7896261007918","enriched":false,"requires_approval":true,"fontes_consultadas":{"convertize_busca":false,"convertize_busca_error":null,"convertize_detalhe":false,"farmaindex_busca":false,"farmaindex_busca_error":null,"farmaindex_detalhe":false,"drogasil_busca":false,"drogasil_busca_error":null,"drogasil_detalhe":false,"cache_hit":false,"encontrado":false}}
[2026-06-05T20:14:26.203Z] [INFO] Enriquecimento concluido {"importacao_id":62,"item_id":1037136,"ean":"7896261007925","enriched":false,"requires_approval":true,"fontes_consultadas":{"convertize_busca":false,"convertize_busca_error":null,"convertize_detalhe":false,"farmaindex_busca":false,"farmaindex_busca_error":null,"farmaindex_detalhe":false,"drogasil_busca":false,"drogasil_busca_error":null,"drogasil_detalhe":false,"cache_hit":false,"encontrado":false}}
[2026-06-05T20:14:26.242Z] [INFO] Enriquecimento concluido {"importacao_id":62,"item_id":1037137,"ean":"7896261007901","enriched":false,"requires_approval":true,"fontes_consultadas":{"convertize_busca":false,"convertize_busca_error":null,"convertize_detalhe":false,"farmaindex_busca":false,"farmaindex_busca_error":null,"farmaindex_detalhe":false,"drogasil_busca":false,"drogasil_busca_error":null,"drogasil_detalhe":false,"cache_hit":false,"encontrado":false}}
[2026-06-05T20:14:26.358Z] [INFO] Consumidor retirou lote do staging de trier {"importacao_id":62,"staged_itens_lote":4,"staged_itens_restantes":53359,"sample_eans":["7896261009110","7896261009127","7896261009134","7896261009486"]}
[2026-06-05T20:14:26.358Z] [INFO] Iniciando checagem de existencia no Banco Unico {"total_eans_consulta":4,"batches":1,"batch_size":100,"sample_eans":["7896261009110","7896261009127","7896261009134","7896261009486"]}
[2026-06-05T20:14:26.359Z] [INFO] Consultando batch de EANs no Banco Unico {"batch_index":1,"batch_total":1,"eans_no_batch":4,"sample_eans":["7896261009110","7896261009127","7896261009134","7896261009486"]}
[2026-06-05T20:14:26.386Z] [INFO] Resultado do batch consultado no Banco Unico {"batch_index":1,"encontrados":0,"faltantes":4,"found_eans_sample":[]}
[2026-06-05T20:14:26.387Z] [INFO] Checagem de existencia no Banco Unico concluida {"total_consultados":4,"total_existentes":0,"total_ausentes":4,"existing_eans_sample":[]}
[2026-06-05T20:14:26.388Z] [INFO] Resumo da triagem antes do enriquecimento {"importacao_id":62,"staged_total":4,"validos_unicos":4,"invalidos":0,"duplicados_no_lote":0,"existentes_no_banco_unico":0,"elegiveis_enriquecimento":4,"sample_eans_elegiveis":["7896261009110","7896261009127","7896261009134","7896261009486"],"acumulado":{"invalidos":9,"duplicados_no_lote":0,"existentes_no_banco_unico":109,"elegiveis_processamento":267}}
[2026-06-05T20:14:26.421Z] [INFO] Iniciando enriquecimento externo {"importacao_id":62,"item_id":1037145,"ean":"7896261009486"}
[2026-06-05T20:14:26.425Z] [INFO] Iniciando enriquecimento externo {"importacao_id":62,"item_id":1037143,"ean":"7896261009127"}
[2026-06-05T20:14:26.429Z] [INFO] Iniciando enriquecimento externo {"importacao_id":62,"item_id":1037144,"ean":"7896261009134"}
[2026-06-05T20:14:26.433Z] [INFO] Iniciando enriquecimento externo {"importacao_id":62,"item_id":1037135,"ean":"7896261009110"}
[2026-06-05T20:14:27.473Z] [INFO] Enriquecimento concluido {"importacao_id":62,"item_id":1037145,"ean":"7896261009486","enriched":false,"requires_approval":true,"fontes_consultadas":{"convertize_busca":false,"convertize_busca_error":null,"convertize_detalhe":false,"farmaindex_busca":false,"farmaindex_busca_error":null,"farmaindex_detalhe":false,"drogasil_busca":false,"drogasil_busca_error":null,"drogasil_detalhe":false,"cache_hit":false,"encontrado":false}}
[2026-06-05T20:14:27.507Z] [INFO] Enriquecimento concluido {"importacao_id":62,"item_id":1037144,"ean":"7896261009134","enriched":false,"requires_approval":true,"fontes_consultadas":{"convertize_busca":false,"convertize_busca_error":null,"convertize_detalhe":false,"farmaindex_busca":false,"farmaindex_busca_error":null,"farmaindex_detalhe":false,"drogasil_busca":false,"drogasil_busca_error":null,"drogasil_detalhe":false,"cache_hit":false,"encontrado":false}}
[2026-06-05T20:14:27.509Z] [INFO] Enriquecimento concluido {"importacao_id":62,"item_id":1037143,"ean":"7896261009127","enriched":false,"requires_approval":true,"fontes_consultadas":{"convertize_busca":false,"convertize_busca_error":null,"convertize_detalhe":false,"farmaindex_busca":false,"farmaindex_busca_error":null,"farmaindex_detalhe":false,"drogasil_busca":false,"drogasil_busca_error":null,"drogasil_detalhe":false,"cache_hit":false,"encontrado":false}}
[2026-06-05T20:14:27.851Z] [INFO] Enriquecimento concluido {"importacao_id":62,"item_id":1037135,"ean":"7896261009110","enriched":false,"requires_approval":true,"fontes_consultadas":{"convertize_busca":false,"convertize_busca_error":null,"convertize_detalhe":false,"farmaindex_busca":false,"farmaindex_busca_error":null,"farmaindex_detalhe":false,"drogasil_busca":false,"drogasil_busca_error":null,"drogasil_detalhe":false,"cache_hit":false,"encontrado":false}}
[2026-06-05T20:14:27.953Z] [INFO] Consumidor retirou lote do staging de trier {"importacao_id":62,"staged_itens_lote":4,"staged_itens_restantes":53355,"sample_eans":["7896261009707","7896014123889","7891058009168","7897473201378"]}
[2026-06-05T20:14:27.953Z] [INFO] Iniciando checagem de existencia no Banco Unico {"total_eans_consulta":4,"batches":1,"batch_size":100,"sample_eans":["7896261009707","7896014123889","7891058009168","7897473201378"]}
[2026-06-05T20:14:27.954Z] [INFO] Consultando batch de EANs no Banco Unico {"batch_index":1,"batch_total":1,"eans_no_batch":4,"sample_eans":["7896261009707","7896014123889","7891058009168","7897473201378"]}
[2026-06-05T20:14:27.983Z] [INFO] Resultado do batch consultado no Banco Unico {"batch_index":1,"encontrados":1,"faltantes":3,"found_eans_sample":["7891058009168"]}
[2026-06-05T20:14:27.983Z] [INFO] Checagem de existencia no Banco Unico concluida {"total_consultados":4,"total_existentes":1,"total_ausentes":3,"existing_eans_sample":["7891058009168"]}
[2026-06-05T20:14:28.051Z] [INFO] Resumo da triagem antes do enriquecimento {"importacao_id":62,"staged_total":4,"validos_unicos":4,"invalidos":0,"duplicados_no_lote":0,"existentes_no_banco_unico":1,"elegiveis_enriquecimento":3,"sample_eans_elegiveis":["7896261009707","7896014123889","7897473201378"],"acumulado":{"invalidos":9,"duplicados_no_lote":0,"existentes_no_banco_unico":110,"elegiveis_processamento":270}}
[2026-06-05T20:14:28.085Z] [INFO] Iniciando enriquecimento externo {"importacao_id":62,"item_id":1037149,"ean":"7897473201378"}
[2026-06-05T20:14:28.089Z] [INFO] Iniciando enriquecimento externo {"importacao_id":62,"item_id":1037147,"ean":"7896014123889"}
[2026-06-05T20:14:28.091Z] [INFO] Iniciando enriquecimento externo {"importacao_id":62,"item_id":1037146,"ean":"7896261009707"}
[2026-06-05T20:14:28.926Z] [INFO] Enriquecimento concluido {"importacao_id":62,"item_id":1037149,"ean":"7897473201378","enriched":false,"requires_approval":true,"fontes_consultadas":{"convertize_busca":false,"convertize_busca_error":null,"convertize_detalhe":false,"farmaindex_busca":false,"farmaindex_busca_error":null,"farmaindex_detalhe":false,"drogasil_busca":false,"drogasil_busca_error":null,"drogasil_detalhe":false,"cache_hit":false,"encontrado":false}}
[2026-06-05T20:14:29.007Z] [INFO] Enriquecimento concluido {"importacao_id":62,"item_id":1037146,"ean":"7896261009707","enriched":false,"requires_approval":true,"fontes_consultadas":{"convertize_busca":false,"convertize_busca_error":null,"convertize_detalhe":false,"farmaindex_busca":false,"farmaindex_busca_error":null,"farmaindex_detalhe":false,"drogasil_busca":false,"drogasil_busca_error":null,"drogasil_detalhe":false,"cache_hit":false,"encontrado":false}}
[2026-06-05T20:14:29.171Z] [INFO] Enriquecimento concluido {"importacao_id":62,"item_id":1037147,"ean":"7896014123889","enriched":false,"requires_approval":true,"fontes_consultadas":{"convertize_busca":false,"convertize_busca_error":null,"convertize_detalhe":false,"farmaindex_busca":false,"farmaindex_busca_error":null,"farmaindex_detalhe":false,"drogasil_busca":false,"drogasil_busca_error":null,"drogasil_detalhe":false,"cache_hit":false,"encontrado":false}}
[2026-06-05T20:14:29.274Z] [INFO] Consumidor retirou lote do staging de trier {"importacao_id":62,"staged_itens_lote":4,"staged_itens_restantes":53351,"sample_eans":["7897473201071","7896004707532","7896004709116","7896004707327"]}
[2026-06-05T20:14:29.275Z] [INFO] Iniciando checagem de existencia no Banco Unico {"total_eans_consulta":4,"batches":1,"batch_size":100,"sample_eans":["7897473201071","7896004707532","7896004709116","7896004707327"]}
[2026-06-05T20:14:29.275Z] [INFO] Consultando batch de EANs no Banco Unico {"batch_index":1,"batch_total":1,"eans_no_batch":4,"sample_eans":["7897473201071","7896004707532","7896004709116","7896004707327"]}
[2026-06-05T20:14:29.311Z] [INFO] Resultado do batch consultado no Banco Unico {"batch_index":1,"encontrados":4,"faltantes":0,"found_eans_sample":["7897473201071","7896004707532","7896004709116","7896004707327"]}
[2026-06-05T20:14:29.311Z] [INFO] Checagem de existencia no Banco Unico concluida {"total_consultados":4,"total_existentes":4,"total_ausentes":0,"existing_eans_sample":["7897473201071","7896004707532","7896004709116","7896004707327"]}
[2026-06-05T20:14:29.584Z] [INFO] Resumo da triagem antes do enriquecimento {"importacao_id":62,"staged_total":4,"validos_unicos":4,"invalidos":0,"duplicados_no_lote":0,"existentes_no_banco_unico":4,"elegiveis_enriquecimento":0,"sample_eans_elegiveis":[],"acumulado":{"invalidos":9,"duplicados_no_lote":0,"existentes_no_banco_unico":114,"elegiveis_processamento":270}}
[2026-06-05T20:14:29.616Z] [INFO] Consumidor retirou lote do staging de trier {"importacao_id":62,"staged_itens_lote":4,"staged_itens_restantes":53347,"sample_eans":["7896004710686","7896004710662","7896004710433","7896004705736"]}
[2026-06-05T20:14:29.617Z] [INFO] Iniciando checagem de existencia no Banco Unico {"total_eans_consulta":4,"batches":1,"batch_size":100,"sample_eans":["7896004710686","7896004710662","7896004710433","7896004705736"]}
[2026-06-05T20:14:29.618Z] [INFO] Consultando batch de EANs no Banco Unico {"batch_index":1,"batch_total":1,"eans_no_batch":4,"sample_eans":["7896004710686","7896004710662","7896004710433","7896004705736"]}
[2026-06-05T20:14:29.647Z] [INFO] Resultado do batch consultado no Banco Unico {"batch_index":1,"encontrados":3,"faltantes":1,"found_eans_sample":["7896004710686","7896004710433","7896004705736"]}
[2026-06-05T20:14:29.649Z] [INFO] Checagem de existencia no Banco Unico concluida {"total_consultados":4,"total_existentes":3,"total_ausentes":1,"existing_eans_sample":["7896004710686","7896004710433","7896004705736"]}
[2026-06-05T20:14:29.849Z] [INFO] Resumo da triagem antes do enriquecimento {"importacao_id":62,"staged_total":4,"validos_unicos":4,"invalidos":0,"duplicados_no_lote":0,"existentes_no_banco_unico":3,"elegiveis_enriquecimento":1,"sample_eans_elegiveis":["7896004710662"],"acumulado":{"invalidos":9,"duplicados_no_lote":0,"existentes_no_banco_unico":117,"elegiveis_processamento":271}}
[2026-06-05T20:14:29.886Z] [INFO] Iniciando enriquecimento externo {"importacao_id":62,"item_id":1037155,"ean":"7896004710662"}
[2026-06-05T20:14:30.609Z] [INFO] Enriquecimento concluido {"importacao_id":62,"item_id":1037155,"ean":"7896004710662","enriched":false,"requires_approval":true,"fontes_consultadas":{"convertize_busca":false,"convertize_busca_error":null,"convertize_detalhe":false,"farmaindex_busca":false,"farmaindex_busca_error":null,"farmaindex_detalhe":false,"drogasil_busca":false,"drogasil_busca_error":null,"drogasil_detalhe":false,"cache_hit":false,"encontrado":false}}
[2026-06-05T20:14:30.745Z] [INFO] Consumidor retirou lote do staging de trier {"importacao_id":62,"staged_itens_lote":4,"staged_itens_restantes":53343,"sample_eans":["7896004701172","7891058009113","7896004711539","7896004711546"]}
[2026-06-05T20:14:30.746Z] [INFO] Iniciando checagem de existencia no Banco Unico {"total_eans_consulta":4,"batches":1,"batch_size":100,"sample_eans":["7896004701172","7891058009113","7896004711539","7896004711546"]}
[2026-06-05T20:14:30.746Z] [INFO] Consultando batch de EANs no Banco Unico {"batch_index":1,"batch_total":1,"eans_no_batch":4,"sample_eans":["7896004701172","7891058009113","7896004711539","7896004711546"]}
[2026-06-05T20:14:30.790Z] [INFO] Resultado do batch consultado no Banco Unico {"batch_index":1,"encontrados":3,"faltantes":1,"found_eans_sample":["7896004701172","7896004711539","7896004711546"]}
[2026-06-05T20:14:30.791Z] [INFO] Checagem de existencia no Banco Unico concluida {"total_consultados":4,"total_existentes":3,"total_ausentes":1,"existing_eans_sample":["7896004701172","7896004711539","7896004711546"]}
[2026-06-05T20:14:30.992Z] [INFO] Resumo da triagem antes do enriquecimento {"importacao_id":62,"staged_total":4,"validos_unicos":4,"invalidos":0,"duplicados_no_lote":0,"existentes_no_banco_unico":3,"elegiveis_enriquecimento":1,"sample_eans_elegiveis":["7891058009113"],"acumulado":{"invalidos":9,"duplicados_no_lote":0,"existentes_no_banco_unico":120,"elegiveis_processamento":272}}
[2026-06-05T20:14:31.027Z] [INFO] Iniciando enriquecimento externo {"importacao_id":62,"item_id":1037158,"ean":"7891058009113"}
[2026-06-05T20:14:31.935Z] [INFO] Enriquecimento concluido {"importacao_id":62,"item_id":1037158,"ean":"7891058009113","enriched":false,"requires_approval":true,"fontes_consultadas":{"convertize_busca":false,"convertize_busca_error":null,"convertize_detalhe":false,"farmaindex_busca":false,"farmaindex_busca_error":null,"farmaindex_detalhe":false,"drogasil_busca":false,"drogasil_busca_error":null,"drogasil_detalhe":false,"cache_hit":false,"encontrado":false}}
[2026-06-05T20:14:32.037Z] [INFO] Consumidor retirou lote do staging de trier {"importacao_id":62,"staged_itens_lote":4,"staged_itens_restantes":53339,"sample_eans":["7899026411258","7896004712147","7896004712154","7896004712130"]}
[2026-06-05T20:14:32.037Z] [INFO] Iniciando checagem de existencia no Banco Unico {"total_eans_consulta":4,"batches":1,"batch_size":100,"sample_eans":["7899026411258","7896004712147","7896004712154","7896004712130"]}
[2026-06-05T20:14:32.038Z] [INFO] Consultando batch de EANs no Banco Unico {"batch_index":1,"batch_total":1,"eans_no_batch":4,"sample_eans":["7899026411258","7896004712147","7896004712154","7896004712130"]}
[2026-06-05T20:14:32.065Z] [INFO] Resultado do batch consultado no Banco Unico {"batch_index":1,"encontrados":1,"faltantes":3,"found_eans_sample":["7896004712147"]}
[2026-06-05T20:14:32.065Z] [INFO] Checagem de existencia no Banco Unico concluida {"total_consultados":4,"total_existentes":1,"total_ausentes":3,"existing_eans_sample":["7896004712147"]}
[2026-06-05T20:14:32.135Z] [INFO] Resumo da triagem antes do enriquecimento {"importacao_id":62,"staged_total":4,"validos_unicos":4,"invalidos":0,"duplicados_no_lote":0,"existentes_no_banco_unico":1,"elegiveis_enriquecimento":3,"sample_eans_elegiveis":["7899026411258","7896004712154","7896004712130"],"acumulado":{"invalidos":9,"duplicados_no_lote":0,"existentes_no_banco_unico":121,"elegiveis_processamento":275}}
[2026-06-05T20:14:32.168Z] [INFO] Iniciando enriquecimento externo {"importacao_id":62,"item_id":1037166,"ean":"7896004712130"}
[2026-06-05T20:14:32.172Z] [INFO] Iniciando enriquecimento externo {"importacao_id":62,"item_id":1037162,"ean":"7899026411258"}
[2026-06-05T20:14:32.177Z] [INFO] Iniciando enriquecimento externo {"importacao_id":62,"item_id":1037164,"ean":"7896004712154"}
[2026-06-05T20:14:33.242Z] [INFO] Enriquecimento concluido {"importacao_id":62,"item_id":1037164,"ean":"7896004712154","enriched":false,"requires_approval":true,"fontes_consultadas":{"convertize_busca":false,"convertize_busca_error":null,"convertize_detalhe":false,"farmaindex_busca":false,"farmaindex_busca_error":null,"farmaindex_detalhe":false,"drogasil_busca":false,"drogasil_busca_error":null,"drogasil_detalhe":false,"cache_hit":false,"encontrado":false}}
[2026-06-05T20:14:33.307Z] [INFO] Enriquecimento concluido {"importacao_id":62,"item_id":1037166,"ean":"7896004712130","enriched":false,"requires_approval":true,"fontes_consultadas":{"convertize_busca":false,"convertize_busca_error":null,"convertize_detalhe":false,"farmaindex_busca":false,"farmaindex_busca_error":null,"farmaindex_detalhe":false,"drogasil_busca":false,"drogasil_busca_error":null,"drogasil_detalhe":false,"cache_hit":false,"encontrado":false}}
[2026-06-05T20:14:34.497Z] [INFO] Enriquecimento concluido {"importacao_id":62,"item_id":1037162,"ean":"7899026411258","enriched":false,"requires_approval":true,"fontes_consultadas":{"convertize_busca":false,"convertize_busca_error":null,"convertize_detalhe":false,"farmaindex_busca":false,"farmaindex_busca_error":null,"farmaindex_detalhe":false,"drogasil_busca":false,"drogasil_busca_error":null,"drogasil_detalhe":false,"cache_hit":false,"encontrado":false}}
[2026-06-05T20:14:34.636Z] [INFO] Consumidor retirou lote do staging de trier {"importacao_id":62,"staged_itens_lote":4,"staged_itens_restantes":53335,"sample_eans":["7896004711850","7896004700656","7896422508209","7896685301333"]}
[2026-06-05T20:14:34.637Z] [INFO] Iniciando checagem de existencia no Banco Unico {"total_eans_consulta":4,"batches":1,"batch_size":100,"sample_eans":["7896004711850","7896004700656","7896422508209","7896685301333"]}
[2026-06-05T20:14:34.637Z] [INFO] Consultando batch de EANs no Banco Unico {"batch_index":1,"batch_total":1,"eans_no_batch":4,"sample_eans":["7896004711850","7896004700656","7896422508209","7896685301333"]}
[2026-06-05T20:14:34.667Z] [INFO] Resultado do batch consultado no Banco Unico {"batch_index":1,"encontrados":4,"faltantes":0,"found_eans_sample":["7896004711850","7896004700656","7896422508209","7896685301333"]}
[2026-06-05T20:14:34.669Z] [INFO] Checagem de existencia no Banco Unico concluida {"total_consultados":4,"total_existentes":4,"total_ausentes":0,"existing_eans_sample":["7896004711850","7896004700656","7896422508209","7896685301333"]}
[2026-06-05T20:14:34.943Z] [INFO] Resumo da triagem antes do enriquecimento {"importacao_id":62,"staged_total":4,"validos_unicos":4,"invalidos":0,"duplicados_no_lote":0,"existentes_no_banco_unico":4,"elegiveis_enriquecimento":0,"sample_eans_elegiveis":[],"acumulado":{"invalidos":9,"duplicados_no_lote":0,"existentes_no_banco_unico":125,"elegiveis_processamento":275}}
[2026-06-05T20:14:34.944Z] [INFO] Consumidor retirou lote do staging de trier {"importacao_id":62,"staged_itens_lote":4,"staged_itens_restantes":53331,"sample_eans":["7891058009151","7896685301357","7896685301340","7896023743009"]}
[2026-06-05T20:14:34.945Z] [INFO] Iniciando checagem de existencia no Banco Unico {"total_eans_consulta":4,"batches":1,"batch_size":100,"sample_eans":["7891058009151","7896685301357","7896685301340","7896023743009"]}
[2026-06-05T20:14:34.946Z] [INFO] Consultando batch de EANs no Banco Unico {"batch_index":1,"batch_total":1,"eans_no_batch":4,"sample_eans":["7891058009151","7896685301357","7896685301340","7896023743009"]}
[2026-06-05T20:14:34.974Z] [INFO] Resultado do batch consultado no Banco Unico {"batch_index":1,"encontrados":4,"faltantes":0,"found_eans_sample":["7891058009151","7896685301357","7896685301340","7896023743009"]}
[2026-06-05T20:14:34.975Z] [INFO] Checagem de existencia no Banco Unico concluida {"total_consultados":4,"total_existentes":4,"total_ausentes":0,"existing_eans_sample":["7891058009151","7896685301357","7896685301340","7896023743009"]}
[2026-06-05T20:14:35.239Z] [INFO] Resumo da triagem antes do enriquecimento {"importacao_id":62,"staged_total":4,"validos_unicos":4,"invalidos":0,"duplicados_no_lote":0,"existentes_no_banco_unico":4,"elegiveis_enriquecimento":0,"sample_eans_elegiveis":[],"acumulado":{"invalidos":9,"duplicados_no_lote":0,"existentes_no_banco_unico":129,"elegiveis_processamento":275}}
[2026-06-05T20:14:35.281Z] [INFO] Consumidor retirou lote do staging de trier {"importacao_id":62,"staged_itens_lote":4,"staged_itens_restantes":53327,"sample_eans":["3014260274856","3014260275143","3014260274917"]}
[2026-06-05T20:14:35.282Z] [INFO] Iniciando checagem de existencia no Banco Unico {"total_eans_consulta":3,"batches":1,"batch_size":100,"sample_eans":["3014260274856","3014260275143","3014260274917"]}
[2026-06-05T20:14:35.283Z] [INFO] Consultando batch de EANs no Banco Unico {"batch_index":1,"batch_total":1,"eans_no_batch":3,"sample_eans":["3014260274856","3014260275143","3014260274917"]}
[2026-06-05T20:14:35.313Z] [INFO] Resultado do batch consultado no Banco Unico {"batch_index":1,"encontrados":1,"faltantes":2,"found_eans_sample":["3014260275143"]}
[2026-06-05T20:14:35.314Z] [INFO] Checagem de existencia no Banco Unico concluida {"total_consultados":3,"total_existentes":1,"total_ausentes":2,"existing_eans_sample":["3014260275143"]}
[2026-06-05T20:14:35.380Z] [INFO] Resumo da triagem antes do enriquecimento {"importacao_id":62,"staged_total":4,"validos_unicos":3,"invalidos":1,"duplicados_no_lote":0,"existentes_no_banco_unico":1,"elegiveis_enriquecimento":3,"sample_eans_elegiveis":["3014260274856","3014260274917"],"acumulado":{"invalidos":10,"duplicados_no_lote":0,"existentes_no_banco_unico":130,"elegiveis_processamento":278}}
[2026-06-05T20:14:35.416Z] [INFO] Iniciando enriquecimento externo {"importacao_id":62,"item_id":1037175,"ean":"3014260274917"}
[2026-06-05T20:14:35.419Z] [INFO] Iniciando enriquecimento externo {"importacao_id":62,"item_id":1037177,"ean":"3014260274856"}
[2026-06-05T20:14:36.335Z] [INFO] Enriquecimento concluido {"importacao_id":62,"item_id":1037177,"ean":"3014260274856","enriched":false,"requires_approval":true,"fontes_consultadas":{"convertize_busca":false,"convertize_busca_error":null,"convertize_detalhe":false,"farmaindex_busca":false,"farmaindex_busca_error":null,"farmaindex_detalhe":false,"drogasil_busca":false,"drogasil_busca_error":null,"drogasil_detalhe":false,"cache_hit":false,"encontrado":false}}
[2026-06-05T20:14:37.567Z] [INFO] Enriquecimento concluido {"importacao_id":62,"item_id":1037175,"ean":"3014260274917","enriched":true,"requires_approval":false,"fontes_consultadas":{"convertize_busca":false,"convertize_busca_error":null,"convertize_detalhe":false,"farmaindex_busca":false,"farmaindex_busca_error":null,"farmaindex_detalhe":false,"drogasil_busca":true,"drogasil_busca_error":null,"drogasil_detalhe":true,"cache_hit":false,"encontrado":true}}
[2026-06-05T20:14:40.518Z] [INFO] Classificacao mercadologica concluida {"importacao_id":62,"item_id":1037175,"ean":"3014260274917","classificacao_origem":"openai","departamento":null,"categoria":"Barbearia","subcategoria":"Carga E Lamina Barbear","segmento":"Carga","subsegmento":"Carga"}
[2026-06-05T20:14:40.551Z] [INFO] Publicando produto no Banco Unico {"importacao_id":62,"item_id":1037175,"ean":"3014260274917","descricaoProduto":"Carga de Laminas de Barbear Gillette Mach3 Turbo C/ 4 unidades","categoria":"Barbearia","subcategoria":"Carga E Lamina Barbear"}
[2026-06-05T20:14:41.141Z] [INFO] Produto publicado no Banco Unico com sucesso {"importacao_id":62,"item_id":1037175,"ean":"3014260274917"}
[2026-06-05T20:14:41.278Z] [INFO] Consumidor retirou lote do staging de trier {"importacao_id":62,"staged_itens_lote":4,"staged_itens_restantes":53323,"sample_eans":["4005808806430","3014260310424","47400130715","7891058009137"]}
[2026-06-05T20:14:41.279Z] [INFO] Iniciando checagem de existencia no Banco Unico {"total_eans_consulta":3,"batches":1,"batch_size":100,"sample_eans":["4005808806430","3014260310424","7891058009137"]}
[2026-06-05T20:14:41.279Z] [INFO] Consultando batch de EANs no Banco Unico {"batch_index":1,"batch_total":1,"eans_no_batch":3,"sample_eans":["4005808806430","3014260310424","7891058009137"]}
[2026-06-05T20:14:41.313Z] [INFO] Resultado do batch consultado no Banco Unico {"batch_index":1,"encontrados":1,"faltantes":2,"found_eans_sample":["4005808806430"]}
[2026-06-05T20:14:41.313Z] [INFO] Checagem de existencia no Banco Unico concluida {"total_consultados":3,"total_existentes":1,"total_ausentes":2,"existing_eans_sample":["4005808806430"]}
[2026-06-05T20:14:41.410Z] [INFO] Resumo da triagem antes do enriquecimento {"importacao_id":62,"staged_total":4,"validos_unicos":3,"invalidos":1,"duplicados_no_lote":0,"existentes_no_banco_unico":1,"elegiveis_enriquecimento":3,"sample_eans_elegiveis":["47400130715","3014260310424","7891058009137"],"acumulado":{"invalidos":11,"duplicados_no_lote":0,"existentes_no_banco_unico":131,"elegiveis_processamento":281}}
[2026-06-05T20:14:41.439Z] [INFO] Requisicao recebida {"method":"GET","path":"/imports/62"}
[2026-06-05T20:14:41.479Z] [INFO] Iniciando enriquecimento externo {"importacao_id":62,"item_id":1037180,"ean":"3014260310424"}
[2026-06-05T20:14:41.486Z] [INFO] Iniciando enriquecimento externo {"importacao_id":62,"item_id":1037183,"ean":"7891058009137"}
[2026-06-05T20:14:42.541Z] [INFO] Enriquecimento concluido {"importacao_id":62,"item_id":1037183,"ean":"7891058009137","enriched":false,"requires_approval":true,"fontes_consultadas":{"convertize_busca":false,"convertize_busca_error":null,"convertize_detalhe":false,"farmaindex_busca":false,"farmaindex_busca_error":null,"farmaindex_detalhe":false,"drogasil_busca":false,"drogasil_busca_error":null,"drogasil_detalhe":false,"cache_hit":false,"encontrado":false}}
[2026-06-05T20:14:42.584Z] [INFO] Enriquecimento concluido {"importacao_id":62,"item_id":1037180,"ean":"3014260310424","enriched":false,"requires_approval":true,"fontes_consultadas":{"convertize_busca":false,"convertize_busca_error":null,"convertize_detalhe":false,"farmaindex_busca":false,"farmaindex_busca_error":null,"farmaindex_detalhe":false,"drogasil_busca":false,"drogasil_busca_error":null,"drogasil_detalhe":false,"cache_hit":false,"encontrado":false}}
[2026-06-05T20:14:42.687Z] [INFO] Consumidor retirou lote do staging de trier {"importacao_id":62,"staged_itens_lote":4,"staged_itens_restantes":53319,"sample_eans":["7896422511865","7894916502887","7894916503402","7894916503426"]}
[2026-06-05T20:14:42.688Z] [INFO] Iniciando checagem de existencia no Banco Unico {"total_eans_consulta":4,"batches":1,"batch_size":100,"sample_eans":["7896422511865","7894916502887","7894916503402","7894916503426"]}
[2026-06-05T20:14:42.689Z] [INFO] Consultando batch de EANs no Banco Unico {"batch_index":1,"batch_total":1,"eans_no_batch":4,"sample_eans":["7896422511865","7894916502887","7894916503402","7894916503426"]}
[2026-06-05T20:14:42.726Z] [INFO] Resultado do batch consultado no Banco Unico {"batch_index":1,"encontrados":3,"faltantes":1,"found_eans_sample":["7896422511865","7894916503402","7894916503426"]}
[2026-06-05T20:14:42.727Z] [INFO] Checagem de existencia no Banco Unico concluida {"total_consultados":4,"total_existentes":3,"total_ausentes":1,"existing_eans_sample":["7896422511865","7894916503402","7894916503426"]}
[2026-06-05T20:14:42.934Z] [INFO] Resumo da triagem antes do enriquecimento {"importacao_id":62,"staged_total":4,"validos_unicos":4,"invalidos":0,"duplicados_no_lote":0,"existentes_no_banco_unico":3,"elegiveis_enriquecimento":1,"sample_eans_elegiveis":["7894916502887"],"acumulado":{"invalidos":11,"duplicados_no_lote":0,"existentes_no_banco_unico":134,"elegiveis_processamento":282}}
[2026-06-05T20:14:42.967Z] [INFO] Iniciando enriquecimento externo {"importacao_id":62,"item_id":1037184,"ean":"7894916502887"}
[2026-06-05T20:14:48.681Z] [INFO] Requisicao finalizada {"method":"GET","path":"/imports/62","status":200,"duration_ms":7242}
[2026-06-05T20:14:58.269Z] [INFO] Enriquecimento concluido {"importacao_id":62,"item_id":1037184,"ean":"7894916502887","enriched":false,"requires_approval":true,"fontes_consultadas":{"convertize_busca":false,"convertize_busca_error":null,"convertize_detalhe":false,"farmaindex_busca":false,"farmaindex_busca_error":null,"farmaindex_detalhe":false,"drogasil_busca":false,"drogasil_busca_error":null,"drogasil_detalhe":false,"cache_hit":false,"encontrado":false}}
[2026-06-05T20:14:58.430Z] [INFO] Consumidor retirou lote do staging de trier {"importacao_id":62,"staged_itens_lote":4,"staged_itens_restantes":53315,"sample_eans":["7898422741877","7898422742164","7898422742171","7791293002644"]}
[2026-06-05T20:14:58.431Z] [INFO] Iniciando checagem de existencia no Banco Unico {"total_eans_consulta":4,"batches":1,"batch_size":100,"sample_eans":["7898422741877","7898422742164","7898422742171","7791293002644"]}
[2026-06-05T20:14:58.431Z] [INFO] Consultando batch de EANs no Banco Unico {"batch_index":1,"batch_total":1,"eans_no_batch":4,"sample_eans":["7898422741877","7898422742164","7898422742171","7791293002644"]}
[2026-06-05T20:14:58.545Z] [INFO] Resultado do batch consultado no Banco Unico {"batch_index":1,"encontrados":0,"faltantes":4,"found_eans_sample":[]}
[2026-06-05T20:14:58.546Z] [INFO] Checagem de existencia no Banco Unico concluida {"total_consultados":4,"total_existentes":0,"total_ausentes":4,"existing_eans_sample":[]}
[2026-06-05T20:14:58.546Z] [INFO] Resumo da triagem antes do enriquecimento {"importacao_id":62,"staged_total":4,"validos_unicos":4,"invalidos":0,"duplicados_no_lote":0,"existentes_no_banco_unico":0,"elegiveis_enriquecimento":4,"sample_eans_elegiveis":["7898422741877","7898422742164","7898422742171","7791293002644"],"acumulado":{"invalidos":11,"duplicados_no_lote":0,"existentes_no_banco_unico":134,"elegiveis_processamento":286}}
[2026-06-05T20:14:58.580Z] [INFO] Iniciando enriquecimento externo {"importacao_id":62,"item_id":1037188,"ean":"7898422741877"}
[2026-06-05T20:14:58.616Z] [INFO] Iniciando enriquecimento externo {"importacao_id":62,"item_id":1037189,"ean":"7791293002644"}
[2026-06-05T20:14:58.626Z] [INFO] Iniciando enriquecimento externo {"importacao_id":62,"item_id":1037186,"ean":"7898422742164"}
[2026-06-05T20:14:58.635Z] [INFO] Iniciando enriquecimento externo {"importacao_id":62,"item_id":1037187,"ean":"7898422742171"}
[2026-06-05T20:15:08.269Z] [INFO] Enriquecimento concluido {"importacao_id":62,"item_id":1037188,"ean":"7898422741877","enriched":false,"requires_approval":true,"fontes_consultadas":{"convertize_busca":false,"convertize_busca_error":null,"convertize_detalhe":false,"farmaindex_busca":false,"farmaindex_busca_error":null,"farmaindex_detalhe":false,"drogasil_busca":false,"drogasil_busca_error":null,"drogasil_detalhe":false,"cache_hit":false,"encontrado":false}}
[2026-06-05T20:15:09.024Z] [INFO] Enriquecimento concluido {"importacao_id":62,"item_id":1037187,"ean":"7898422742171","enriched":false,"requires_approval":true,"fontes_consultadas":{"convertize_busca":false,"convertize_busca_error":null,"convertize_detalhe":false,"farmaindex_busca":false,"farmaindex_busca_error":null,"farmaindex_detalhe":false,"drogasil_busca":false,"drogasil_busca_error":null,"drogasil_detalhe":false,"cache_hit":false,"encontrado":false}}
[2026-06-05T20:15:09.046Z] [INFO] Enriquecimento concluido {"importacao_id":62,"item_id":1037189,"ean":"7791293002644","enriched":false,"requires_approval":true,"fontes_consultadas":{"convertize_busca":false,"convertize_busca_error":null,"convertize_detalhe":false,"farmaindex_busca":false,"farmaindex_busca_error":null,"farmaindex_detalhe":false,"drogasil_busca":false,"drogasil_busca_error":null,"drogasil_detalhe":false,"cache_hit":false,"encontrado":false}}
[2026-06-05T20:15:09.047Z] [INFO] Enriquecimento concluido {"importacao_id":62,"item_id":1037186,"ean":"7898422742164","enriched":false,"requires_approval":true,"fontes_consultadas":{"convertize_busca":false,"convertize_busca_error":null,"convertize_detalhe":false,"farmaindex_busca":false,"farmaindex_busca_error":null,"farmaindex_detalhe":false,"drogasil_busca":false,"drogasil_busca_error":null,"drogasil_detalhe":false,"cache_hit":false,"encontrado":false}}
[2026-06-05T20:15:09.156Z] [INFO] Consumidor retirou lote do staging de trier {"importacao_id":62,"staged_itens_lote":4,"staged_itens_restantes":53311,"sample_eans":["78918436","7896000706829","7891058009175","7896000706843"]}
[2026-06-05T20:15:09.157Z] [INFO] Iniciando checagem de existencia no Banco Unico {"total_eans_consulta":3,"batches":1,"batch_size":100,"sample_eans":["7896000706829","7891058009175","7896000706843"]}
[2026-06-05T20:15:09.157Z] [INFO] Consultando batch de EANs no Banco Unico {"batch_index":1,"batch_total":1,"eans_no_batch":3,"sample_eans":["7896000706829","7891058009175","7896000706843"]}
[2026-06-05T20:15:09.303Z] [INFO] Resultado do batch consultado no Banco Unico {"batch_index":1,"encontrados":0,"faltantes":3,"found_eans_sample":[]}
[2026-06-05T20:15:09.304Z] [INFO] Checagem de existencia no Banco Unico concluida {"total_consultados":3,"total_existentes":0,"total_ausentes":3,"existing_eans_sample":[]}
[2026-06-05T20:15:09.305Z] [INFO] Resumo da triagem antes do enriquecimento {"importacao_id":62,"staged_total":4,"validos_unicos":3,"invalidos":1,"duplicados_no_lote":0,"existentes_no_banco_unico":0,"elegiveis_enriquecimento":4,"sample_eans_elegiveis":["78918436","7896000706829","7891058009175","7896000706843"],"acumulado":{"invalidos":12,"duplicados_no_lote":0,"existentes_no_banco_unico":134,"elegiveis_processamento":290}}
[2026-06-05T20:15:09.340Z] [INFO] Iniciando enriquecimento externo {"importacao_id":62,"item_id":1037203,"ean":"7896000706843"}
[2026-06-05T20:15:09.346Z] [INFO] Iniciando enriquecimento externo {"importacao_id":62,"item_id":1037193,"ean":"7896000706829"}
[2026-06-05T20:15:09.353Z] [INFO] Iniciando enriquecimento externo {"importacao_id":62,"item_id":1037196,"ean":"7891058009175"}
[2026-06-05T20:15:12.952Z] [INFO] Enriquecimento concluido {"importacao_id":62,"item_id":1037196,"ean":"7891058009175","enriched":false,"requires_approval":true,"fontes_consultadas":{"convertize_busca":false,"convertize_busca_error":null,"convertize_detalhe":false,"farmaindex_busca":false,"farmaindex_busca_error":null,"farmaindex_detalhe":false,"drogasil_busca":false,"drogasil_busca_error":null,"drogasil_detalhe":false,"cache_hit":false,"encontrado":false}}
[2026-06-05T20:15:13.029Z] [INFO] Enriquecimento concluido {"importacao_id":62,"item_id":1037203,"ean":"7896000706843","enriched":false,"requires_approval":true,"fontes_consultadas":{"convertize_busca":false,"convertize_busca_error":null,"convertize_detalhe":false,"farmaindex_busca":false,"farmaindex_busca_error":null,"farmaindex_detalhe":false,"drogasil_busca":false,"drogasil_busca_error":null,"drogasil_detalhe":false,"cache_hit":false,"encontrado":false}}
[2026-06-05T20:15:14.130Z] [INFO] Enriquecimento concluido {"importacao_id":62,"item_id":1037193,"ean":"7896000706829","enriched":false,"requires_approval":true,"fontes_consultadas":{"convertize_busca":false,"convertize_busca_error":null,"convertize_detalhe":false,"farmaindex_busca":false,"farmaindex_busca_error":null,"farmaindex_detalhe":false,"drogasil_busca":false,"drogasil_busca_error":null,"drogasil_detalhe":false,"cache_hit":false,"encontrado":false}}
[2026-06-05T20:15:14.305Z] [INFO] Consumidor retirou lote do staging de trier {"importacao_id":62,"staged_itens_lote":4,"staged_itens_restantes":53307,"sample_eans":["7896000706836","7896000704337","7896000704375","7896000704351"]}
[2026-06-05T20:15:14.306Z] [INFO] Iniciando checagem de existencia no Banco Unico {"total_eans_consulta":4,"batches":1,"batch_size":100,"sample_eans":["7896000706836","7896000704337","7896000704375","7896000704351"]}
[2026-06-05T20:15:14.307Z] [INFO] Consultando batch de EANs no Banco Unico {"batch_index":1,"batch_total":1,"eans_no_batch":4,"sample_eans":["7896000706836","7896000704337","7896000704375","7896000704351"]}
[2026-06-05T20:15:14.350Z] [INFO] Resultado do batch consultado no Banco Unico {"batch_index":1,"encontrados":1,"faltantes":3,"found_eans_sample":["7896000706836"]}
[2026-06-05T20:15:14.350Z] [INFO] Checagem de existencia no Banco Unico concluida {"total_consultados":4,"total_existentes":1,"total_ausentes":3,"existing_eans_sample":["7896000706836"]}
[2026-06-05T20:15:14.418Z] [INFO] Resumo da triagem antes do enriquecimento {"importacao_id":62,"staged_total":4,"validos_unicos":4,"invalidos":0,"duplicados_no_lote":0,"existentes_no_banco_unico":1,"elegiveis_enriquecimento":3,"sample_eans_elegiveis":["7896000704337","7896000704375","7896000704351"],"acumulado":{"invalidos":12,"duplicados_no_lote":0,"existentes_no_banco_unico":135,"elegiveis_processamento":293}}
[2026-06-05T20:15:14.450Z] [INFO] Iniciando enriquecimento externo {"importacao_id":62,"item_id":1037200,"ean":"7896000704375"}
[2026-06-05T20:15:14.491Z] [INFO] Iniciando enriquecimento externo {"importacao_id":62,"item_id":1037192,"ean":"7896000704351"}
[2026-06-05T20:15:14.494Z] [INFO] Iniciando enriquecimento externo {"importacao_id":62,"item_id":1037199,"ean":"7896000704337"}
[2026-06-05T20:15:15.417Z] [INFO] Enriquecimento concluido {"importacao_id":62,"item_id":1037192,"ean":"7896000704351","enriched":false,"requires_approval":true,"fontes_consultadas":{"convertize_busca":false,"convertize_busca_error":null,"convertize_detalhe":false,"farmaindex_busca":false,"farmaindex_busca_error":null,"farmaindex_detalhe":false,"drogasil_busca":false,"drogasil_busca_error":null,"drogasil_detalhe":false,"cache_hit":false,"encontrado":false}}
[2026-06-05T20:15:15.481Z] [INFO] Enriquecimento concluido {"importacao_id":62,"item_id":1037200,"ean":"7896000704375","enriched":false,"requires_approval":true,"fontes_consultadas":{"convertize_busca":false,"convertize_busca_error":null,"convertize_detalhe":false,"farmaindex_busca":false,"farmaindex_busca_error":null,"farmaindex_detalhe":false,"drogasil_busca":false,"drogasil_busca_error":null,"drogasil_detalhe":false,"cache_hit":false,"encontrado":false}}
[2026-06-05T20:15:15.627Z] [INFO] Enriquecimento concluido {"importacao_id":62,"item_id":1037199,"ean":"7896000704337","enriched":false,"requires_approval":true,"fontes_consultadas":{"convertize_busca":false,"convertize_busca_error":null,"convertize_detalhe":false,"farmaindex_busca":false,"farmaindex_busca_error":null,"farmaindex_detalhe":false,"drogasil_busca":false,"drogasil_busca_error":null,"drogasil_detalhe":false,"cache_hit":false,"encontrado":false}}
[2026-06-05T20:15:15.730Z] [INFO] Consumidor retirou lote do staging de trier {"importacao_id":62,"staged_itens_lote":4,"staged_itens_restantes":53303,"sample_eans":["7896000703958","7896000703965","7896000703996","7896000704009"]}
[2026-06-05T20:15:15.730Z] [INFO] Iniciando checagem de existencia no Banco Unico {"total_eans_consulta":4,"batches":1,"batch_size":100,"sample_eans":["7896000703958","7896000703965","7896000703996","7896000704009"]}
[2026-06-05T20:15:15.730Z] [INFO] Consultando batch de EANs no Banco Unico {"batch_index":1,"batch_total":1,"eans_no_batch":4,"sample_eans":["7896000703958","7896000703965","7896000703996","7896000704009"]}
[2026-06-05T20:15:15.772Z] [INFO] Resultado do batch consultado no Banco Unico {"batch_index":1,"encontrados":0,"faltantes":4,"found_eans_sample":[]}
[2026-06-05T20:15:15.773Z] [INFO] Checagem de existencia no Banco Unico concluida {"total_consultados":4,"total_existentes":0,"total_ausentes":4,"existing_eans_sample":[]}
[2026-06-05T20:15:15.773Z] [INFO] Resumo da triagem antes do enriquecimento {"importacao_id":62,"staged_total":4,"validos_unicos":4,"invalidos":0,"duplicados_no_lote":0,"existentes_no_banco_unico":0,"elegiveis_enriquecimento":4,"sample_eans_elegiveis":["7896000703958","7896000703965","7896000703996","7896000704009"],"acumulado":{"invalidos":12,"duplicados_no_lote":0,"existentes_no_banco_unico":135,"elegiveis_processamento":297}}
[2026-06-05T20:15:15.807Z] [INFO] Iniciando enriquecimento externo {"importacao_id":62,"item_id":1037198,"ean":"7896000703965"}
[2026-06-05T20:15:15.810Z] [INFO] Iniciando enriquecimento externo {"importacao_id":62,"item_id":1037191,"ean":"7896000703958"}
[2026-06-05T20:15:15.812Z] [INFO] Iniciando enriquecimento externo {"importacao_id":62,"item_id":1037194,"ean":"7896000703996"}
[2026-06-05T20:15:15.847Z] [INFO] Iniciando enriquecimento externo {"importacao_id":62,"item_id":1037195,"ean":"7896000704009"}
[2026-06-05T20:15:17.851Z] [INFO] Enriquecimento concluido {"importacao_id":62,"item_id":1037198,"ean":"7896000703965","enriched":false,"requires_approval":true,"fontes_consultadas":{"convertize_busca":false,"convertize_busca_error":null,"convertize_detalhe":false,"farmaindex_busca":false,"farmaindex_busca_error":null,"farmaindex_detalhe":false,"drogasil_busca":false,"drogasil_busca_error":null,"drogasil_detalhe":false,"cache_hit":false,"encontrado":false}}
[2026-06-05T20:15:17.883Z] [INFO] Enriquecimento concluido {"importacao_id":62,"item_id":1037191,"ean":"7896000703958","enriched":false,"requires_approval":true,"fontes_consultadas":{"convertize_busca":false,"convertize_busca_error":null,"convertize_detalhe":false,"farmaindex_busca":false,"farmaindex_busca_error":null,"farmaindex_detalhe":false,"drogasil_busca":false,"drogasil_busca_error":null,"drogasil_detalhe":false,"cache_hit":false,"encontrado":false}}
[2026-06-05T20:15:17.946Z] [INFO] Enriquecimento concluido {"importacao_id":62,"item_id":1037194,"ean":"7896000703996","enriched":false,"requires_approval":true,"fontes_consultadas":{"convertize_busca":false,"convertize_busca_error":null,"convertize_detalhe":false,"farmaindex_busca":false,"farmaindex_busca_error":null,"farmaindex_detalhe":false,"drogasil_busca":false,"drogasil_busca_error":null,"drogasil_detalhe":false,"cache_hit":false,"encontrado":false}}
[2026-06-05T20:15:18.155Z] [INFO] Enriquecimento concluido {"importacao_id":62,"item_id":1037195,"ean":"7896000704009","enriched":false,"requires_approval":true,"fontes_consultadas":{"convertize_busca":false,"convertize_busca_error":null,"convertize_detalhe":false,"farmaindex_busca":false,"farmaindex_busca_error":null,"farmaindex_detalhe":false,"drogasil_busca":false,"drogasil_busca_error":null,"drogasil_detalhe":false,"cache_hit":false,"encontrado":false}}
[2026-06-05T20:15:18.260Z] [INFO] Consumidor retirou lote do staging de trier {"importacao_id":62,"staged_itens_lote":4,"staged_itens_restantes":53299,"sample_eans":["7896000704023","7891058009144","7896000704047","7896000705341"]}
[2026-06-05T20:15:18.261Z] [INFO] Iniciando checagem de existencia no Banco Unico {"total_eans_consulta":4,"batches":1,"batch_size":100,"sample_eans":["7896000704023","7891058009144","7896000704047","7896000705341"]}
[2026-06-05T20:15:18.261Z] [INFO] Consultando batch de EANs no Banco Unico {"batch_index":1,"batch_total":1,"eans_no_batch":4,"sample_eans":["7896000704023","7891058009144","7896000704047","7896000705341"]}
[2026-06-05T20:15:18.300Z] [INFO] Resultado do batch consultado no Banco Unico {"batch_index":1,"encontrados":0,"faltantes":4,"found_eans_sample":[]}
[2026-06-05T20:15:18.300Z] [INFO] Checagem de existencia no Banco Unico concluida {"total_consultados":4,"total_existentes":0,"total_ausentes":4,"existing_eans_sample":[]}
[2026-06-05T20:15:18.301Z] [INFO] Resumo da triagem antes do enriquecimento {"importacao_id":62,"staged_total":4,"validos_unicos":4,"invalidos":0,"duplicados_no_lote":0,"existentes_no_banco_unico":0,"elegiveis_enriquecimento":4,"sample_eans_elegiveis":["7896000704023","7891058009144","7896000704047","7896000705341"],"acumulado":{"invalidos":12,"duplicados_no_lote":0,"existentes_no_banco_unico":135,"elegiveis_processamento":301}}
[2026-06-05T20:15:18.333Z] [INFO] Iniciando enriquecimento externo {"importacao_id":62,"item_id":1037202,"ean":"7896000704023"}
[2026-06-05T20:15:18.336Z] [INFO] Iniciando enriquecimento externo {"importacao_id":62,"item_id":1037206,"ean":"7896000705341"}
[2026-06-05T20:15:18.338Z] [INFO] Iniciando enriquecimento externo {"importacao_id":62,"item_id":1037197,"ean":"7891058009144"}
[2026-06-05T20:15:18.341Z] [INFO] Iniciando enriquecimento externo {"importacao_id":62,"item_id":1037201,"ean":"7896000704047"}
[2026-06-05T20:15:20.008Z] [INFO] Enriquecimento concluido {"importacao_id":62,"item_id":1037206,"ean":"7896000705341","enriched":false,"requires_approval":true,"fontes_consultadas":{"convertize_busca":false,"convertize_busca_error":null,"convertize_detalhe":false,"farmaindex_busca":false,"farmaindex_busca_error":null,"farmaindex_detalhe":false,"drogasil_busca":false,"drogasil_busca_error":null,"drogasil_detalhe":false,"cache_hit":false,"encontrado":false}}
[2026-06-05T20:15:20.043Z] [INFO] Enriquecimento concluido {"importacao_id":62,"item_id":1037197,"ean":"7891058009144","enriched":false,"requires_approval":true,"fontes_consultadas":{"convertize_busca":false,"convertize_busca_error":null,"convertize_detalhe":false,"farmaindex_busca":false,"farmaindex_busca_error":null,"farmaindex_detalhe":false,"drogasil_busca":false,"drogasil_busca_error":null,"drogasil_detalhe":false,"cache_hit":false,"encontrado":false}}
[2026-06-05T20:15:20.046Z] [INFO] Enriquecimento concluido {"importacao_id":62,"item_id":1037202,"ean":"7896000704023","enriched":false,"requires_approval":true,"fontes_consultadas":{"convertize_busca":false,"convertize_busca_error":null,"convertize_detalhe":false,"farmaindex_busca":false,"farmaindex_busca_error":null,"farmaindex_detalhe":false,"drogasil_busca":false,"drogasil_busca_error":null,"drogasil_detalhe":false,"cache_hit":false,"encontrado":false}}
[2026-06-05T20:15:20.226Z] [INFO] Enriquecimento concluido {"importacao_id":62,"item_id":1037201,"ean":"7896000704047","enriched":false,"requires_approval":true,"fontes_consultadas":{"convertize_busca":false,"convertize_busca_error":null,"convertize_detalhe":false,"farmaindex_busca":false,"farmaindex_busca_error":null,"farmaindex_detalhe":false,"drogasil_busca":false,"drogasil_busca_error":null,"drogasil_detalhe":false,"cache_hit":false,"encontrado":false}}
[2026-06-05T20:15:20.327Z] [INFO] Consumidor retirou lote do staging de trier {"importacao_id":62,"staged_itens_lote":4,"staged_itens_restantes":53295,"sample_eans":["7896000701114","7896000709608","7896000704528","7896000709585"]}
[2026-06-05T20:15:20.328Z] [INFO] Iniciando checagem de existencia no Banco Unico {"total_eans_consulta":4,"batches":1,"batch_size":100,"sample_eans":["7896000701114","7896000709608","7896000704528","7896000709585"]}
[2026-06-05T20:15:20.329Z] [INFO] Consultando batch de EANs no Banco Unico {"batch_index":1,"batch_total":1,"eans_no_batch":4,"sample_eans":["7896000701114","7896000709608","7896000704528","7896000709585"]}
[2026-06-05T20:15:20.377Z] [INFO] Resultado do batch consultado no Banco Unico {"batch_index":1,"encontrados":0,"faltantes":4,"found_eans_sample":[]}
[2026-06-05T20:15:20.378Z] [INFO] Checagem de existencia no Banco Unico concluida {"total_consultados":4,"total_existentes":0,"total_ausentes":4,"existing_eans_sample":[]}
[2026-06-05T20:15:20.379Z] [INFO] Resumo da triagem antes do enriquecimento {"importacao_id":62,"staged_total":4,"validos_unicos":4,"invalidos":0,"duplicados_no_lote":0,"existentes_no_banco_unico":0,"elegiveis_enriquecimento":4,"sample_eans_elegiveis":["7896000701114","7896000709608","7896000704528","7896000709585"],"acumulado":{"invalidos":12,"duplicados_no_lote":0,"existentes_no_banco_unico":135,"elegiveis_processamento":305}}
[2026-06-05T20:15:20.413Z] [INFO] Iniciando enriquecimento externo {"importacao_id":62,"item_id":1037216,"ean":"7896000709585"}
[2026-06-05T20:15:20.416Z] [INFO] Iniciando enriquecimento externo {"importacao_id":62,"item_id":1037208,"ean":"7896000704528"}
[2026-06-05T20:15:20.419Z] [INFO] Iniciando enriquecimento externo {"importacao_id":62,"item_id":1037207,"ean":"7896000701114"}
[2026-06-05T20:15:20.422Z] [INFO] Iniciando enriquecimento externo {"importacao_id":62,"item_id":1037205,"ean":"7896000709608"}
[2026-06-05T20:15:25.003Z] [INFO] Enriquecimento concluido {"importacao_id":62,"item_id":1037208,"ean":"7896000704528","enriched":false,"requires_approval":true,"fontes_consultadas":{"convertize_busca":false,"convertize_busca_error":null,"convertize_detalhe":false,"farmaindex_busca":false,"farmaindex_busca_error":null,"farmaindex_detalhe":false,"drogasil_busca":false,"drogasil_busca_error":null,"drogasil_detalhe":false,"cache_hit":false,"encontrado":false}}
[2026-06-05T20:15:25.397Z] [INFO] Enriquecimento concluido {"importacao_id":62,"item_id":1037207,"ean":"7896000701114","enriched":false,"requires_approval":true,"fontes_consultadas":{"convertize_busca":false,"convertize_busca_error":null,"convertize_detalhe":false,"farmaindex_busca":false,"farmaindex_busca_error":null,"farmaindex_detalhe":false,"drogasil_busca":false,"drogasil_busca_error":null,"drogasil_detalhe":false,"cache_hit":false,"encontrado":false}}
[2026-06-05T20:15:25.642Z] [INFO] Enriquecimento concluido {"importacao_id":62,"item_id":1037216,"ean":"7896000709585","enriched":false,"requires_approval":true,"fontes_consultadas":{"convertize_busca":false,"convertize_busca_error":null,"convertize_detalhe":false,"farmaindex_busca":false,"farmaindex_busca_error":null,"farmaindex_detalhe":false,"drogasil_busca":false,"drogasil_busca_error":null,"drogasil_detalhe":false,"cache_hit":false,"encontrado":false}}
[2026-06-05T20:15:26.487Z] [INFO] Enriquecimento concluido {"importacao_id":62,"item_id":1037205,"ean":"7896000709608","enriched":false,"requires_approval":true,"fontes_consultadas":{"convertize_busca":false,"convertize_busca_error":null,"convertize_detalhe":false,"farmaindex_busca":false,"farmaindex_busca_error":null,"farmaindex_detalhe":false,"drogasil_busca":false,"drogasil_busca_error":null,"drogasil_detalhe":false,"cache_hit":false,"encontrado":false}}
[2026-06-05T20:15:26.585Z] [INFO] Consumidor retirou lote do staging de trier {"importacao_id":62,"staged_itens_lote":4,"staged_itens_restantes":53291,"sample_eans":["7896000707130","7896000709592","7896000703132","7896000703453"]}
[2026-06-05T20:15:26.586Z] [INFO] Iniciando checagem de existencia no Banco Unico {"total_eans_consulta":4,"batches":1,"batch_size":100,"sample_eans":["7896000707130","7896000709592","7896000703132","7896000703453"]}
[2026-06-05T20:15:26.586Z] [INFO] Consultando batch de EANs no Banco Unico {"batch_index":1,"batch_total":1,"eans_no_batch":4,"sample_eans":["7896000707130","7896000709592","7896000703132","7896000703453"]}
[2026-06-05T20:15:26.690Z] [INFO] Resultado do batch consultado no Banco Unico {"batch_index":1,"encontrados":0,"faltantes":4,"found_eans_sample":[]}
[2026-06-05T20:15:26.690Z] [INFO] Checagem de existencia no Banco Unico concluida {"total_consultados":4,"total_existentes":0,"total_ausentes":4,"existing_eans_sample":[]}
[2026-06-05T20:15:26.691Z] [INFO] Resumo da triagem antes do enriquecimento {"importacao_id":62,"staged_total":4,"validos_unicos":4,"invalidos":0,"duplicados_no_lote":0,"existentes_no_banco_unico":0,"elegiveis_enriquecimento":4,"sample_eans_elegiveis":["7896000707130","7896000709592","7896000703132","7896000703453"],"acumulado":{"invalidos":12,"duplicados_no_lote":0,"existentes_no_banco_unico":135,"elegiveis_processamento":309}}
[2026-06-05T20:15:26.724Z] [INFO] Iniciando enriquecimento externo {"importacao_id":62,"item_id":1037211,"ean":"7896000703132"}
[2026-06-05T20:15:26.729Z] [INFO] Iniciando enriquecimento externo {"importacao_id":62,"item_id":1037210,"ean":"7896000703453"}
[2026-06-05T20:15:26.735Z] [INFO] Iniciando enriquecimento externo {"importacao_id":62,"item_id":1037209,"ean":"7896000707130"}
[2026-06-05T20:15:26.741Z] [INFO] Iniciando enriquecimento externo {"importacao_id":62,"item_id":1037217,"ean":"7896000709592"}
[2026-06-05T20:15:28.970Z] [INFO] Enriquecimento concluido {"importacao_id":62,"item_id":1037211,"ean":"7896000703132","enriched":false,"requires_approval":true,"fontes_consultadas":{"convertize_busca":false,"convertize_busca_error":null,"convertize_detalhe":false,"farmaindex_busca":false,"farmaindex_busca_error":null,"farmaindex_detalhe":false,"drogasil_busca":false,"drogasil_busca_error":null,"drogasil_detalhe":false,"cache_hit":false,"encontrado":false}}
[2026-06-05T20:15:29.468Z] [INFO] Enriquecimento concluido {"importacao_id":62,"item_id":1037210,"ean":"7896000703453","enriched":false,"requires_approval":true,"fontes_consultadas":{"convertize_busca":false,"convertize_busca_error":null,"convertize_detalhe":false,"farmaindex_busca":false,"farmaindex_busca_error":null,"farmaindex_detalhe":false,"drogasil_busca":false,"drogasil_busca_error":null,"drogasil_detalhe":false,"cache_hit":false,"encontrado":false}}
[2026-06-05T20:15:29.505Z] [INFO] Enriquecimento concluido {"importacao_id":62,"item_id":1037217,"ean":"7896000709592","enriched":false,"requires_approval":true,"fontes_consultadas":{"convertize_busca":false,"convertize_busca_error":null,"convertize_detalhe":false,"farmaindex_busca":false,"farmaindex_busca_error":null,"farmaindex_detalhe":false,"drogasil_busca":false,"drogasil_busca_error":null,"drogasil_detalhe":false,"cache_hit":false,"encontrado":false}}
[2026-06-05T20:15:29.760Z] [INFO] Enriquecimento concluido {"importacao_id":62,"item_id":1037209,"ean":"7896000707130","enriched":false,"requires_approval":true,"fontes_consultadas":{"convertize_busca":false,"convertize_busca_error":null,"convertize_detalhe":false,"farmaindex_busca":false,"farmaindex_busca_error":null,"farmaindex_detalhe":false,"drogasil_busca":false,"drogasil_busca_error":null,"drogasil_detalhe":false,"cache_hit":false,"encontrado":false}}
[2026-06-05T20:15:29.908Z] [INFO] Consumidor retirou lote do staging de trier {"importacao_id":62,"staged_itens_lote":4,"staged_itens_restantes":53287,"sample_eans":["7896641802737","7891058009182","7896000710598","7896000703460"]}
[2026-06-05T20:15:29.909Z] [INFO] Iniciando checagem de existencia no Banco Unico {"total_eans_consulta":4,"batches":1,"batch_size":100,"sample_eans":["7896641802737","7891058009182","7896000710598","7896000703460"]}
[2026-06-05T20:15:29.909Z] [INFO] Consultando batch de EANs no Banco Unico {"batch_index":1,"batch_total":1,"eans_no_batch":4,"sample_eans":["7896641802737","7891058009182","7896000710598","7896000703460"]}
[2026-06-05T20:15:29.953Z] [INFO] Resultado do batch consultado no Banco Unico {"batch_index":1,"encontrados":1,"faltantes":3,"found_eans_sample":["7896641802737"]}
[2026-06-05T20:15:29.953Z] [INFO] Checagem de existencia no Banco Unico concluida {"total_consultados":4,"total_existentes":1,"total_ausentes":3,"existing_eans_sample":["7896641802737"]}
[2026-06-05T20:15:30.057Z] [INFO] Resumo da triagem antes do enriquecimento {"importacao_id":62,"staged_total":4,"validos_unicos":4,"invalidos":0,"duplicados_no_lote":0,"existentes_no_banco_unico":1,"elegiveis_enriquecimento":3,"sample_eans_elegiveis":["7891058009182","7896000710598","7896000703460"],"acumulado":{"invalidos":12,"duplicados_no_lote":0,"existentes_no_banco_unico":136,"elegiveis_processamento":312}}
[2026-06-05T20:15:30.113Z] [INFO] Iniciando enriquecimento externo {"importacao_id":62,"item_id":1037212,"ean":"7896000710598"}
[2026-06-05T20:15:30.118Z] [INFO] Iniciando enriquecimento externo {"importacao_id":62,"item_id":1037213,"ean":"7891058009182"}
[2026-06-05T20:15:30.144Z] [INFO] Iniciando enriquecimento externo {"importacao_id":62,"item_id":1037219,"ean":"7896000703460"}
[2026-06-05T20:15:32.333Z] [INFO] Enriquecimento concluido {"importacao_id":62,"item_id":1037219,"ean":"7896000703460","enriched":false,"requires_approval":true,"fontes_consultadas":{"convertize_busca":false,"convertize_busca_error":null,"convertize_detalhe":false,"farmaindex_busca":false,"farmaindex_busca_error":null,"farmaindex_detalhe":false,"drogasil_busca":false,"drogasil_busca_error":null,"drogasil_detalhe":false,"cache_hit":false,"encontrado":false}}
[2026-06-05T20:15:32.928Z] [INFO] Enriquecimento concluido {"importacao_id":62,"item_id":1037213,"ean":"7891058009182","enriched":false,"requires_approval":true,"fontes_consultadas":{"convertize_busca":false,"convertize_busca_error":null,"convertize_detalhe":false,"farmaindex_busca":false,"farmaindex_busca_error":null,"farmaindex_detalhe":false,"drogasil_busca":false,"drogasil_busca_error":null,"drogasil_detalhe":false,"cache_hit":false,"encontrado":false}}
[2026-06-05T20:15:33.391Z] [INFO] Enriquecimento concluido {"importacao_id":62,"item_id":1037212,"ean":"7896000710598","enriched":false,"requires_approval":true,"fontes_consultadas":{"convertize_busca":false,"convertize_busca_error":null,"convertize_detalhe":false,"farmaindex_busca":false,"farmaindex_busca_error":null,"farmaindex_detalhe":false,"drogasil_busca":false,"drogasil_busca_error":null,"drogasil_detalhe":false,"cache_hit":false,"encontrado":false}}
[2026-06-05T20:15:33.493Z] [INFO] Consumidor retirou lote do staging de trier {"importacao_id":62,"staged_itens_lote":4,"staged_itens_restantes":53283,"sample_eans":["7896000703477","7891024161913","7891024170632","7891268400540"]}
[2026-06-05T20:15:33.494Z] [INFO] Iniciando checagem de existencia no Banco Unico {"total_eans_consulta":4,"batches":1,"batch_size":100,"sample_eans":["7896000703477","7891024161913","7891024170632","7891268400540"]}
[2026-06-05T20:15:33.494Z] [INFO] Consultando batch de EANs no Banco Unico {"batch_index":1,"batch_total":1,"eans_no_batch":4,"sample_eans":["7896000703477","7891024161913","7891024170632","7891268400540"]}
[2026-06-05T20:15:33.532Z] [INFO] Resultado do batch consultado no Banco Unico {"batch_index":1,"encontrados":1,"faltantes":3,"found_eans_sample":["7891024161913"]}
[2026-06-05T20:15:33.533Z] [INFO] Checagem de existencia no Banco Unico concluida {"total_consultados":4,"total_existentes":1,"total_ausentes":3,"existing_eans_sample":["7891024161913"]}
[2026-06-05T20:15:33.598Z] [INFO] Resumo da triagem antes do enriquecimento {"importacao_id":62,"staged_total":4,"validos_unicos":4,"invalidos":0,"duplicados_no_lote":0,"existentes_no_banco_unico":1,"elegiveis_enriquecimento":3,"sample_eans_elegiveis":["7896000703477","7891024170632","7891268400540"],"acumulado":{"invalidos":12,"duplicados_no_lote":0,"existentes_no_banco_unico":137,"elegiveis_processamento":315}}
[2026-06-05T20:15:33.634Z] [INFO] Iniciando enriquecimento externo {"importacao_id":62,"item_id":1037222,"ean":"7891268400540"}
[2026-06-05T20:15:33.637Z] [INFO] Iniciando enriquecimento externo {"importacao_id":62,"item_id":1037221,"ean":"7891024170632"}
[2026-06-05T20:15:33.639Z] [INFO] Iniciando enriquecimento externo {"importacao_id":62,"item_id":1037214,"ean":"7896000703477"}
[2026-06-05T20:15:36.096Z] [INFO] Enriquecimento concluido {"importacao_id":62,"item_id":1037222,"ean":"7891268400540","enriched":false,"requires_approval":true,"fontes_consultadas":{"convertize_busca":false,"convertize_busca_error":null,"convertize_detalhe":false,"farmaindex_busca":false,"farmaindex_busca_error":null,"farmaindex_detalhe":false,"drogasil_busca":false,"drogasil_busca_error":null,"drogasil_detalhe":false,"cache_hit":false,"encontrado":false}}
[2026-06-05T20:15:36.403Z] [INFO] Enriquecimento concluido {"importacao_id":62,"item_id":1037221,"ean":"7891024170632","enriched":false,"requires_approval":true,"fontes_consultadas":{"convertize_busca":false,"convertize_busca_error":null,"convertize_detalhe":false,"farmaindex_busca":false,"farmaindex_busca_error":null,"farmaindex_detalhe":false,"drogasil_busca":false,"drogasil_busca_error":null,"drogasil_detalhe":false,"cache_hit":false,"encontrado":false}}
[2026-06-05T20:15:36.428Z] [INFO] Enriquecimento concluido {"importacao_id":62,"item_id":1037214,"ean":"7896000703477","enriched":false,"requires_approval":true,"fontes_consultadas":{"convertize_busca":false,"convertize_busca_error":null,"convertize_detalhe":false,"farmaindex_busca":false,"farmaindex_busca_error":null,"farmaindex_detalhe":false,"drogasil_busca":false,"drogasil_busca_error":null,"drogasil_detalhe":false,"cache_hit":false,"encontrado":false}}
[2026-06-05T20:15:36.524Z] [INFO] Consumidor retirou lote do staging de trier {"importacao_id":62,"staged_itens_lote":4,"staged_itens_restantes":53279,"sample_eans":["7891051037120","7895296224024","7897851220328","70330713413"]}
[2026-06-05T20:15:36.525Z] [INFO] Iniciando checagem de existencia no Banco Unico {"total_eans_consulta":3,"batches":1,"batch_size":100,"sample_eans":["7891051037120","7895296224024","7897851220328"]}
[2026-06-05T20:15:36.525Z] [INFO] Consultando batch de EANs no Banco Unico {"batch_index":1,"batch_total":1,"eans_no_batch":3,"sample_eans":["7891051037120","7895296224024","7897851220328"]}
[2026-06-05T20:15:36.558Z] [INFO] Resultado do batch consultado no Banco Unico {"batch_index":1,"encontrados":1,"faltantes":2,"found_eans_sample":["7897851220328"]}
[2026-06-05T20:15:36.559Z] [INFO] Checagem de existencia no Banco Unico concluida {"total_consultados":3,"total_existentes":1,"total_ausentes":2,"existing_eans_sample":["7897851220328"]}
[2026-06-05T20:15:36.627Z] [INFO] Resumo da triagem antes do enriquecimento {"importacao_id":62,"staged_total":4,"validos_unicos":3,"invalidos":1,"duplicados_no_lote":0,"existentes_no_banco_unico":1,"elegiveis_enriquecimento":3,"sample_eans_elegiveis":["70330713413","7891051037120","7895296224024"],"acumulado":{"invalidos":13,"duplicados_no_lote":0,"existentes_no_banco_unico":138,"elegiveis_processamento":318}}
[2026-06-05T20:15:36.662Z] [INFO] Iniciando enriquecimento externo {"importacao_id":62,"item_id":1037223,"ean":"7895296224024"}
[2026-06-05T20:15:36.666Z] [INFO] Iniciando enriquecimento externo {"importacao_id":62,"item_id":1037218,"ean":"7891051037120"}
[2026-06-05T20:15:39.335Z] [INFO] Enriquecimento concluido {"importacao_id":62,"item_id":1037223,"ean":"7895296224024","enriched":false,"requires_approval":true,"fontes_consultadas":{"convertize_busca":false,"convertize_busca_error":null,"convertize_detalhe":false,"farmaindex_busca":false,"farmaindex_busca_error":null,"farmaindex_detalhe":false,"drogasil_busca":false,"drogasil_busca_error":null,"drogasil_detalhe":false,"cache_hit":false,"encontrado":false}}
[2026-06-05T20:15:41.794Z] [INFO] Enriquecimento concluido {"importacao_id":62,"item_id":1037218,"ean":"7891051037120","enriched":false,"requires_approval":true,"fontes_consultadas":{"convertize_busca":false,"convertize_busca_error":null,"convertize_detalhe":false,"farmaindex_busca":false,"farmaindex_busca_error":null,"farmaindex_detalhe":false,"drogasil_busca":false,"drogasil_busca_error":null,"drogasil_detalhe":false,"cache_hit":false,"encontrado":false}}
[2026-06-05T20:15:41.955Z] [INFO] Consumidor retirou lote do staging de trier {"importacao_id":62,"staged_itens_lote":4,"staged_itens_restantes":53275,"sample_eans":["7896015590307","7897316805480","7898009434369"]}
[2026-06-05T20:15:41.956Z] [INFO] Iniciando checagem de existencia no Banco Unico {"total_eans_consulta":3,"batches":1,"batch_size":100,"sample_eans":["7896015590307","7897316805480","7898009434369"]}
[2026-06-05T20:15:41.956Z] [INFO] Consultando batch de EANs no Banco Unico {"batch_index":1,"batch_total":1,"eans_no_batch":3,"sample_eans":["7896015590307","7897316805480","7898009434369"]}
[2026-06-05T20:15:42.070Z] [INFO] Resultado do batch consultado no Banco Unico {"batch_index":1,"encontrados":1,"faltantes":2,"found_eans_sample":["7896015590307"]}
[2026-06-05T20:15:42.071Z] [INFO] Checagem de existencia no Banco Unico concluida {"total_consultados":3,"total_existentes":1,"total_ausentes":2,"existing_eans_sample":["7896015590307"]}
[2026-06-05T20:15:42.137Z] [INFO] Resumo da triagem antes do enriquecimento {"importacao_id":62,"staged_total":4,"validos_unicos":3,"invalidos":1,"duplicados_no_lote":0,"existentes_no_banco_unico":1,"elegiveis_enriquecimento":3,"sample_eans_elegiveis":["7897316805480","7898009434369"],"acumulado":{"invalidos":14,"duplicados_no_lote":0,"existentes_no_banco_unico":139,"elegiveis_processamento":321}}
[2026-06-05T20:15:42.175Z] [INFO] Iniciando enriquecimento externo {"importacao_id":62,"item_id":1037228,"ean":"7897316805480"}
[2026-06-05T20:15:42.186Z] [INFO] Iniciando enriquecimento externo {"importacao_id":62,"item_id":1037229,"ean":"7898009434369"}
[2026-06-05T20:15:43.620Z] [INFO] Enriquecimento concluido {"importacao_id":62,"item_id":1037229,"ean":"7898009434369","enriched":false,"requires_approval":true,"fontes_consultadas":{"convertize_busca":false,"convertize_busca_error":null,"convertize_detalhe":false,"farmaindex_busca":false,"farmaindex_busca_error":null,"farmaindex_detalhe":false,"drogasil_busca":false,"drogasil_busca_error":null,"drogasil_detalhe":false,"cache_hit":false,"encontrado":false}}
[2026-06-05T20:15:44.296Z] [INFO] Enriquecimento concluido {"importacao_id":62,"item_id":1037228,"ean":"7897316805480","enriched":false,"requires_approval":true,"fontes_consultadas":{"convertize_busca":false,"convertize_busca_error":null,"convertize_detalhe":false,"farmaindex_busca":false,"farmaindex_busca_error":null,"farmaindex_detalhe":false,"drogasil_busca":false,"drogasil_busca_error":null,"drogasil_detalhe":false,"cache_hit":false,"encontrado":false}}
[2026-06-05T20:15:44.401Z] [INFO] Consumidor retirou lote do staging de trier {"importacao_id":62,"staged_itens_lote":4,"staged_itens_restantes":53271,"sample_eans":["7896014140763","7898009434376","7898009434383","7898009434390"]}
[2026-06-05T20:15:44.402Z] [INFO] Iniciando checagem de existencia no Banco Unico {"total_eans_consulta":4,"batches":1,"batch_size":100,"sample_eans":["7896014140763","7898009434376","7898009434383","7898009434390"]}
[2026-06-05T20:15:44.402Z] [INFO] Consultando batch de EANs no Banco Unico {"batch_index":1,"batch_total":1,"eans_no_batch":4,"sample_eans":["7896014140763","7898009434376","7898009434383","7898009434390"]}
[2026-06-05T20:15:44.442Z] [INFO] Resultado do batch consultado no Banco Unico {"batch_index":1,"encontrados":0,"faltantes":4,"found_eans_sample":[]}
[2026-06-05T20:15:44.443Z] [INFO] Checagem de existencia no Banco Unico concluida {"total_consultados":4,"total_existentes":0,"total_ausentes":4,"existing_eans_sample":[]}
[2026-06-05T20:15:44.443Z] [INFO] Resumo da triagem antes do enriquecimento {"importacao_id":62,"staged_total":4,"validos_unicos":4,"invalidos":0,"duplicados_no_lote":0,"existentes_no_banco_unico":0,"elegiveis_enriquecimento":4,"sample_eans_elegiveis":["7896014140763","7898009434376","7898009434383","7898009434390"],"acumulado":{"invalidos":14,"duplicados_no_lote":0,"existentes_no_banco_unico":139,"elegiveis_processamento":325}}
[2026-06-05T20:15:44.476Z] [INFO] Iniciando enriquecimento externo {"importacao_id":62,"item_id":1037235,"ean":"7898009434390"}
[2026-06-05T20:15:44.482Z] [INFO] Iniciando enriquecimento externo {"importacao_id":62,"item_id":1037233,"ean":"7898009434376"}
[2026-06-05T20:15:44.484Z] [INFO] Iniciando enriquecimento externo {"importacao_id":62,"item_id":1037230,"ean":"7896014140763"}
[2026-06-05T20:15:44.508Z] [INFO] Iniciando enriquecimento externo {"importacao_id":62,"item_id":1037234,"ean":"7898009434383"}
[2026-06-05T20:15:45.471Z] [INFO] Enriquecimento concluido {"importacao_id":62,"item_id":1037233,"ean":"7898009434376","enriched":false,"requires_approval":true,"fontes_consultadas":{"convertize_busca":false,"convertize_busca_error":null,"convertize_detalhe":false,"farmaindex_busca":false,"farmaindex_busca_error":null,"farmaindex_detalhe":false,"drogasil_busca":false,"drogasil_busca_error":null,"drogasil_detalhe":false,"cache_hit":false,"encontrado":false}}
[2026-06-05T20:15:45.599Z] [INFO] Enriquecimento concluido {"importacao_id":62,"item_id":1037234,"ean":"7898009434383","enriched":false,"requires_approval":true,"fontes_consultadas":{"convertize_busca":false,"convertize_busca_error":null,"convertize_detalhe":false,"farmaindex_busca":false,"farmaindex_busca_error":null,"farmaindex_detalhe":false,"drogasil_busca":false,"drogasil_busca_error":null,"drogasil_detalhe":false,"cache_hit":false,"encontrado":false}}
[2026-06-05T20:15:45.634Z] [INFO] Enriquecimento concluido {"importacao_id":62,"item_id":1037235,"ean":"7898009434390","enriched":false,"requires_approval":true,"fontes_consultadas":{"convertize_busca":false,"convertize_busca_error":null,"convertize_detalhe":false,"farmaindex_busca":false,"farmaindex_busca_error":null,"farmaindex_detalhe":false,"drogasil_busca":false,"drogasil_busca_error":null,"drogasil_detalhe":false,"cache_hit":false,"encontrado":false}}
[2026-06-05T20:15:47.151Z] [INFO] Enriquecimento concluido {"importacao_id":62,"item_id":1037230,"ean":"7896014140763","enriched":false,"requires_approval":true,"fontes_consultadas":{"convertize_busca":false,"convertize_busca_error":null,"convertize_detalhe":false,"farmaindex_busca":false,"farmaindex_busca_error":null,"farmaindex_detalhe":false,"drogasil_busca":false,"drogasil_busca_error":null,"drogasil_detalhe":false,"cache_hit":false,"encontrado":false}}
[2026-06-05T20:15:47.252Z] [INFO] Consumidor retirou lote do staging de trier {"importacao_id":62,"staged_itens_lote":4,"staged_itens_restantes":53267,"sample_eans":["7898009434451","7894251000444","7891317460532","7897595901811"]}
[2026-06-05T20:15:47.253Z] [INFO] Iniciando checagem de existencia no Banco Unico {"total_eans_consulta":4,"batches":1,"batch_size":100,"sample_eans":["7898009434451","7894251000444","7891317460532","7897595901811"]}
[2026-06-05T20:15:47.253Z] [INFO] Consultando batch de EANs no Banco Unico {"batch_index":1,"batch_total":1,"eans_no_batch":4,"sample_eans":["7898009434451","7894251000444","7891317460532","7897595901811"]}
[2026-06-05T20:15:47.291Z] [INFO] Resultado do batch consultado no Banco Unico {"batch_index":1,"encontrados":1,"faltantes":3,"found_eans_sample":["7891317460532"]}
[2026-06-05T20:15:47.292Z] [INFO] Checagem de existencia no Banco Unico concluida {"total_consultados":4,"total_existentes":1,"total_ausentes":3,"existing_eans_sample":["7891317460532"]}
[2026-06-05T20:15:47.361Z] [INFO] Resumo da triagem antes do enriquecimento {"importacao_id":62,"staged_total":4,"validos_unicos":4,"invalidos":0,"duplicados_no_lote":0,"existentes_no_banco_unico":1,"elegiveis_enriquecimento":3,"sample_eans_elegiveis":["7898009434451","7894251000444","7897595901811"],"acumulado":{"invalidos":14,"duplicados_no_lote":0,"existentes_no_banco_unico":140,"elegiveis_processamento":328}}
[2026-06-05T20:15:47.392Z] [INFO] Iniciando enriquecimento externo {"importacao_id":62,"item_id":1037231,"ean":"7898009434451"}
[2026-06-05T20:15:47.398Z] [INFO] Iniciando enriquecimento externo {"importacao_id":62,"item_id":1037232,"ean":"7894251000444"}
[2026-06-05T20:15:47.430Z] [INFO] Iniciando enriquecimento externo {"importacao_id":62,"item_id":1037238,"ean":"7897595901811"}
[2026-06-05T20:15:49.709Z] [INFO] Enriquecimento concluido {"importacao_id":62,"item_id":1037231,"ean":"7898009434451","enriched":false,"requires_approval":true,"fontes_consultadas":{"convertize_busca":false,"convertize_busca_error":null,"convertize_detalhe":false,"farmaindex_busca":false,"farmaindex_busca_error":null,"farmaindex_detalhe":false,"drogasil_busca":false,"drogasil_busca_error":null,"drogasil_detalhe":false,"cache_hit":false,"encontrado":false}}
[2026-06-05T20:15:49.717Z] [INFO] Enriquecimento concluido {"importacao_id":62,"item_id":1037232,"ean":"7894251000444","enriched":false,"requires_approval":true,"fontes_consultadas":{"convertize_busca":false,"convertize_busca_error":null,"convertize_detalhe":false,"farmaindex_busca":false,"farmaindex_busca_error":null,"farmaindex_detalhe":false,"drogasil_busca":false,"drogasil_busca_error":null,"drogasil_detalhe":false,"cache_hit":false,"encontrado":false}}
[2026-06-05T20:15:49.728Z] [INFO] Enriquecimento concluido {"importacao_id":62,"item_id":1037238,"ean":"7897595901811","enriched":false,"requires_approval":true,"fontes_consultadas":{"convertize_busca":false,"convertize_busca_error":null,"convertize_detalhe":false,"farmaindex_busca":false,"farmaindex_busca_error":null,"farmaindex_detalhe":false,"drogasil_busca":false,"drogasil_busca_error":null,"drogasil_detalhe":false,"cache_hit":false,"encontrado":false}}
[2026-06-05T20:15:49.824Z] [INFO] Consumidor retirou lote do staging de trier {"importacao_id":62,"staged_itens_lote":4,"staged_itens_restantes":53263,"sample_eans":["7896014140770","7891317460518","7891317426934","7891045008396"]}
[2026-06-05T20:15:49.825Z] [INFO] Iniciando checagem de existencia no Banco Unico {"total_eans_consulta":4,"batches":1,"batch_size":100,"sample_eans":["7896014140770","7891317460518","7891317426934","7891045008396"]}
[2026-06-05T20:15:49.826Z] [INFO] Consultando batch de EANs no Banco Unico {"batch_index":1,"batch_total":1,"eans_no_batch":4,"sample_eans":["7896014140770","7891317460518","7891317426934","7891045008396"]}
[2026-06-05T20:15:49.864Z] [INFO] Resultado do batch consultado no Banco Unico {"batch_index":1,"encontrados":3,"faltantes":1,"found_eans_sample":["7891317460518","7891317426934","7891045008396"]}
[2026-06-05T20:15:49.865Z] [INFO] Checagem de existencia no Banco Unico concluida {"total_consultados":4,"total_existentes":3,"total_ausentes":1,"existing_eans_sample":["7891317460518","7891317426934","7891045008396"]}
[2026-06-05T20:15:50.061Z] [INFO] Resumo da triagem antes do enriquecimento {"importacao_id":62,"staged_total":4,"validos_unicos":4,"invalidos":0,"duplicados_no_lote":0,"existentes_no_banco_unico":3,"elegiveis_enriquecimento":1,"sample_eans_elegiveis":["7896014140770"],"acumulado":{"invalidos":14,"duplicados_no_lote":0,"existentes_no_banco_unico":143,"elegiveis_processamento":329}}
[2026-06-05T20:15:50.099Z] [INFO] Iniciando enriquecimento externo {"importacao_id":62,"item_id":1037239,"ean":"7896014140770"}
[2026-06-05T20:15:52.571Z] [INFO] Enriquecimento concluido {"importacao_id":62,"item_id":1037239,"ean":"7896014140770","enriched":false,"requires_approval":true,"fontes_consultadas":{"convertize_busca":false,"convertize_busca_error":null,"convertize_detalhe":false,"farmaindex_busca":false,"farmaindex_busca_error":null,"farmaindex_detalhe":false,"drogasil_busca":false,"drogasil_busca_error":null,"drogasil_detalhe":false,"cache_hit":false,"encontrado":false}}
[2026-06-05T20:15:52.664Z] [INFO] Consumidor retirou lote do staging de trier {"importacao_id":62,"staged_itens_lote":4,"staged_itens_restantes":53259,"sample_eans":["7891045008402","7891024172131","7891024173930","7891024171837"]}
[2026-06-05T20:15:52.666Z] [INFO] Iniciando checagem de existencia no Banco Unico {"total_eans_consulta":4,"batches":1,"batch_size":100,"sample_eans":["7891045008402","7891024172131","7891024173930","7891024171837"]}
[2026-06-05T20:15:52.666Z] [INFO] Consultando batch de EANs no Banco Unico {"batch_index":1,"batch_total":1,"eans_no_batch":4,"sample_eans":["7891045008402","7891024172131","7891024173930","7891024171837"]}
[2026-06-05T20:15:52.707Z] [INFO] Resultado do batch consultado no Banco Unico {"batch_index":1,"encontrados":1,"faltantes":3,"found_eans_sample":["7891045008402"]}
[2026-06-05T20:15:52.708Z] [INFO] Checagem de existencia no Banco Unico concluida {"total_consultados":4,"total_existentes":1,"total_ausentes":3,"existing_eans_sample":["7891045008402"]}
[2026-06-05T20:15:52.775Z] [INFO] Resumo da triagem antes do enriquecimento {"importacao_id":62,"staged_total":4,"validos_unicos":4,"invalidos":0,"duplicados_no_lote":0,"existentes_no_banco_unico":1,"elegiveis_enriquecimento":3,"sample_eans_elegiveis":["7891024172131","7891024173930","7891024171837"],"acumulado":{"invalidos":14,"duplicados_no_lote":0,"existentes_no_banco_unico":144,"elegiveis_processamento":332}}
[2026-06-05T20:15:52.811Z] [INFO] Iniciando enriquecimento externo {"importacao_id":62,"item_id":1037242,"ean":"7891024172131"}
[2026-06-05T20:15:52.816Z] [INFO] Iniciando enriquecimento externo {"importacao_id":62,"item_id":1037244,"ean":"7891024171837"}
[2026-06-05T20:15:52.820Z] [INFO] Iniciando enriquecimento externo {"importacao_id":62,"item_id":1037243,"ean":"7891024173930"}
[2026-06-05T20:15:55.482Z] [INFO] Enriquecimento concluido {"importacao_id":62,"item_id":1037244,"ean":"7891024171837","enriched":false,"requires_approval":true,"fontes_consultadas":{"convertize_busca":false,"convertize_busca_error":null,"convertize_detalhe":false,"farmaindex_busca":false,"farmaindex_busca_error":null,"farmaindex_detalhe":false,"drogasil_busca":false,"drogasil_busca_error":null,"drogasil_detalhe":false,"cache_hit":false,"encontrado":false}}
[2026-06-05T20:15:55.737Z] [INFO] Enriquecimento concluido {"importacao_id":62,"item_id":1037242,"ean":"7891024172131","enriched":false,"requires_approval":true,"fontes_consultadas":{"convertize_busca":false,"convertize_busca_error":null,"convertize_detalhe":false,"farmaindex_busca":false,"farmaindex_busca_error":null,"farmaindex_detalhe":false,"drogasil_busca":false,"drogasil_busca_error":null,"drogasil_detalhe":false,"cache_hit":false,"encontrado":false}}
[2026-06-05T20:15:55.935Z] [INFO] Enriquecimento concluido {"importacao_id":62,"item_id":1037243,"ean":"7891024173930","enriched":false,"requires_approval":true,"fontes_consultadas":{"convertize_busca":false,"convertize_busca_error":null,"convertize_detalhe":false,"farmaindex_busca":false,"farmaindex_busca_error":null,"farmaindex_detalhe":false,"drogasil_busca":false,"drogasil_busca_error":null,"drogasil_detalhe":false,"cache_hit":false,"encontrado":false}}
[2026-06-05T20:15:56.036Z] [INFO] Consumidor retirou lote do staging de trier {"importacao_id":62,"staged_itens_lote":4,"staged_itens_restantes":53255,"sample_eans":["7891024174036","7896014140787","7891037613706","7891024172018"]}
[2026-06-05T20:15:56.037Z] [INFO] Iniciando checagem de existencia no Banco Unico {"total_eans_consulta":4,"batches":1,"batch_size":100,"sample_eans":["7891024174036","7896014140787","7891037613706","7891024172018"]}
[2026-06-05T20:15:56.038Z] [INFO] Consultando batch de EANs no Banco Unico {"batch_index":1,"batch_total":1,"eans_no_batch":4,"sample_eans":["7891024174036","7896014140787","7891037613706","7891024172018"]}
[2026-06-05T20:15:56.083Z] [INFO] Resultado do batch consultado no Banco Unico {"batch_index":1,"encontrados":0,"faltantes":4,"found_eans_sample":[]}
[2026-06-05T20:15:56.083Z] [INFO] Checagem de existencia no Banco Unico concluida {"total_consultados":4,"total_existentes":0,"total_ausentes":4,"existing_eans_sample":[]}
[2026-06-05T20:15:56.084Z] [INFO] Resumo da triagem antes do enriquecimento {"importacao_id":62,"staged_total":4,"validos_unicos":4,"invalidos":0,"duplicados_no_lote":0,"existentes_no_banco_unico":0,"elegiveis_enriquecimento":4,"sample_eans_elegiveis":["7891024174036","7896014140787","7891037613706","7891024172018"],"acumulado":{"invalidos":14,"duplicados_no_lote":0,"existentes_no_banco_unico":144,"elegiveis_processamento":336}}
[2026-06-05T20:15:56.115Z] [INFO] Iniciando enriquecimento externo {"importacao_id":62,"item_id":1037246,"ean":"7891024174036"}
[2026-06-05T20:15:56.118Z] [INFO] Iniciando enriquecimento externo {"importacao_id":62,"item_id":1037248,"ean":"7891037613706"}
[2026-06-05T20:15:56.121Z] [INFO] Iniciando enriquecimento externo {"importacao_id":62,"item_id":1037250,"ean":"7891024172018"}
[2026-06-05T20:15:56.148Z] [INFO] Iniciando enriquecimento externo {"importacao_id":62,"item_id":1037247,"ean":"7896014140787"}
[2026-06-05T20:15:57.292Z] [INFO] Enriquecimento concluido {"importacao_id":62,"item_id":1037248,"ean":"7891037613706","enriched":false,"requires_approval":true,"fontes_consultadas":{"convertize_busca":false,"convertize_busca_error":null,"convertize_detalhe":false,"farmaindex_busca":false,"farmaindex_busca_error":null,"farmaindex_detalhe":false,"drogasil_busca":false,"drogasil_busca_error":null,"drogasil_detalhe":false,"cache_hit":false,"encontrado":false}}
[2026-06-05T20:15:57.350Z] [INFO] Enriquecimento concluido {"importacao_id":62,"item_id":1037250,"ean":"7891024172018","enriched":false,"requires_approval":true,"fontes_consultadas":{"convertize_busca":false,"convertize_busca_error":null,"convertize_detalhe":false,"farmaindex_busca":false,"farmaindex_busca_error":null,"farmaindex_detalhe":false,"drogasil_busca":false,"drogasil_busca_error":null,"drogasil_detalhe":false,"cache_hit":false,"encontrado":false}}
[2026-06-05T20:15:57.431Z] [INFO] Enriquecimento concluido {"importacao_id":62,"item_id":1037247,"ean":"7896014140787","enriched":false,"requires_approval":true,"fontes_consultadas":{"convertize_busca":false,"convertize_busca_error":null,"convertize_detalhe":false,"farmaindex_busca":false,"farmaindex_busca_error":null,"farmaindex_detalhe":false,"drogasil_busca":false,"drogasil_busca_error":null,"drogasil_detalhe":false,"cache_hit":false,"encontrado":false}}
[2026-06-05T20:16:00.074Z] [INFO] Enriquecimento concluido {"importacao_id":62,"item_id":1037246,"ean":"7891024174036","enriched":true,"requires_approval":false,"fontes_consultadas":{"convertize_busca":false,"convertize_busca_error":null,"convertize_detalhe":false,"farmaindex_busca":false,"farmaindex_busca_error":null,"farmaindex_detalhe":false,"drogasil_busca":true,"drogasil_busca_error":null,"drogasil_detalhe":true,"cache_hit":false,"encontrado":true}}
[2026-06-05T20:16:02.387Z] [INFO] Classificacao mercadologica concluida {"importacao_id":62,"item_id":1037246,"ean":"7891024174036","classificacao_origem":"openai","departamento":null,"categoria":"Cuidados Com Cabelos","subcategoria":"Shampoo","segmento":"Shampoo Comum","subsegmento":"Shampoo Regular"}
[2026-06-05T20:16:02.421Z] [INFO] Publicando produto no Banco Unico {"importacao_id":62,"item_id":1037246,"ean":"7891024174036","descricaoProduto":"Shampoo Palmolive Naturals 350ml Anti Armado","categoria":"Cuidados Com Cabelos","subcategoria":"Shampoo"}
[2026-06-05T20:16:03.138Z] [INFO] Produto publicado no Banco Unico com sucesso {"importacao_id":62,"item_id":1037246,"ean":"7891024174036"}
[2026-06-05T20:16:03.277Z] [INFO] Consumidor retirou lote do staging de trier {"importacao_id":62,"staged_itens_lote":4,"staged_itens_restantes":53251,"sample_eans":["7891024174135","7891024171639","7891024171912","7891024172230"]}
[2026-06-05T20:16:03.278Z] [INFO] Iniciando checagem de existencia no Banco Unico {"total_eans_consulta":4,"batches":1,"batch_size":100,"sample_eans":["7891024174135","7891024171639","7891024171912","7891024172230"]}
[2026-06-05T20:16:03.278Z] [INFO] Consultando batch de EANs no Banco Unico {"batch_index":1,"batch_total":1,"eans_no_batch":4,"sample_eans":["7891024174135","7891024171639","7891024171912","7891024172230"]}
[2026-06-05T20:16:03.316Z] [INFO] Resultado do batch consultado no Banco Unico {"batch_index":1,"encontrados":3,"faltantes":1,"found_eans_sample":["7891024174135","7891024171639","7891024172230"]}
[2026-06-05T20:16:03.317Z] [INFO] Checagem de existencia no Banco Unico concluida {"total_consultados":4,"total_existentes":3,"total_ausentes":1,"existing_eans_sample":["7891024174135","7891024171639","7891024172230"]}
[2026-06-05T20:16:03.537Z] [INFO] Resumo da triagem antes do enriquecimento {"importacao_id":62,"staged_total":4,"validos_unicos":4,"invalidos":0,"duplicados_no_lote":0,"existentes_no_banco_unico":3,"elegiveis_enriquecimento":1,"sample_eans_elegiveis":["7891024171912"],"acumulado":{"invalidos":14,"duplicados_no_lote":0,"existentes_no_banco_unico":147,"elegiveis_processamento":337}}
[2026-06-05T20:16:03.570Z] [INFO] Iniciando enriquecimento externo {"importacao_id":62,"item_id":1037252,"ean":"7891024171912"}
[2026-06-05T20:16:04.551Z] [INFO] Enriquecimento concluido {"importacao_id":62,"item_id":1037252,"ean":"7891024171912","enriched":false,"requires_approval":true,"fontes_consultadas":{"convertize_busca":false,"convertize_busca_error":null,"convertize_detalhe":false,"farmaindex_busca":false,"farmaindex_busca_error":null,"farmaindex_detalhe":false,"drogasil_busca":false,"drogasil_busca_error":null,"drogasil_detalhe":false,"cache_hit":false,"encontrado":false}}
[2026-06-05T20:16:04.655Z] [INFO] Consumidor retirou lote do staging de trier {"importacao_id":62,"staged_itens_lote":4,"staged_itens_restantes":53247,"sample_eans":["7891024171738","7891024174210","7891024170731","7891024170588"]}
[2026-06-05T20:16:04.656Z] [INFO] Iniciando checagem de existencia no Banco Unico {"total_eans_consulta":4,"batches":1,"batch_size":100,"sample_eans":["7891024171738","7891024174210","7891024170731","7891024170588"]}
[2026-06-05T20:16:04.656Z] [INFO] Consultando batch de EANs no Banco Unico {"batch_index":1,"batch_total":1,"eans_no_batch":4,"sample_eans":["7891024171738","7891024174210","7891024170731","7891024170588"]}
[2026-06-05T20:16:04.690Z] [INFO] Resultado do batch consultado no Banco Unico {"batch_index":1,"encontrados":1,"faltantes":3,"found_eans_sample":["7891024174210"]}
[2026-06-05T20:16:04.691Z] [INFO] Checagem de existencia no Banco Unico concluida {"total_consultados":4,"total_existentes":1,"total_ausentes":3,"existing_eans_sample":["7891024174210"]}
[2026-06-05T20:16:04.757Z] [INFO] Resumo da triagem antes do enriquecimento {"importacao_id":62,"staged_total":4,"validos_unicos":4,"invalidos":0,"duplicados_no_lote":0,"existentes_no_banco_unico":1,"elegiveis_enriquecimento":3,"sample_eans_elegiveis":["7891024171738","7891024170731","7891024170588"],"acumulado":{"invalidos":14,"duplicados_no_lote":0,"existentes_no_banco_unico":148,"elegiveis_processamento":340}}
[2026-06-05T20:16:04.790Z] [INFO] Iniciando enriquecimento externo {"importacao_id":62,"item_id":1037254,"ean":"7891024170588"}
[2026-06-05T20:16:04.793Z] [INFO] Iniciando enriquecimento externo {"importacao_id":62,"item_id":1037262,"ean":"7891024170731"}
[2026-06-05T20:16:04.821Z] [INFO] Iniciando enriquecimento externo {"importacao_id":62,"item_id":1037256,"ean":"7891024171738"}
[2026-06-05T20:16:05.862Z] [INFO] Enriquecimento concluido {"importacao_id":62,"item_id":1037256,"ean":"7891024171738","enriched":false,"requires_approval":true,"fontes_consultadas":{"convertize_busca":false,"convertize_busca_error":null,"convertize_detalhe":false,"farmaindex_busca":false,"farmaindex_busca_error":null,"farmaindex_detalhe":false,"drogasil_busca":false,"drogasil_busca_error":null,"drogasil_detalhe":false,"cache_hit":false,"encontrado":false}}
[2026-06-05T20:16:05.906Z] [INFO] Enriquecimento concluido {"importacao_id":62,"item_id":1037254,"ean":"7891024170588","enriched":false,"requires_approval":true,"fontes_consultadas":{"convertize_busca":false,"convertize_busca_error":null,"convertize_detalhe":false,"farmaindex_busca":false,"farmaindex_busca_error":null,"farmaindex_detalhe":false,"drogasil_busca":false,"drogasil_busca_error":null,"drogasil_detalhe":false,"cache_hit":false,"encontrado":false}}
[2026-06-05T20:16:06.025Z] [INFO] Enriquecimento concluido {"importacao_id":62,"item_id":1037262,"ean":"7891024170731","enriched":false,"requires_approval":true,"fontes_consultadas":{"convertize_busca":false,"convertize_busca_error":null,"convertize_detalhe":false,"farmaindex_busca":false,"farmaindex_busca_error":null,"farmaindex_detalhe":false,"drogasil_busca":false,"drogasil_busca_error":null,"drogasil_detalhe":false,"cache_hit":false,"encontrado":false}}
[2026-06-05T20:16:06.128Z] [INFO] Consumidor retirou lote do staging de trier {"importacao_id":62,"staged_itens_lote":4,"staged_itens_restantes":53243,"sample_eans":["7891024174531","7896672202643","7891024170236","7891024174432"]}
[2026-06-05T20:16:06.129Z] [INFO] Iniciando checagem de existencia no Banco Unico {"total_eans_consulta":4,"batches":1,"batch_size":100,"sample_eans":["7891024174531","7896672202643","7891024170236","7891024174432"]}
[2026-06-05T20:16:06.130Z] [INFO] Consultando batch de EANs no Banco Unico {"batch_index":1,"batch_total":1,"eans_no_batch":4,"sample_eans":["7891024174531","7896672202643","7891024170236","7891024174432"]}
[2026-06-05T20:16:06.170Z] [INFO] Resultado do batch consultado no Banco Unico {"batch_index":1,"encontrados":2,"faltantes":2,"found_eans_sample":["7896672202643","7891024174432"]}
[2026-06-05T20:16:06.172Z] [INFO] Checagem de existencia no Banco Unico concluida {"total_consultados":4,"total_existentes":2,"total_ausentes":2,"existing_eans_sample":["7896672202643","7891024174432"]}
[2026-06-05T20:16:06.306Z] [INFO] Resumo da triagem antes do enriquecimento {"importacao_id":62,"staged_total":4,"validos_unicos":4,"invalidos":0,"duplicados_no_lote":0,"existentes_no_banco_unico":2,"elegiveis_enriquecimento":2,"sample_eans_elegiveis":["7891024174531","7891024170236"],"acumulado":{"invalidos":14,"duplicados_no_lote":0,"existentes_no_banco_unico":150,"elegiveis_processamento":342}}
[2026-06-05T20:16:06.339Z] [INFO] Iniciando enriquecimento externo {"importacao_id":62,"item_id":1037264,"ean":"7891024174531"}
[2026-06-05T20:16:06.342Z] [INFO] Iniciando enriquecimento externo {"importacao_id":62,"item_id":1037258,"ean":"7891024170236"}
[2026-06-05T20:16:07.440Z] [INFO] Enriquecimento concluido {"importacao_id":62,"item_id":1037258,"ean":"7891024170236","enriched":false,"requires_approval":true,"fontes_consultadas":{"convertize_busca":false,"convertize_busca_error":null,"convertize_detalhe":false,"farmaindex_busca":false,"farmaindex_busca_error":null,"farmaindex_detalhe":false,"drogasil_busca":false,"drogasil_busca_error":null,"drogasil_detalhe":false,"cache_hit":false,"encontrado":false}}
[2026-06-05T20:16:07.630Z] [INFO] Enriquecimento concluido {"importacao_id":62,"item_id":1037264,"ean":"7891024174531","enriched":false,"requires_approval":true,"fontes_consultadas":{"convertize_busca":false,"convertize_busca_error":null,"convertize_detalhe":false,"farmaindex_busca":false,"farmaindex_busca_error":null,"farmaindex_detalhe":false,"drogasil_busca":false,"drogasil_busca_error":null,"drogasil_detalhe":false,"cache_hit":false,"encontrado":false}}
[2026-06-05T20:16:07.733Z] [INFO] Consumidor retirou lote do staging de trier {"importacao_id":62,"staged_itens_lote":4,"staged_itens_restantes":53239,"sample_eans":["7891024172537","7896227800089","7891024172711","7896014124213"]}
[2026-06-05T20:16:07.734Z] [INFO] Iniciando checagem de existencia no Banco Unico {"total_eans_consulta":4,"batches":1,"batch_size":100,"sample_eans":["7891024172537","7896227800089","7891024172711","7896014124213"]}
[2026-06-05T20:16:07.734Z] [INFO] Consultando batch de EANs no Banco Unico {"batch_index":1,"batch_total":1,"eans_no_batch":4,"sample_eans":["7891024172537","7896227800089","7891024172711","7896014124213"]}
[2026-06-05T20:16:07.771Z] [INFO] Resultado do batch consultado no Banco Unico {"batch_index":1,"encontrados":2,"faltantes":2,"found_eans_sample":["7891024172537","7896227800089"]}
[2026-06-05T20:16:07.772Z] [INFO] Checagem de existencia no Banco Unico concluida {"total_consultados":4,"total_existentes":2,"total_ausentes":2,"existing_eans_sample":["7891024172537","7896227800089"]}
[2026-06-05T20:16:07.904Z] [INFO] Resumo da triagem antes do enriquecimento {"importacao_id":62,"staged_total":4,"validos_unicos":4,"invalidos":0,"duplicados_no_lote":0,"existentes_no_banco_unico":2,"elegiveis_enriquecimento":2,"sample_eans_elegiveis":["7891024172711","7896014124213"],"acumulado":{"invalidos":14,"duplicados_no_lote":0,"existentes_no_banco_unico":152,"elegiveis_processamento":344}}
[2026-06-05T20:16:07.938Z] [INFO] Iniciando enriquecimento externo {"importacao_id":62,"item_id":1037261,"ean":"7896014124213"}
[2026-06-05T20:16:07.939Z] [INFO] Iniciando enriquecimento externo {"importacao_id":62,"item_id":1037266,"ean":"7891024172711"}
[2026-06-05T20:16:08.952Z] [INFO] Enriquecimento concluido {"importacao_id":62,"item_id":1037261,"ean":"7896014124213","enriched":false,"requires_approval":true,"fontes_consultadas":{"convertize_busca":false,"convertize_busca_error":null,"convertize_detalhe":false,"farmaindex_busca":false,"farmaindex_busca_error":null,"farmaindex_detalhe":false,"drogasil_busca":false,"drogasil_busca_error":null,"drogasil_detalhe":false,"cache_hit":false,"encontrado":false}}
[2026-06-05T20:16:09.134Z] [INFO] Enriquecimento concluido {"importacao_id":62,"item_id":1037266,"ean":"7891024172711","enriched":false,"requires_approval":true,"fontes_consultadas":{"convertize_busca":false,"convertize_busca_error":null,"convertize_detalhe":false,"farmaindex_busca":false,"farmaindex_busca_error":null,"farmaindex_detalhe":false,"drogasil_busca":false,"drogasil_busca_error":null,"drogasil_detalhe":false,"cache_hit":false,"encontrado":false}}
[2026-06-05T20:16:09.242Z] [INFO] Consumidor retirou lote do staging de trier {"importacao_id":62,"staged_itens_lote":4,"staged_itens_restantes":53235,"sample_eans":["7891024172339","7891024174630","7891024172612","7891024172438"]}
[2026-06-05T20:16:09.242Z] [INFO] Iniciando checagem de existencia no Banco Unico {"total_eans_consulta":4,"batches":1,"batch_size":100,"sample_eans":["7891024172339","7891024174630","7891024172612","7891024172438"]}
[2026-06-05T20:16:09.243Z] [INFO] Consultando batch de EANs no Banco Unico {"batch_index":1,"batch_total":1,"eans_no_batch":4,"sample_eans":["7891024172339","7891024174630","7891024172612","7891024172438"]}
[2026-06-05T20:16:09.295Z] [INFO] Resultado do batch consultado no Banco Unico {"batch_index":1,"encontrados":2,"faltantes":2,"found_eans_sample":["7891024172339","7891024174630"]}
[2026-06-05T20:16:09.296Z] [INFO] Checagem de existencia no Banco Unico concluida {"total_consultados":4,"total_existentes":2,"total_ausentes":2,"existing_eans_sample":["7891024172339","7891024174630"]}
[2026-06-05T20:16:09.435Z] [INFO] Resumo da triagem antes do enriquecimento {"importacao_id":62,"staged_total":4,"validos_unicos":4,"invalidos":0,"duplicados_no_lote":0,"existentes_no_banco_unico":2,"elegiveis_enriquecimento":2,"sample_eans_elegiveis":["7891024172612","7891024172438"],"acumulado":{"invalidos":14,"duplicados_no_lote":0,"existentes_no_banco_unico":154,"elegiveis_processamento":346}}
[2026-06-05T20:16:09.473Z] [INFO] Iniciando enriquecimento externo {"importacao_id":62,"item_id":1037271,"ean":"7891024172438"}
[2026-06-05T20:16:09.475Z] [INFO] Iniciando enriquecimento externo {"importacao_id":62,"item_id":1037270,"ean":"7891024172612"}
[2026-06-05T20:16:10.447Z] [INFO] Enriquecimento concluido {"importacao_id":62,"item_id":1037271,"ean":"7891024172438","enriched":false,"requires_approval":true,"fontes_consultadas":{"convertize_busca":false,"convertize_busca_error":null,"convertize_detalhe":false,"farmaindex_busca":false,"farmaindex_busca_error":null,"farmaindex_detalhe":false,"drogasil_busca":false,"drogasil_busca_error":null,"drogasil_detalhe":false,"cache_hit":false,"encontrado":false}}
[2026-06-05T20:16:10.664Z] [INFO] Enriquecimento concluido {"importacao_id":62,"item_id":1037270,"ean":"7891024172612","enriched":false,"requires_approval":true,"fontes_consultadas":{"convertize_busca":false,"convertize_busca_error":null,"convertize_detalhe":false,"farmaindex_busca":false,"farmaindex_busca_error":null,"farmaindex_detalhe":false,"drogasil_busca":false,"drogasil_busca_error":null,"drogasil_detalhe":false,"cache_hit":false,"encontrado":false}}
[2026-06-05T20:16:10.819Z] [INFO] Consumidor retirou lote do staging de trier {"importacao_id":62,"staged_itens_lote":4,"staged_itens_restantes":53231,"sample_eans":["7896317900323","7891024174715","7891024170410","7898040321451"]}
[2026-06-05T20:16:10.820Z] [INFO] Iniciando checagem de existencia no Banco Unico {"total_eans_consulta":4,"batches":1,"batch_size":100,"sample_eans":["7896317900323","7891024174715","7891024170410","7898040321451"]}
[2026-06-05T20:16:10.821Z] [INFO] Consultando batch de EANs no Banco Unico {"batch_index":1,"batch_total":1,"eans_no_batch":4,"sample_eans":["7896317900323","7891024174715","7891024170410","7898040321451"]}
[2026-06-05T20:16:10.913Z] [INFO] Resultado do batch consultado no Banco Unico {"batch_index":1,"encontrados":3,"faltantes":1,"found_eans_sample":["7896317900323","7891024174715","7898040321451"]}
[2026-06-05T20:16:10.913Z] [INFO] Checagem de existencia no Banco Unico concluida {"total_consultados":4,"total_existentes":3,"total_ausentes":1,"existing_eans_sample":["7896317900323","7891024174715","7898040321451"]}
[2026-06-05T20:16:11.122Z] [INFO] Resumo da triagem antes do enriquecimento {"importacao_id":62,"staged_total":4,"validos_unicos":4,"invalidos":0,"duplicados_no_lote":0,"existentes_no_banco_unico":3,"elegiveis_enriquecimento":1,"sample_eans_elegiveis":["7891024170410"],"acumulado":{"invalidos":14,"duplicados_no_lote":0,"existentes_no_banco_unico":157,"elegiveis_processamento":347}}
[2026-06-05T20:16:11.160Z] [INFO] Iniciando enriquecimento externo {"importacao_id":62,"item_id":1037278,"ean":"7891024170410"}
[2026-06-05T20:16:12.199Z] [INFO] Enriquecimento concluido {"importacao_id":62,"item_id":1037278,"ean":"7891024170410","enriched":false,"requires_approval":true,"fontes_consultadas":{"convertize_busca":false,"convertize_busca_error":null,"convertize_detalhe":false,"farmaindex_busca":false,"farmaindex_busca_error":null,"farmaindex_detalhe":false,"drogasil_busca":false,"drogasil_busca_error":null,"drogasil_detalhe":false,"cache_hit":false,"encontrado":false}}
[2026-06-05T20:16:12.301Z] [INFO] Consumidor retirou lote do staging de trier {"importacao_id":62,"staged_itens_lote":4,"staged_itens_restantes":53227,"sample_eans":["7891268117585","7891268117516","7891268117592","7891268117530"]}
[2026-06-05T20:16:12.301Z] [INFO] Iniciando checagem de existencia no Banco Unico {"total_eans_consulta":4,"batches":1,"batch_size":100,"sample_eans":["7891268117585","7891268117516","7891268117592","7891268117530"]}
[2026-06-05T20:16:12.301Z] [INFO] Consultando batch de EANs no Banco Unico {"batch_index":1,"batch_total":1,"eans_no_batch":4,"sample_eans":["7891268117585","7891268117516","7891268117592","7891268117530"]}
[2026-06-05T20:16:12.335Z] [INFO] Resultado do batch consultado no Banco Unico {"batch_index":1,"encontrados":3,"faltantes":1,"found_eans_sample":["7891268117516","7891268117592","7891268117530"]}
[2026-06-05T20:16:12.336Z] [INFO] Checagem de existencia no Banco Unico concluida {"total_consultados":4,"total_existentes":3,"total_ausentes":1,"existing_eans_sample":["7891268117516","7891268117592","7891268117530"]}
[2026-06-05T20:16:12.538Z] [INFO] Resumo da triagem antes do enriquecimento {"importacao_id":62,"staged_total":4,"validos_unicos":4,"invalidos":0,"duplicados_no_lote":0,"existentes_no_banco_unico":3,"elegiveis_enriquecimento":1,"sample_eans_elegiveis":["7891268117585"],"acumulado":{"invalidos":14,"duplicados_no_lote":0,"existentes_no_banco_unico":160,"elegiveis_processamento":348}}
[2026-06-05T20:16:12.571Z] [INFO] Iniciando enriquecimento externo {"importacao_id":62,"item_id":1037280,"ean":"7891268117585"}
[2026-06-05T20:16:13.777Z] [INFO] Enriquecimento concluido {"importacao_id":62,"item_id":1037280,"ean":"7891268117585","enriched":false,"requires_approval":true,"fontes_consultadas":{"convertize_busca":false,"convertize_busca_error":null,"convertize_detalhe":false,"farmaindex_busca":false,"farmaindex_busca_error":null,"farmaindex_detalhe":false,"drogasil_busca":false,"drogasil_busca_error":null,"drogasil_detalhe":false,"cache_hit":false,"encontrado":false}}
[2026-06-05T20:16:13.925Z] [INFO] Consumidor retirou lote do staging de trier {"importacao_id":62,"staged_itens_lote":4,"staged_itens_restantes":53223,"sample_eans":["7891268117622","7891268117554","7891268117639","7896317900828"]}
[2026-06-05T20:16:13.926Z] [INFO] Iniciando checagem de existencia no Banco Unico {"total_eans_consulta":4,"batches":1,"batch_size":100,"sample_eans":["7891268117622","7891268117554","7891268117639","7896317900828"]}
[2026-06-05T20:16:13.926Z] [INFO] Consultando batch de EANs no Banco Unico {"batch_index":1,"batch_total":1,"eans_no_batch":4,"sample_eans":["7891268117622","7891268117554","7891268117639","7896317900828"]}
[2026-06-05T20:16:13.968Z] [INFO] Resultado do batch consultado no Banco Unico {"batch_index":1,"encontrados":2,"faltantes":2,"found_eans_sample":["7891268117554","7891268117639"]}
[2026-06-05T20:16:13.969Z] [INFO] Checagem de existencia no Banco Unico concluida {"total_consultados":4,"total_existentes":2,"total_ausentes":2,"existing_eans_sample":["7891268117554","7891268117639"]}
[2026-06-05T20:16:14.114Z] [INFO] Resumo da triagem antes do enriquecimento {"importacao_id":62,"staged_total":4,"validos_unicos":4,"invalidos":0,"duplicados_no_lote":0,"existentes_no_banco_unico":2,"elegiveis_enriquecimento":2,"sample_eans_elegiveis":["7891268117622","7896317900828"],"acumulado":{"invalidos":14,"duplicados_no_lote":0,"existentes_no_banco_unico":162,"elegiveis_processamento":350}}
[2026-06-05T20:16:14.148Z] [INFO] Iniciando enriquecimento externo {"importacao_id":62,"item_id":1037279,"ean":"7891268117622"}
[2026-06-05T20:16:14.151Z] [INFO] Iniciando enriquecimento externo {"importacao_id":62,"item_id":1037281,"ean":"7896317900828"}
[2026-06-05T20:16:15.722Z] [INFO] Enriquecimento concluido {"importacao_id":62,"item_id":1037279,"ean":"7891268117622","enriched":false,"requires_approval":true,"fontes_consultadas":{"convertize_busca":false,"convertize_busca_error":null,"convertize_detalhe":false,"farmaindex_busca":false,"farmaindex_busca_error":null,"farmaindex_detalhe":false,"drogasil_busca":false,"drogasil_busca_error":null,"drogasil_detalhe":false,"cache_hit":false,"encontrado":false}}
[2026-06-05T20:16:16.345Z] [INFO] Enriquecimento concluido {"importacao_id":62,"item_id":1037281,"ean":"7896317900828","enriched":false,"requires_approval":true,"fontes_consultadas":{"convertize_busca":false,"convertize_busca_error":null,"convertize_detalhe":false,"farmaindex_busca":false,"farmaindex_busca_error":null,"farmaindex_detalhe":false,"drogasil_busca":false,"drogasil_busca_error":null,"drogasil_detalhe":false,"cache_hit":false,"encontrado":false}}
[2026-06-05T20:16:16.481Z] [INFO] Consumidor retirou lote do staging de trier {"importacao_id":62,"staged_itens_lote":4,"staged_itens_restantes":53219,"sample_eans":["7896014124237","7891268117578","7896075706762","7896181905288"]}
[2026-06-05T20:16:16.481Z] [INFO] Iniciando checagem de existencia no Banco Unico {"total_eans_consulta":4,"batches":1,"batch_size":100,"sample_eans":["7896014124237","7891268117578","7896075706762","7896181905288"]}
[2026-06-05T20:16:16.481Z] [INFO] Consultando batch de EANs no Banco Unico {"batch_index":1,"batch_total":1,"eans_no_batch":4,"sample_eans":["7896014124237","7891268117578","7896075706762","7896181905288"]}
[2026-06-05T20:16:16.519Z] [INFO] Resultado do batch consultado no Banco Unico {"batch_index":1,"encontrados":2,"faltantes":2,"found_eans_sample":["7891268117578","7896181905288"]}
[2026-06-05T20:16:16.520Z] [INFO] Checagem de existencia no Banco Unico concluida {"total_consultados":4,"total_existentes":2,"total_ausentes":2,"existing_eans_sample":["7891268117578","7896181905288"]}
[2026-06-05T20:16:16.655Z] [INFO] Resumo da triagem antes do enriquecimento {"importacao_id":62,"staged_total":4,"validos_unicos":4,"invalidos":0,"duplicados_no_lote":0,"existentes_no_banco_unico":2,"elegiveis_enriquecimento":2,"sample_eans_elegiveis":["7896014124237","7896075706762"],"acumulado":{"invalidos":14,"duplicados_no_lote":0,"existentes_no_banco_unico":164,"elegiveis_processamento":352}}
[2026-06-05T20:16:16.690Z] [INFO] Iniciando enriquecimento externo {"importacao_id":62,"item_id":1037286,"ean":"7896075706762"}
[2026-06-05T20:16:16.693Z] [INFO] Iniciando enriquecimento externo {"importacao_id":62,"item_id":1037282,"ean":"7896014124237"}
[2026-06-05T20:16:17.915Z] [INFO] Enriquecimento concluido {"importacao_id":62,"item_id":1037282,"ean":"7896014124237","enriched":false,"requires_approval":true,"fontes_consultadas":{"convertize_busca":false,"convertize_busca_error":null,"convertize_detalhe":false,"farmaindex_busca":false,"farmaindex_busca_error":null,"farmaindex_detalhe":false,"drogasil_busca":false,"drogasil_busca_error":null,"drogasil_detalhe":false,"cache_hit":false,"encontrado":false}}
[2026-06-05T20:16:17.936Z] [INFO] Enriquecimento concluido {"importacao_id":62,"item_id":1037286,"ean":"7896075706762","enriched":false,"requires_approval":true,"fontes_consultadas":{"convertize_busca":false,"convertize_busca_error":null,"convertize_detalhe":false,"farmaindex_busca":false,"farmaindex_busca_error":null,"farmaindex_detalhe":false,"drogasil_busca":false,"drogasil_busca_error":null,"drogasil_detalhe":false,"cache_hit":false,"encontrado":false}}
[2026-06-05T20:16:18.040Z] [INFO] Consumidor retirou lote do staging de trier {"importacao_id":62,"staged_itens_lote":4,"staged_itens_restantes":53215,"sample_eans":["7896014124244","7896788001154","7891721023545","7891051038462"]}
[2026-06-05T20:16:18.041Z] [INFO] Iniciando checagem de existencia no Banco Unico {"total_eans_consulta":4,"batches":1,"batch_size":100,"sample_eans":["7896014124244","7896788001154","7891721023545","7891051038462"]}
[2026-06-05T20:16:18.041Z] [INFO] Consultando batch de EANs no Banco Unico {"batch_index":1,"batch_total":1,"eans_no_batch":4,"sample_eans":["7896014124244","7896788001154","7891721023545","7891051038462"]}
[2026-06-05T20:16:18.074Z] [INFO] Resultado do batch consultado no Banco Unico {"batch_index":1,"encontrados":1,"faltantes":3,"found_eans_sample":["7891721023545"]}
[2026-06-05T20:16:18.075Z] [INFO] Checagem de existencia no Banco Unico concluida {"total_consultados":4,"total_existentes":1,"total_ausentes":3,"existing_eans_sample":["7891721023545"]}
[2026-06-05T20:16:18.144Z] [INFO] Resumo da triagem antes do enriquecimento {"importacao_id":62,"staged_total":4,"validos_unicos":4,"invalidos":0,"duplicados_no_lote":0,"existentes_no_banco_unico":1,"elegiveis_enriquecimento":3,"sample_eans_elegiveis":["7896014124244","7896788001154","7891051038462"],"acumulado":{"invalidos":14,"duplicados_no_lote":0,"existentes_no_banco_unico":165,"elegiveis_processamento":355}}
[2026-06-05T20:16:18.176Z] [INFO] Iniciando enriquecimento externo {"importacao_id":62,"item_id":1037290,"ean":"7896788001154"}
[2026-06-05T20:16:18.179Z] [INFO] Iniciando enriquecimento externo {"importacao_id":62,"item_id":1037284,"ean":"7896014124244"}
[2026-06-05T20:16:18.207Z] [INFO] Iniciando enriquecimento externo {"importacao_id":62,"item_id":1037289,"ean":"7891051038462"}
[2026-06-05T20:16:19.304Z] [INFO] Enriquecimento concluido {"importacao_id":62,"item_id":1037284,"ean":"7896014124244","enriched":false,"requires_approval":true,"fontes_consultadas":{"convertize_busca":false,"convertize_busca_error":null,"convertize_detalhe":false,"farmaindex_busca":false,"farmaindex_busca_error":null,"farmaindex_detalhe":false,"drogasil_busca":false,"drogasil_busca_error":null,"drogasil_detalhe":false,"cache_hit":false,"encontrado":false}}
[2026-06-05T20:16:19.379Z] [INFO] Enriquecimento concluido {"importacao_id":62,"item_id":1037290,"ean":"7896788001154","enriched":false,"requires_approval":true,"fontes_consultadas":{"convertize_busca":false,"convertize_busca_error":null,"convertize_detalhe":false,"farmaindex_busca":false,"farmaindex_busca_error":null,"farmaindex_detalhe":false,"drogasil_busca":false,"drogasil_busca_error":null,"drogasil_detalhe":false,"cache_hit":false,"encontrado":false}}
[2026-06-05T20:16:19.439Z] [INFO] Enriquecimento concluido {"importacao_id":62,"item_id":1037289,"ean":"7891051038462","enriched":false,"requires_approval":true,"fontes_consultadas":{"convertize_busca":false,"convertize_busca_error":null,"convertize_detalhe":false,"farmaindex_busca":false,"farmaindex_busca_error":null,"farmaindex_detalhe":false,"drogasil_busca":false,"drogasil_busca_error":null,"drogasil_detalhe":false,"cache_hit":false,"encontrado":false}}
[2026-06-05T20:16:19.536Z] [INFO] Consumidor retirou lote do staging de trier {"importacao_id":62,"staged_itens_lote":4,"staged_itens_restantes":53211,"sample_eans":["7891268400700","7891350027587","7896317901122","7891350027594"]}
[2026-06-05T20:16:19.537Z] [INFO] Iniciando checagem de existencia no Banco Unico {"total_eans_consulta":4,"batches":1,"batch_size":100,"sample_eans":["7891268400700","7891350027587","7896317901122","7891350027594"]}
[2026-06-05T20:16:19.537Z] [INFO] Consultando batch de EANs no Banco Unico {"batch_index":1,"batch_total":1,"eans_no_batch":4,"sample_eans":["7891268400700","7891350027587","7896317901122","7891350027594"]}
[2026-06-05T20:16:19.572Z] [INFO] Resultado do batch consultado no Banco Unico {"batch_index":1,"encontrados":1,"faltantes":3,"found_eans_sample":["7896317901122"]}
[2026-06-05T20:16:19.573Z] [INFO] Checagem de existencia no Banco Unico concluida {"total_consultados":4,"total_existentes":1,"total_ausentes":3,"existing_eans_sample":["7896317901122"]}
[2026-06-05T20:16:19.638Z] [INFO] Resumo da triagem antes do enriquecimento {"importacao_id":62,"staged_total":4,"validos_unicos":4,"invalidos":0,"duplicados_no_lote":0,"existentes_no_banco_unico":1,"elegiveis_enriquecimento":3,"sample_eans_elegiveis":["7891268400700","7891350027587","7891350027594"],"acumulado":{"invalidos":14,"duplicados_no_lote":0,"existentes_no_banco_unico":166,"elegiveis_processamento":358}}
[2026-06-05T20:16:19.671Z] [INFO] Iniciando enriquecimento externo {"importacao_id":62,"item_id":1037292,"ean":"7891350027587"}
[2026-06-05T20:16:19.674Z] [INFO] Iniciando enriquecimento externo {"importacao_id":62,"item_id":1037288,"ean":"7891268400700"}
[2026-06-05T20:16:19.676Z] [INFO] Iniciando enriquecimento externo {"importacao_id":62,"item_id":1037294,"ean":"7891350027594"}
[2026-06-05T20:16:20.876Z] [INFO] Enriquecimento concluido {"importacao_id":62,"item_id":1037288,"ean":"7891268400700","enriched":false,"requires_approval":true,"fontes_consultadas":{"convertize_busca":false,"convertize_busca_error":null,"convertize_detalhe":false,"farmaindex_busca":false,"farmaindex_busca_error":null,"farmaindex_detalhe":false,"drogasil_busca":false,"drogasil_busca_error":null,"drogasil_detalhe":false,"cache_hit":false,"encontrado":false}}
[2026-06-05T20:16:20.953Z] [INFO] Enriquecimento concluido {"importacao_id":62,"item_id":1037294,"ean":"7891350027594","enriched":false,"requires_approval":true,"fontes_consultadas":{"convertize_busca":false,"convertize_busca_error":null,"convertize_detalhe":false,"farmaindex_busca":false,"farmaindex_busca_error":null,"farmaindex_detalhe":false,"drogasil_busca":false,"drogasil_busca_error":null,"drogasil_detalhe":false,"cache_hit":false,"encontrado":false}}
[2026-06-05T20:16:21.111Z] [INFO] Enriquecimento concluido {"importacao_id":62,"item_id":1037292,"ean":"7891350027587","enriched":false,"requires_approval":true,"fontes_consultadas":{"convertize_busca":false,"convertize_busca_error":null,"convertize_detalhe":false,"farmaindex_busca":false,"farmaindex_busca_error":null,"farmaindex_detalhe":false,"drogasil_busca":false,"drogasil_busca_error":null,"drogasil_detalhe":false,"cache_hit":false,"encontrado":false}}
[2026-06-05T20:16:21.212Z] [INFO] Consumidor retirou lote do staging de trier {"importacao_id":62,"staged_itens_lote":4,"staged_itens_restantes":53207,"sample_eans":["7891350027600","7891350027617","7891350027624","7891350027631"]}
[2026-06-05T20:16:21.213Z] [INFO] Iniciando checagem de existencia no Banco Unico {"total_eans_consulta":4,"batches":1,"batch_size":100,"sample_eans":["7891350027600","7891350027617","7891350027624","7891350027631"]}
[2026-06-05T20:16:21.213Z] [INFO] Consultando batch de EANs no Banco Unico {"batch_index":1,"batch_total":1,"eans_no_batch":4,"sample_eans":["7891350027600","7891350027617","7891350027624","7891350027631"]}
[2026-06-05T20:16:21.247Z] [INFO] Resultado do batch consultado no Banco Unico {"batch_index":1,"encontrados":0,"faltantes":4,"found_eans_sample":[]}
[2026-06-05T20:16:21.247Z] [INFO] Checagem de existencia no Banco Unico concluida {"total_consultados":4,"total_existentes":0,"total_ausentes":4,"existing_eans_sample":[]}
[2026-06-05T20:16:21.248Z] [INFO] Resumo da triagem antes do enriquecimento {"importacao_id":62,"staged_total":4,"validos_unicos":4,"invalidos":0,"duplicados_no_lote":0,"existentes_no_banco_unico":0,"elegiveis_enriquecimento":4,"sample_eans_elegiveis":["7891350027600","7891350027617","7891350027624","7891350027631"],"acumulado":{"invalidos":14,"duplicados_no_lote":0,"existentes_no_banco_unico":166,"elegiveis_processamento":362}}
[2026-06-05T20:16:21.285Z] [INFO] Iniciando enriquecimento externo {"importacao_id":62,"item_id":1037299,"ean":"7891350027624"}
[2026-06-05T20:16:21.292Z] [INFO] Iniciando enriquecimento externo {"importacao_id":62,"item_id":1037297,"ean":"7891350027617"}
[2026-06-05T20:16:21.294Z] [INFO] Iniciando enriquecimento externo {"importacao_id":62,"item_id":1037293,"ean":"7891350027600"}
[2026-06-05T20:16:21.315Z] [INFO] Iniciando enriquecimento externo {"importacao_id":62,"item_id":1037295,"ean":"7891350027631"}
[2026-06-05T20:16:23.813Z] [INFO] Enriquecimento concluido {"importacao_id":62,"item_id":1037293,"ean":"7891350027600","enriched":false,"requires_approval":true,"fontes_consultadas":{"convertize_busca":false,"convertize_busca_error":null,"convertize_detalhe":false,"farmaindex_busca":false,"farmaindex_busca_error":null,"farmaindex_detalhe":false,"drogasil_busca":false,"drogasil_busca_error":null,"drogasil_detalhe":false,"cache_hit":false,"encontrado":false}}
[2026-06-05T20:16:23.816Z] [INFO] Enriquecimento concluido {"importacao_id":62,"item_id":1037299,"ean":"7891350027624","enriched":false,"requires_approval":true,"fontes_consultadas":{"convertize_busca":false,"convertize_busca_error":null,"convertize_detalhe":false,"farmaindex_busca":false,"farmaindex_busca_error":null,"farmaindex_detalhe":false,"drogasil_busca":false,"drogasil_busca_error":null,"drogasil_detalhe":false,"cache_hit":false,"encontrado":false}}
[2026-06-05T20:16:23.892Z] [INFO] Enriquecimento concluido {"importacao_id":62,"item_id":1037297,"ean":"7891350027617","enriched":false,"requires_approval":true,"fontes_consultadas":{"convertize_busca":false,"convertize_busca_error":null,"convertize_detalhe":false,"farmaindex_busca":false,"farmaindex_busca_error":null,"farmaindex_detalhe":false,"drogasil_busca":false,"drogasil_busca_error":null,"drogasil_detalhe":false,"cache_hit":false,"encontrado":false}}
[2026-06-05T20:16:23.896Z] [INFO] Enriquecimento concluido {"importacao_id":62,"item_id":1037295,"ean":"7891350027631","enriched":false,"requires_approval":true,"fontes_consultadas":{"convertize_busca":false,"convertize_busca_error":null,"convertize_detalhe":false,"farmaindex_busca":false,"farmaindex_busca_error":null,"farmaindex_detalhe":false,"drogasil_busca":false,"drogasil_busca_error":null,"drogasil_detalhe":false,"cache_hit":false,"encontrado":false}}
[2026-06-05T20:16:24.326Z] [INFO] Consumidor retirou lote do staging de trier {"importacao_id":62,"staged_itens_lote":4,"staged_itens_restantes":53203,"sample_eans":["7891350027570","7891200003594","7896014124251","7896016114472"]}
[2026-06-05T20:16:24.369Z] [INFO] Iniciando checagem de existencia no Banco Unico {"total_eans_consulta":4,"batches":1,"batch_size":100,"sample_eans":["7891350027570","7891200003594","7896014124251","7896016114472"]}
[2026-06-05T20:16:24.370Z] [INFO] Consultando batch de EANs no Banco Unico {"batch_index":1,"batch_total":1,"eans_no_batch":4,"sample_eans":["7891350027570","7891200003594","7896014124251","7896016114472"]}
[2026-06-05T20:16:24.407Z] [INFO] Resultado do batch consultado no Banco Unico {"batch_index":1,"encontrados":0,"faltantes":4,"found_eans_sample":[]}
[2026-06-05T20:16:24.408Z] [INFO] Checagem de existencia no Banco Unico concluida {"total_consultados":4,"total_existentes":0,"total_ausentes":4,"existing_eans_sample":[]}
[2026-06-05T20:16:24.408Z] [INFO] Resumo da triagem antes do enriquecimento {"importacao_id":62,"staged_total":4,"validos_unicos":4,"invalidos":0,"duplicados_no_lote":0,"existentes_no_banco_unico":0,"elegiveis_enriquecimento":4,"sample_eans_elegiveis":["7891350027570","7891200003594","7896014124251","7896016114472"],"acumulado":{"invalidos":14,"duplicados_no_lote":0,"existentes_no_banco_unico":166,"elegiveis_processamento":366}}
[2026-06-05T20:16:24.455Z] [INFO] Iniciando enriquecimento externo {"importacao_id":62,"item_id":1037304,"ean":"7896016114472"}
[2026-06-05T20:16:24.457Z] [INFO] Iniciando enriquecimento externo {"importacao_id":62,"item_id":1037301,"ean":"7896014124251"}
[2026-06-05T20:16:24.466Z] [INFO] Iniciando enriquecimento externo {"importacao_id":62,"item_id":1037298,"ean":"7891350027570"}
[2026-06-05T20:16:24.477Z] [INFO] Iniciando enriquecimento externo {"importacao_id":62,"item_id":1037296,"ean":"7891200003594"}
[2026-06-05T20:16:25.546Z] [INFO] Enriquecimento concluido {"importacao_id":62,"item_id":1037301,"ean":"7896014124251","enriched":false,"requires_approval":true,"fontes_consultadas":{"convertize_busca":false,"convertize_busca_error":null,"convertize_detalhe":false,"farmaindex_busca":false,"farmaindex_busca_error":null,"farmaindex_detalhe":false,"drogasil_busca":false,"drogasil_busca_error":null,"drogasil_detalhe":false,"cache_hit":false,"encontrado":false}}
[2026-06-05T20:16:25.581Z] [INFO] Enriquecimento concluido {"importacao_id":62,"item_id":1037296,"ean":"7891200003594","enriched":false,"requires_approval":true,"fontes_consultadas":{"convertize_busca":false,"convertize_busca_error":null,"convertize_detalhe":false,"farmaindex_busca":false,"farmaindex_busca_error":null,"farmaindex_detalhe":false,"drogasil_busca":false,"drogasil_busca_error":null,"drogasil_detalhe":false,"cache_hit":false,"encontrado":false}}
[2026-06-05T20:16:25.593Z] [INFO] Enriquecimento concluido {"importacao_id":62,"item_id":1037298,"ean":"7891350027570","enriched":false,"requires_approval":true,"fontes_consultadas":{"convertize_busca":false,"convertize_busca_error":null,"convertize_detalhe":false,"farmaindex_busca":false,"farmaindex_busca_error":null,"farmaindex_detalhe":false,"drogasil_busca":false,"drogasil_busca_error":null,"drogasil_detalhe":false,"cache_hit":false,"encontrado":false}}
[2026-06-05T20:16:25.662Z] [INFO] Enriquecimento concluido {"importacao_id":62,"item_id":1037304,"ean":"7896016114472","enriched":false,"requires_approval":true,"fontes_consultadas":{"convertize_busca":false,"convertize_busca_error":null,"convertize_detalhe":false,"farmaindex_busca":false,"farmaindex_busca_error":null,"farmaindex_detalhe":false,"drogasil_busca":false,"drogasil_busca_error":null,"drogasil_detalhe":false,"cache_hit":false,"encontrado":false}}
[2026-06-05T20:16:25.737Z] [INFO] Consumidor retirou lote do staging de trier {"importacao_id":62,"staged_itens_lote":4,"staged_itens_restantes":53199,"sample_eans":["7896004709277","7890282800671","7896004710839","7896004707945"]}
[2026-06-05T20:16:25.738Z] [INFO] Iniciando checagem de existencia no Banco Unico {"total_eans_consulta":4,"batches":1,"batch_size":100,"sample_eans":["7896004709277","7890282800671","7896004710839","7896004707945"]}
[2026-06-05T20:16:25.739Z] [INFO] Consultando batch de EANs no Banco Unico {"batch_index":1,"batch_total":1,"eans_no_batch":4,"sample_eans":["7896004709277","7890282800671","7896004710839","7896004707945"]}
[2026-06-05T20:16:25.775Z] [INFO] Resultado do batch consultado no Banco Unico {"batch_index":1,"encontrados":2,"faltantes":2,"found_eans_sample":["7896004709277","7896004707945"]}
[2026-06-05T20:16:25.776Z] [INFO] Checagem de existencia no Banco Unico concluida {"total_consultados":4,"total_existentes":2,"total_ausentes":2,"existing_eans_sample":["7896004709277","7896004707945"]}
[2026-06-05T20:16:25.899Z] [INFO] Resumo da triagem antes do enriquecimento {"importacao_id":62,"staged_total":4,"validos_unicos":4,"invalidos":0,"duplicados_no_lote":0,"existentes_no_banco_unico":2,"elegiveis_enriquecimento":2,"sample_eans_elegiveis":["7890282800671","7896004710839"],"acumulado":{"invalidos":14,"duplicados_no_lote":0,"existentes_no_banco_unico":168,"elegiveis_processamento":368}}
[2026-06-05T20:16:25.924Z] [INFO] Iniciando enriquecimento externo {"importacao_id":62,"item_id":1037305,"ean":"7890282800671"}
[2026-06-05T20:16:25.930Z] [INFO] Iniciando enriquecimento externo {"importacao_id":62,"item_id":1037300,"ean":"7896004710839"}
[2026-06-05T20:16:27.169Z] [INFO] Enriquecimento concluido {"importacao_id":62,"item_id":1037305,"ean":"7890282800671","enriched":false,"requires_approval":true,"fontes_consultadas":{"convertize_busca":false,"convertize_busca_error":null,"convertize_detalhe":false,"farmaindex_busca":false,"farmaindex_busca_error":null,"farmaindex_detalhe":false,"drogasil_busca":false,"drogasil_busca_error":null,"drogasil_detalhe":false,"cache_hit":false,"encontrado":false}}
[2026-06-05T20:16:27.618Z] [INFO] Enriquecimento concluido {"importacao_id":62,"item_id":1037300,"ean":"7896004710839","enriched":false,"requires_approval":true,"fontes_consultadas":{"convertize_busca":false,"convertize_busca_error":null,"convertize_detalhe":false,"farmaindex_busca":false,"farmaindex_busca_error":null,"farmaindex_detalhe":false,"drogasil_busca":false,"drogasil_busca_error":null,"drogasil_detalhe":false,"cache_hit":false,"encontrado":false}}
[2026-06-05T20:16:27.717Z] [INFO] Consumidor retirou lote do staging de trier {"importacao_id":62,"staged_itens_lote":4,"staged_itens_restantes":53195,"sample_eans":["7896004710518","7898009434307","7896014124268","7896004712215"]}
[2026-06-05T20:16:27.718Z] [INFO] Iniciando checagem de existencia no Banco Unico {"total_eans_consulta":4,"batches":1,"batch_size":100,"sample_eans":["7896004710518","7898009434307","7896014124268","7896004712215"]}
[2026-06-05T20:16:27.718Z] [INFO] Consultando batch de EANs no Banco Unico {"batch_index":1,"batch_total":1,"eans_no_batch":4,"sample_eans":["7896004710518","7898009434307","7896014124268","7896004712215"]}
[2026-06-05T20:16:27.757Z] [INFO] Resultado do batch consultado no Banco Unico {"batch_index":1,"encontrados":2,"faltantes":2,"found_eans_sample":["7896004710518","7896004712215"]}
[2026-06-05T20:16:27.758Z] [INFO] Checagem de existencia no Banco Unico concluida {"total_consultados":4,"total_existentes":2,"total_ausentes":2,"existing_eans_sample":["7896004710518","7896004712215"]}
[2026-06-05T20:16:27.924Z] [INFO] Resumo da triagem antes do enriquecimento {"importacao_id":62,"staged_total":4,"validos_unicos":4,"invalidos":0,"duplicados_no_lote":0,"existentes_no_banco_unico":2,"elegiveis_enriquecimento":2,"sample_eans_elegiveis":["7898009434307","7896014124268"],"acumulado":{"invalidos":14,"duplicados_no_lote":0,"existentes_no_banco_unico":170,"elegiveis_processamento":370}}
[2026-06-05T20:16:27.950Z] [INFO] Iniciando enriquecimento externo {"importacao_id":62,"item_id":1037314,"ean":"7898009434307"}
[2026-06-05T20:16:27.958Z] [INFO] Iniciando enriquecimento externo {"importacao_id":62,"item_id":1037308,"ean":"7896014124268"}
[2026-06-05T20:16:28.944Z] [INFO] Enriquecimento concluido {"importacao_id":62,"item_id":1037314,"ean":"7898009434307","enriched":false,"requires_approval":true,"fontes_consultadas":{"convertize_busca":false,"convertize_busca_error":null,"convertize_detalhe":false,"farmaindex_busca":false,"farmaindex_busca_error":null,"farmaindex_detalhe":false,"drogasil_busca":false,"drogasil_busca_error":null,"drogasil_detalhe":false,"cache_hit":false,"encontrado":false}}
[2026-06-05T20:16:29.222Z] [INFO] Enriquecimento concluido {"importacao_id":62,"item_id":1037308,"ean":"7896014124268","enriched":false,"requires_approval":true,"fontes_consultadas":{"convertize_busca":false,"convertize_busca_error":null,"convertize_detalhe":false,"farmaindex_busca":false,"farmaindex_busca_error":null,"farmaindex_detalhe":false,"drogasil_busca":false,"drogasil_busca_error":null,"drogasil_detalhe":false,"cache_hit":false,"encontrado":false}}
[2026-06-05T20:16:29.329Z] [INFO] Consumidor retirou lote do staging de trier {"importacao_id":62,"staged_itens_lote":4,"staged_itens_restantes":53191,"sample_eans":["7896004712017","7896004712437","7896004712413","7896004700649"]}
[2026-06-05T20:16:29.329Z] [INFO] Iniciando checagem de existencia no Banco Unico {"total_eans_consulta":4,"batches":1,"batch_size":100,"sample_eans":["7896004712017","7896004712437","7896004712413","7896004700649"]}
[2026-06-05T20:16:29.330Z] [INFO] Consultando batch de EANs no Banco Unico {"batch_index":1,"batch_total":1,"eans_no_batch":4,"sample_eans":["7896004712017","7896004712437","7896004712413","7896004700649"]}
[2026-06-05T20:16:29.371Z] [INFO] Resultado do batch consultado no Banco Unico {"batch_index":1,"encontrados":3,"faltantes":1,"found_eans_sample":["7896004712017","7896004712437","7896004712413"]}
[2026-06-05T20:16:29.372Z] [INFO] Checagem de existencia no Banco Unico concluida {"total_consultados":4,"total_existentes":3,"total_ausentes":1,"existing_eans_sample":["7896004712017","7896004712437","7896004712413"]}
[2026-06-05T20:16:29.571Z] [INFO] Resumo da triagem antes do enriquecimento {"importacao_id":62,"staged_total":4,"validos_unicos":4,"invalidos":0,"duplicados_no_lote":0,"existentes_no_banco_unico":3,"elegiveis_enriquecimento":1,"sample_eans_elegiveis":["7896004700649"],"acumulado":{"invalidos":14,"duplicados_no_lote":0,"existentes_no_banco_unico":173,"elegiveis_processamento":371}}
[2026-06-05T20:16:29.605Z] [INFO] Iniciando enriquecimento externo {"importacao_id":62,"item_id":1037309,"ean":"7896004700649"}
[2026-06-05T20:16:30.748Z] [INFO] Enriquecimento concluido {"importacao_id":62,"item_id":1037309,"ean":"7896004700649","enriched":false,"requires_approval":true,"fontes_consultadas":{"convertize_busca":false,"convertize_busca_error":null,"convertize_detalhe":false,"farmaindex_busca":false,"farmaindex_busca_error":null,"farmaindex_detalhe":false,"drogasil_busca":false,"drogasil_busca_error":null,"drogasil_detalhe":false,"cache_hit":false,"encontrado":false}}
[2026-06-05T20:16:30.854Z] [INFO] Consumidor retirou lote do staging de trier {"importacao_id":62,"staged_itens_lote":4,"staged_itens_restantes":53187,"sample_eans":["7896317901825","7896004700632","7896004700410","7896014124275"]}
[2026-06-05T20:16:30.854Z] [INFO] Iniciando checagem de existencia no Banco Unico {"total_eans_consulta":4,"batches":1,"batch_size":100,"sample_eans":["7896317901825","7896004700632","7896004700410","7896014124275"]}
[2026-06-05T20:16:30.855Z] [INFO] Consultando batch de EANs no Banco Unico {"batch_index":1,"batch_total":1,"eans_no_batch":4,"sample_eans":["7896317901825","7896004700632","7896004700410","7896014124275"]}
[2026-06-05T20:16:30.891Z] [INFO] Resultado do batch consultado no Banco Unico {"batch_index":1,"encontrados":3,"faltantes":1,"found_eans_sample":["7896317901825","7896004700632","7896004700410"]}
[2026-06-05T20:16:30.892Z] [INFO] Checagem de existencia no Banco Unico concluida {"total_consultados":4,"total_existentes":3,"total_ausentes":1,"existing_eans_sample":["7896317901825","7896004700632","7896004700410"]}
[2026-06-05T20:16:31.101Z] [INFO] Resumo da triagem antes do enriquecimento {"importacao_id":62,"staged_total":4,"validos_unicos":4,"invalidos":0,"duplicados_no_lote":0,"existentes_no_banco_unico":3,"elegiveis_enriquecimento":1,"sample_eans_elegiveis":["7896014124275"],"acumulado":{"invalidos":14,"duplicados_no_lote":0,"existentes_no_banco_unico":176,"elegiveis_processamento":372}}
[2026-06-05T20:16:31.149Z] [INFO] Iniciando enriquecimento externo {"importacao_id":62,"item_id":1037313,"ean":"7896014124275"}
[2026-06-05T20:16:33.382Z] [INFO] Enriquecimento concluido {"importacao_id":62,"item_id":1037313,"ean":"7896014124275","enriched":false,"requires_approval":true,"fontes_consultadas":{"convertize_busca":false,"convertize_busca_error":null,"convertize_detalhe":false,"farmaindex_busca":false,"farmaindex_busca_error":null,"farmaindex_detalhe":false,"drogasil_busca":false,"drogasil_busca_error":null,"drogasil_detalhe":false,"cache_hit":false,"encontrado":false}}
[2026-06-05T20:16:33.484Z] [INFO] Consumidor retirou lote do staging de trier {"importacao_id":62,"staged_itens_lote":4,"staged_itens_restantes":53183,"sample_eans":["7896004700403","7896422509428","7899026412576","7896014170975"]}
[2026-06-05T20:16:33.484Z] [INFO] Iniciando checagem de existencia no Banco Unico {"total_eans_consulta":4,"batches":1,"batch_size":100,"sample_eans":["7896004700403","7896422509428","7899026412576","7896014170975"]}
[2026-06-05T20:16:33.485Z] [INFO] Consultando batch de EANs no Banco Unico {"batch_index":1,"batch_total":1,"eans_no_batch":4,"sample_eans":["7896004700403","7896422509428","7899026412576","7896014170975"]}
[2026-06-05T20:16:33.522Z] [INFO] Resultado do batch consultado no Banco Unico {"batch_index":1,"encontrados":1,"faltantes":3,"found_eans_sample":["7896004700403"]}
[2026-06-05T20:16:33.523Z] [INFO] Checagem de existencia no Banco Unico concluida {"total_consultados":4,"total_existentes":1,"total_ausentes":3,"existing_eans_sample":["7896004700403"]}
[2026-06-05T20:16:33.588Z] [INFO] Resumo da triagem antes do enriquecimento {"importacao_id":62,"staged_total":4,"validos_unicos":4,"invalidos":0,"duplicados_no_lote":0,"existentes_no_banco_unico":1,"elegiveis_enriquecimento":3,"sample_eans_elegiveis":["7896422509428","7899026412576","7896014170975"],"acumulado":{"invalidos":14,"duplicados_no_lote":0,"existentes_no_banco_unico":177,"elegiveis_processamento":375}}
[2026-06-05T20:16:33.613Z] [INFO] Iniciando enriquecimento externo {"importacao_id":62,"item_id":1037319,"ean":"7899026412576"}
[2026-06-05T20:16:33.619Z] [INFO] Iniciando enriquecimento externo {"importacao_id":62,"item_id":1037321,"ean":"7896014170975"}
[2026-06-05T20:16:33.624Z] [INFO] Iniciando enriquecimento externo {"importacao_id":62,"item_id":1037316,"ean":"7896422509428"}
[2026-06-05T20:16:34.803Z] [INFO] Enriquecimento concluido {"importacao_id":62,"item_id":1037316,"ean":"7896422509428","enriched":false,"requires_approval":true,"fontes_consultadas":{"convertize_busca":false,"convertize_busca_error":null,"convertize_detalhe":false,"farmaindex_busca":false,"farmaindex_busca_error":null,"farmaindex_detalhe":false,"drogasil_busca":false,"drogasil_busca_error":null,"drogasil_detalhe":false,"cache_hit":false,"encontrado":false}}
[2026-06-05T20:16:34.863Z] [INFO] Enriquecimento concluido {"importacao_id":62,"item_id":1037321,"ean":"7896014170975","enriched":false,"requires_approval":true,"fontes_consultadas":{"convertize_busca":false,"convertize_busca_error":null,"convertize_detalhe":false,"farmaindex_busca":false,"farmaindex_busca_error":null,"farmaindex_detalhe":false,"drogasil_busca":false,"drogasil_busca_error":null,"drogasil_detalhe":false,"cache_hit":false,"encontrado":false}}
[2026-06-05T20:16:36.749Z] [INFO] Enriquecimento concluido {"importacao_id":62,"item_id":1037319,"ean":"7899026412576","enriched":false,"requires_approval":true,"fontes_consultadas":{"convertize_busca":false,"convertize_busca_error":null,"convertize_detalhe":false,"farmaindex_busca":false,"farmaindex_busca_error":null,"farmaindex_detalhe":false,"drogasil_busca":false,"drogasil_busca_error":null,"drogasil_detalhe":false,"cache_hit":false,"encontrado":false}}
[2026-06-05T20:16:36.843Z] [INFO] Consumidor retirou lote do staging de trier {"importacao_id":62,"staged_itens_lote":4,"staged_itens_restantes":53179,"sample_eans":["7896014170982","7896014170999","7896014171002","7897322701783"]}
[2026-06-05T20:16:36.844Z] [INFO] Iniciando checagem de existencia no Banco Unico {"total_eans_consulta":4,"batches":1,"batch_size":100,"sample_eans":["7896014170982","7896014170999","7896014171002","7897322701783"]}
[2026-06-05T20:16:36.844Z] [INFO] Consultando batch de EANs no Banco Unico {"batch_index":1,"batch_total":1,"eans_no_batch":4,"sample_eans":["7896014170982","7896014170999","7896014171002","7897322701783"]}
[2026-06-05T20:16:36.882Z] [INFO] Resultado do batch consultado no Banco Unico {"batch_index":1,"encontrados":1,"faltantes":3,"found_eans_sample":["7897322701783"]}
[2026-06-05T20:16:36.882Z] [INFO] Checagem de existencia no Banco Unico concluida {"total_consultados":4,"total_existentes":1,"total_ausentes":3,"existing_eans_sample":["7897322701783"]}
[2026-06-05T20:16:36.971Z] [INFO] Resumo da triagem antes do enriquecimento {"importacao_id":62,"staged_total":4,"validos_unicos":4,"invalidos":0,"duplicados_no_lote":0,"existentes_no_banco_unico":1,"elegiveis_enriquecimento":3,"sample_eans_elegiveis":["7896014170982","7896014170999","7896014171002"],"acumulado":{"invalidos":14,"duplicados_no_lote":0,"existentes_no_banco_unico":178,"elegiveis_processamento":378}}
[2026-06-05T20:16:36.997Z] [INFO] Iniciando enriquecimento externo {"importacao_id":62,"item_id":1037326,"ean":"7896014171002"}
[2026-06-05T20:16:37.003Z] [INFO] Iniciando enriquecimento externo {"importacao_id":62,"item_id":1037322,"ean":"7896014170982"}
[2026-06-05T20:16:37.008Z] [INFO] Iniciando enriquecimento externo {"importacao_id":62,"item_id":1037323,"ean":"7896014170999"}
[2026-06-05T20:16:37.842Z] [INFO] Enriquecimento concluido {"importacao_id":62,"item_id":1037326,"ean":"7896014171002","enriched":false,"requires_approval":true,"fontes_consultadas":{"convertize_busca":false,"convertize_busca_error":null,"convertize_detalhe":false,"farmaindex_busca":false,"farmaindex_busca_error":null,"farmaindex_detalhe":false,"drogasil_busca":false,"drogasil_busca_error":null,"drogasil_detalhe":false,"cache_hit":false,"encontrado":false}}
[2026-06-05T20:16:37.934Z] [INFO] Enriquecimento concluido {"importacao_id":62,"item_id":1037323,"ean":"7896014170999","enriched":false,"requires_approval":true,"fontes_consultadas":{"convertize_busca":false,"convertize_busca_error":null,"convertize_detalhe":false,"farmaindex_busca":false,"farmaindex_busca_error":null,"farmaindex_detalhe":false,"drogasil_busca":false,"drogasil_busca_error":null,"drogasil_detalhe":false,"cache_hit":false,"encontrado":false}}
[2026-06-05T20:16:38.406Z] [INFO] Enriquecimento concluido {"importacao_id":62,"item_id":1037322,"ean":"7896014170982","enriched":false,"requires_approval":true,"fontes_consultadas":{"convertize_busca":false,"convertize_busca_error":null,"convertize_detalhe":false,"farmaindex_busca":false,"farmaindex_busca_error":null,"farmaindex_detalhe":false,"drogasil_busca":false,"drogasil_busca_error":null,"drogasil_detalhe":false,"cache_hit":false,"encontrado":false}}
[2026-06-05T20:16:38.506Z] [INFO] Consumidor retirou lote do staging de trier {"importacao_id":62,"staged_itens_lote":4,"staged_itens_restantes":53175,"sample_eans":["7896317900774","7896014124282","7896253900142"]}
[2026-06-05T20:16:38.507Z] [INFO] Iniciando checagem de existencia no Banco Unico {"total_eans_consulta":3,"batches":1,"batch_size":100,"sample_eans":["7896317900774","7896014124282","7896253900142"]}
[2026-06-05T20:16:38.508Z] [INFO] Consultando batch de EANs no Banco Unico {"batch_index":1,"batch_total":1,"eans_no_batch":3,"sample_eans":["7896317900774","7896014124282","7896253900142"]}
[2026-06-05T20:16:38.541Z] [INFO] Resultado do batch consultado no Banco Unico {"batch_index":1,"encontrados":1,"faltantes":2,"found_eans_sample":["7896317900774"]}
[2026-06-05T20:16:38.541Z] [INFO] Checagem de existencia no Banco Unico concluida {"total_consultados":3,"total_existentes":1,"total_ausentes":2,"existing_eans_sample":["7896317900774"]}
[2026-06-05T20:16:38.606Z] [INFO] Resumo da triagem antes do enriquecimento {"importacao_id":62,"staged_total":4,"validos_unicos":3,"invalidos":1,"duplicados_no_lote":0,"existentes_no_banco_unico":1,"elegiveis_enriquecimento":3,"sample_eans_elegiveis":["7896014124282","7896253900142"],"acumulado":{"invalidos":15,"duplicados_no_lote":0,"existentes_no_banco_unico":179,"elegiveis_processamento":381}}
[2026-06-05T20:16:38.644Z] [INFO] Iniciando enriquecimento externo {"importacao_id":62,"item_id":1037330,"ean":"7896253900142"}
[2026-06-05T20:16:38.651Z] [INFO] Iniciando enriquecimento externo {"importacao_id":62,"item_id":1037327,"ean":"7896014124282"}
[2026-06-05T20:16:39.618Z] [INFO] Enriquecimento concluido {"importacao_id":62,"item_id":1037327,"ean":"7896014124282","enriched":false,"requires_approval":true,"fontes_consultadas":{"convertize_busca":false,"convertize_busca_error":null,"convertize_detalhe":false,"farmaindex_busca":false,"farmaindex_busca_error":null,"farmaindex_detalhe":false,"drogasil_busca":false,"drogasil_busca_error":null,"drogasil_detalhe":false,"cache_hit":false,"encontrado":false}}
[2026-06-05T20:16:40.761Z] [INFO] Enriquecimento concluido {"importacao_id":62,"item_id":1037330,"ean":"7896253900142","enriched":false,"requires_approval":true,"fontes_consultadas":{"convertize_busca":false,"convertize_busca_error":null,"convertize_detalhe":false,"farmaindex_busca":false,"farmaindex_busca_error":null,"farmaindex_detalhe":false,"drogasil_busca":false,"drogasil_busca_error":null,"drogasil_detalhe":false,"cache_hit":false,"encontrado":false}}
[2026-06-05T20:16:40.843Z] [INFO] Consumidor retirou lote do staging de trier {"importacao_id":62,"staged_itens_lote":4,"staged_itens_restantes":53171,"sample_eans":["7896253900159","7891024134856","7891528030241"]}
[2026-06-05T20:16:40.844Z] [INFO] Iniciando checagem de existencia no Banco Unico {"total_eans_consulta":3,"batches":1,"batch_size":100,"sample_eans":["7896253900159","7891024134856","7891528030241"]}
[2026-06-05T20:16:40.845Z] [INFO] Consultando batch de EANs no Banco Unico {"batch_index":1,"batch_total":1,"eans_no_batch":3,"sample_eans":["7896253900159","7891024134856","7891528030241"]}
[2026-06-05T20:16:40.883Z] [INFO] Resultado do batch consultado no Banco Unico {"batch_index":1,"encontrados":0,"faltantes":3,"found_eans_sample":[]}
[2026-06-05T20:16:40.884Z] [INFO] Checagem de existencia no Banco Unico concluida {"total_consultados":3,"total_existentes":0,"total_ausentes":3,"existing_eans_sample":[]}
[2026-06-05T20:16:40.885Z] [INFO] Resumo da triagem antes do enriquecimento {"importacao_id":62,"staged_total":4,"validos_unicos":3,"invalidos":1,"duplicados_no_lote":0,"existentes_no_banco_unico":0,"elegiveis_enriquecimento":4,"sample_eans_elegiveis":["7896253900159","7891024134856","7891528030241"],"acumulado":{"invalidos":16,"duplicados_no_lote":0,"existentes_no_banco_unico":179,"elegiveis_processamento":385}}
[2026-06-05T20:16:40.931Z] [INFO] Iniciando enriquecimento externo {"importacao_id":62,"item_id":1037333,"ean":"7891528030241"}
[2026-06-05T20:16:40.946Z] [INFO] Iniciando enriquecimento externo {"importacao_id":62,"item_id":1037332,"ean":"7891024134856"}
[2026-06-05T20:16:40.949Z] [INFO] Iniciando enriquecimento externo {"importacao_id":62,"item_id":1037329,"ean":"7896253900159"}
[2026-06-05T20:16:42.004Z] [INFO] Enriquecimento concluido {"importacao_id":62,"item_id":1037333,"ean":"7891528030241","enriched":false,"requires_approval":true,"fontes_consultadas":{"convertize_busca":false,"convertize_busca_error":null,"convertize_detalhe":false,"farmaindex_busca":false,"farmaindex_busca_error":null,"farmaindex_detalhe":false,"drogasil_busca":false,"drogasil_busca_error":null,"drogasil_detalhe":false,"cache_hit":false,"encontrado":false}}
[2026-06-05T20:16:42.119Z] [INFO] Enriquecimento concluido {"importacao_id":62,"item_id":1037332,"ean":"7891024134856","enriched":false,"requires_approval":true,"fontes_consultadas":{"convertize_busca":false,"convertize_busca_error":null,"convertize_detalhe":false,"farmaindex_busca":false,"farmaindex_busca_error":null,"farmaindex_detalhe":false,"drogasil_busca":false,"drogasil_busca_error":null,"drogasil_detalhe":false,"cache_hit":false,"encontrado":false}}
[2026-06-05T20:16:42.185Z] [INFO] Enriquecimento concluido {"importacao_id":62,"item_id":1037329,"ean":"7896253900159","enriched":false,"requires_approval":true,"fontes_consultadas":{"convertize_busca":false,"convertize_busca_error":null,"convertize_detalhe":false,"farmaindex_busca":false,"farmaindex_busca_error":null,"farmaindex_detalhe":false,"drogasil_busca":false,"drogasil_busca_error":null,"drogasil_detalhe":false,"cache_hit":false,"encontrado":false}}
[2026-06-05T20:16:42.290Z] [INFO] Consumidor retirou lote do staging de trier {"importacao_id":62,"staged_itens_lote":4,"staged_itens_restantes":53167,"sample_eans":["7891317430436","7898085942994","7896026155168","7896317901801"]}
[2026-06-05T20:16:42.290Z] [INFO] Iniciando checagem de existencia no Banco Unico {"total_eans_consulta":4,"batches":1,"batch_size":100,"sample_eans":["7891317430436","7898085942994","7896026155168","7896317901801"]}
[2026-06-05T20:16:42.291Z] [INFO] Consultando batch de EANs no Banco Unico {"batch_index":1,"batch_total":1,"eans_no_batch":4,"sample_eans":["7891317430436","7898085942994","7896026155168","7896317901801"]}
[2026-06-05T20:16:42.327Z] [INFO] Resultado do batch consultado no Banco Unico {"batch_index":1,"encontrados":3,"faltantes":1,"found_eans_sample":["7891317430436","7896026155168","7896317901801"]}
[2026-06-05T20:16:42.328Z] [INFO] Checagem de existencia no Banco Unico concluida {"total_consultados":4,"total_existentes":3,"total_ausentes":1,"existing_eans_sample":["7891317430436","7896026155168","7896317901801"]}
[2026-06-05T20:16:42.527Z] [INFO] Resumo da triagem antes do enriquecimento {"importacao_id":62,"staged_total":4,"validos_unicos":4,"invalidos":0,"duplicados_no_lote":0,"existentes_no_banco_unico":3,"elegiveis_enriquecimento":1,"sample_eans_elegiveis":["7898085942994"],"acumulado":{"invalidos":16,"duplicados_no_lote":0,"existentes_no_banco_unico":182,"elegiveis_processamento":386}}
[2026-06-05T20:16:42.562Z] [INFO] Iniciando enriquecimento externo {"importacao_id":62,"item_id":1037335,"ean":"7898085942994"}
[2026-06-05T20:16:43.477Z] [INFO] Enriquecimento concluido {"importacao_id":62,"item_id":1037335,"ean":"7898085942994","enriched":false,"requires_approval":true,"fontes_consultadas":{"convertize_busca":false,"convertize_busca_error":null,"convertize_detalhe":false,"farmaindex_busca":false,"farmaindex_busca_error":null,"farmaindex_detalhe":false,"drogasil_busca":false,"drogasil_busca_error":null,"drogasil_detalhe":false,"cache_hit":false,"encontrado":false}}
[2026-06-05T20:16:43.578Z] [INFO] Consumidor retirou lote do staging de trier {"importacao_id":62,"staged_itens_lote":4,"staged_itens_restantes":53163,"sample_eans":["7896026155151","7896018700215","7501001283841","7891268400311"]}
[2026-06-05T20:16:43.579Z] [INFO] Iniciando checagem de existencia no Banco Unico {"total_eans_consulta":4,"batches":1,"batch_size":100,"sample_eans":["7896026155151","7896018700215","7501001283841","7891268400311"]}
[2026-06-05T20:16:43.579Z] [INFO] Consultando batch de EANs no Banco Unico {"batch_index":1,"batch_total":1,"eans_no_batch":4,"sample_eans":["7896026155151","7896018700215","7501001283841","7891268400311"]}
[2026-06-05T20:16:43.614Z] [INFO] Resultado do batch consultado no Banco Unico {"batch_index":1,"encontrados":1,"faltantes":3,"found_eans_sample":["7896026155151"]}
[2026-06-05T20:16:43.615Z] [INFO] Checagem de existencia no Banco Unico concluida {"total_consultados":4,"total_existentes":1,"total_ausentes":3,"existing_eans_sample":["7896026155151"]}
[2026-06-05T20:16:43.684Z] [INFO] Resumo da triagem antes do enriquecimento {"importacao_id":62,"staged_total":4,"validos_unicos":4,"invalidos":0,"duplicados_no_lote":0,"existentes_no_banco_unico":1,"elegiveis_enriquecimento":3,"sample_eans_elegiveis":["7896018700215","7501001283841","7891268400311"],"acumulado":{"invalidos":16,"duplicados_no_lote":0,"existentes_no_banco_unico":183,"elegiveis_processamento":389}}
[2026-06-05T20:16:43.709Z] [INFO] Iniciando enriquecimento externo {"importacao_id":62,"item_id":1037340,"ean":"7501001283841"}
[2026-06-05T20:16:43.718Z] [INFO] Iniciando enriquecimento externo {"importacao_id":62,"item_id":1037343,"ean":"7891268400311"}
[2026-06-05T20:16:43.721Z] [INFO] Iniciando enriquecimento externo {"importacao_id":62,"item_id":1037338,"ean":"7896018700215"}
[2026-06-05T20:16:44.607Z] [INFO] Enriquecimento concluido {"importacao_id":62,"item_id":1037343,"ean":"7891268400311","enriched":false,"requires_approval":true,"fontes_consultadas":{"convertize_busca":false,"convertize_busca_error":null,"convertize_detalhe":false,"farmaindex_busca":false,"farmaindex_busca_error":null,"farmaindex_detalhe":false,"drogasil_busca":false,"drogasil_busca_error":null,"drogasil_detalhe":false,"cache_hit":false,"encontrado":false}}
[2026-06-05T20:16:44.665Z] [INFO] Enriquecimento concluido {"importacao_id":62,"item_id":1037340,"ean":"7501001283841","enriched":false,"requires_approval":true,"fontes_consultadas":{"convertize_busca":false,"convertize_busca_error":null,"convertize_detalhe":false,"farmaindex_busca":false,"farmaindex_busca_error":null,"farmaindex_detalhe":false,"drogasil_busca":false,"drogasil_busca_error":null,"drogasil_detalhe":false,"cache_hit":false,"encontrado":false}}
[2026-06-05T20:16:46.331Z] [INFO] Enriquecimento concluido {"importacao_id":62,"item_id":1037338,"ean":"7896018700215","enriched":false,"requires_approval":true,"fontes_consultadas":{"convertize_busca":false,"convertize_busca_error":null,"convertize_detalhe":false,"farmaindex_busca":false,"farmaindex_busca_error":null,"farmaindex_detalhe":false,"drogasil_busca":false,"drogasil_busca_error":null,"drogasil_detalhe":false,"cache_hit":false,"encontrado":false}}
[2026-06-05T20:16:46.436Z] [INFO] Consumidor retirou lote do staging de trier {"importacao_id":62,"staged_itens_lote":4,"staged_itens_restantes":53159,"sample_eans":["7891268400304","7891331008857","7891331008864","7891331008871"]}
[2026-06-05T20:16:46.437Z] [INFO] Iniciando checagem de existencia no Banco Unico {"total_eans_consulta":4,"batches":1,"batch_size":100,"sample_eans":["7891268400304","7891331008857","7891331008864","7891331008871"]}
[2026-06-05T20:16:46.437Z] [INFO] Consultando batch de EANs no Banco Unico {"batch_index":1,"batch_total":1,"eans_no_batch":4,"sample_eans":["7891268400304","7891331008857","7891331008864","7891331008871"]}
[2026-06-05T20:16:46.470Z] [INFO] Resultado do batch consultado no Banco Unico {"batch_index":1,"encontrados":1,"faltantes":3,"found_eans_sample":["7891268400304"]}
[2026-06-05T20:16:46.471Z] [INFO] Checagem de existencia no Banco Unico concluida {"total_consultados":4,"total_existentes":1,"total_ausentes":3,"existing_eans_sample":["7891268400304"]}
[2026-06-05T20:16:46.532Z] [INFO] Resumo da triagem antes do enriquecimento {"importacao_id":62,"staged_total":4,"validos_unicos":4,"invalidos":0,"duplicados_no_lote":0,"existentes_no_banco_unico":1,"elegiveis_enriquecimento":3,"sample_eans_elegiveis":["7891331008857","7891331008864","7891331008871"],"acumulado":{"invalidos":16,"duplicados_no_lote":0,"existentes_no_banco_unico":184,"elegiveis_processamento":392}}
[2026-06-05T20:16:46.556Z] [INFO] Iniciando enriquecimento externo {"importacao_id":62,"item_id":1037341,"ean":"7891331008871"}
[2026-06-05T20:16:46.562Z] [INFO] Iniciando enriquecimento externo {"importacao_id":62,"item_id":1037344,"ean":"7891331008857"}
[2026-06-05T20:16:46.565Z] [INFO] Iniciando enriquecimento externo {"importacao_id":62,"item_id":1037348,"ean":"7891331008864"}
[2026-06-05T20:16:47.556Z] [INFO] Enriquecimento concluido {"importacao_id":62,"item_id":1037348,"ean":"7891331008864","enriched":false,"requires_approval":true,"fontes_consultadas":{"convertize_busca":false,"convertize_busca_error":null,"convertize_detalhe":false,"farmaindex_busca":false,"farmaindex_busca_error":null,"farmaindex_detalhe":false,"drogasil_busca":false,"drogasil_busca_error":null,"drogasil_detalhe":false,"cache_hit":false,"encontrado":false}}
[2026-06-05T20:16:47.725Z] [INFO] Enriquecimento concluido {"importacao_id":62,"item_id":1037341,"ean":"7891331008871","enriched":false,"requires_approval":true,"fontes_consultadas":{"convertize_busca":false,"convertize_busca_error":null,"convertize_detalhe":false,"farmaindex_busca":false,"farmaindex_busca_error":null,"farmaindex_detalhe":false,"drogasil_busca":false,"drogasil_busca_error":null,"drogasil_detalhe":false,"cache_hit":false,"encontrado":false}}
[2026-06-05T20:16:47.817Z] [INFO] Enriquecimento concluido {"importacao_id":62,"item_id":1037344,"ean":"7891331008857","enriched":false,"requires_approval":true,"fontes_consultadas":{"convertize_busca":false,"convertize_busca_error":null,"convertize_detalhe":false,"farmaindex_busca":false,"farmaindex_busca_error":null,"farmaindex_detalhe":false,"drogasil_busca":false,"drogasil_busca_error":null,"drogasil_detalhe":false,"cache_hit":false,"encontrado":false}}
[2026-06-05T20:16:47.908Z] [INFO] Consumidor retirou lote do staging de trier {"importacao_id":62,"staged_itens_lote":4,"staged_itens_restantes":53155,"sample_eans":["7896916720827","7896916720797","7894916500128","7896916720810"]}
[2026-06-05T20:16:47.909Z] [INFO] Iniciando checagem de existencia no Banco Unico {"total_eans_consulta":4,"batches":1,"batch_size":100,"sample_eans":["7896916720827","7896916720797","7894916500128","7896916720810"]}
[2026-06-05T20:16:47.909Z] [INFO] Consultando batch de EANs no Banco Unico {"batch_index":1,"batch_total":1,"eans_no_batch":4,"sample_eans":["7896916720827","7896916720797","7894916500128","7896916720810"]}
[2026-06-05T20:16:47.950Z] [INFO] Resultado do batch consultado no Banco Unico {"batch_index":1,"encontrados":0,"faltantes":4,"found_eans_sample":[]}
[2026-06-05T20:16:47.950Z] [INFO] Checagem de existencia no Banco Unico concluida {"total_consultados":4,"total_existentes":0,"total_ausentes":4,"existing_eans_sample":[]}
[2026-06-05T20:16:47.951Z] [INFO] Resumo da triagem antes do enriquecimento {"importacao_id":62,"staged_total":4,"validos_unicos":4,"invalidos":0,"duplicados_no_lote":0,"existentes_no_banco_unico":0,"elegiveis_enriquecimento":4,"sample_eans_elegiveis":["7896916720827","7896916720797","7894916500128","7896916720810"],"acumulado":{"invalidos":16,"duplicados_no_lote":0,"existentes_no_banco_unico":184,"elegiveis_processamento":396}}
[2026-06-05T20:16:47.978Z] [INFO] Iniciando enriquecimento externo {"importacao_id":62,"item_id":1037347,"ean":"7894916500128"}
[2026-06-05T20:16:47.981Z] [INFO] Iniciando enriquecimento externo {"importacao_id":62,"item_id":1037349,"ean":"7896916720810"}
[2026-06-05T20:16:47.983Z] [INFO] Iniciando enriquecimento externo {"importacao_id":62,"item_id":1037346,"ean":"7896916720827"}
[2026-06-05T20:16:47.985Z] [INFO] Iniciando enriquecimento externo {"importacao_id":62,"item_id":1037345,"ean":"7896916720797"}
[2026-06-05T20:16:48.927Z] [INFO] Enriquecimento concluido {"importacao_id":62,"item_id":1037349,"ean":"7896916720810","enriched":false,"requires_approval":true,"fontes_consultadas":{"convertize_busca":false,"convertize_busca_error":null,"convertize_detalhe":false,"farmaindex_busca":false,"farmaindex_busca_error":null,"farmaindex_detalhe":false,"drogasil_busca":false,"drogasil_busca_error":null,"drogasil_detalhe":false,"cache_hit":false,"encontrado":false}}
[2026-06-05T20:16:49.064Z] [INFO] Enriquecimento concluido {"importacao_id":62,"item_id":1037345,"ean":"7896916720797","enriched":false,"requires_approval":true,"fontes_consultadas":{"convertize_busca":false,"convertize_busca_error":null,"convertize_detalhe":false,"farmaindex_busca":false,"farmaindex_busca_error":null,"farmaindex_detalhe":false,"drogasil_busca":false,"drogasil_busca_error":null,"drogasil_detalhe":false,"cache_hit":false,"encontrado":false}}
[2026-06-05T20:16:49.154Z] [INFO] Enriquecimento concluido {"importacao_id":62,"item_id":1037347,"ean":"7894916500128","enriched":false,"requires_approval":true,"fontes_consultadas":{"convertize_busca":false,"convertize_busca_error":null,"convertize_detalhe":false,"farmaindex_busca":false,"farmaindex_busca_error":null,"farmaindex_detalhe":false,"drogasil_busca":false,"drogasil_busca_error":null,"drogasil_detalhe":false,"cache_hit":false,"encontrado":false}}
[2026-06-05T20:16:49.252Z] [INFO] Enriquecimento concluido {"importacao_id":62,"item_id":1037346,"ean":"7896916720827","enriched":false,"requires_approval":true,"fontes_consultadas":{"convertize_busca":false,"convertize_busca_error":null,"convertize_detalhe":false,"farmaindex_busca":false,"farmaindex_busca_error":null,"farmaindex_detalhe":false,"drogasil_busca":false,"drogasil_busca_error":null,"drogasil_detalhe":false,"cache_hit":false,"encontrado":false}}
[2026-06-05T20:16:49.345Z] [INFO] Consumidor retirou lote do staging de trier {"importacao_id":62,"staged_itens_lote":4,"staged_itens_restantes":53151,"sample_eans":["7896916720803","7896916711016","7896916711023","7896014124312"]}
[2026-06-05T20:16:49.345Z] [INFO] Iniciando checagem de existencia no Banco Unico {"total_eans_consulta":4,"batches":1,"batch_size":100,"sample_eans":["7896916720803","7896916711016","7896916711023","7896014124312"]}
[2026-06-05T20:16:49.345Z] [INFO] Consultando batch de EANs no Banco Unico {"batch_index":1,"batch_total":1,"eans_no_batch":4,"sample_eans":["7896916720803","7896916711016","7896916711023","7896014124312"]}
[2026-06-05T20:16:49.379Z] [INFO] Resultado do batch consultado no Banco Unico {"batch_index":1,"encontrados":0,"faltantes":4,"found_eans_sample":[]}
[2026-06-05T20:16:49.379Z] [INFO] Checagem de existencia no Banco Unico concluida {"total_consultados":4,"total_existentes":0,"total_ausentes":4,"existing_eans_sample":[]}
[2026-06-05T20:16:49.380Z] [INFO] Resumo da triagem antes do enriquecimento {"importacao_id":62,"staged_total":4,"validos_unicos":4,"invalidos":0,"duplicados_no_lote":0,"existentes_no_banco_unico":0,"elegiveis_enriquecimento":4,"sample_eans_elegiveis":["7896916720803","7896916711016","7896916711023","7896014124312"],"acumulado":{"invalidos":16,"duplicados_no_lote":0,"existentes_no_banco_unico":184,"elegiveis_processamento":400}}
[2026-06-05T20:16:49.407Z] [INFO] Iniciando enriquecimento externo {"importacao_id":62,"item_id":1037354,"ean":"7896014124312"}
[2026-06-05T20:16:49.410Z] [INFO] Iniciando enriquecimento externo {"importacao_id":62,"item_id":1037351,"ean":"7896916711016"}
[2026-06-05T20:16:49.412Z] [INFO] Iniciando enriquecimento externo {"importacao_id":62,"item_id":1037352,"ean":"7896916711023"}
[2026-06-05T20:16:49.415Z] [INFO] Iniciando enriquecimento externo {"importacao_id":62,"item_id":1037350,"ean":"7896916720803"}
[2026-06-05T20:16:50.394Z] [INFO] Enriquecimento concluido {"importacao_id":62,"item_id":1037350,"ean":"7896916720803","enriched":false,"requires_approval":true,"fontes_consultadas":{"convertize_busca":false,"convertize_busca_error":null,"convertize_detalhe":false,"farmaindex_busca":false,"farmaindex_busca_error":null,"farmaindex_detalhe":false,"drogasil_busca":false,"drogasil_busca_error":null,"drogasil_detalhe":false,"cache_hit":false,"encontrado":false}}
[2026-06-05T20:16:50.479Z] [INFO] Enriquecimento concluido {"importacao_id":62,"item_id":1037352,"ean":"7896916711023","enriched":false,"requires_approval":true,"fontes_consultadas":{"convertize_busca":false,"convertize_busca_error":null,"convertize_detalhe":false,"farmaindex_busca":false,"farmaindex_busca_error":null,"farmaindex_detalhe":false,"drogasil_busca":false,"drogasil_busca_error":null,"drogasil_detalhe":false,"cache_hit":false,"encontrado":false}}
[2026-06-05T20:16:51.074Z] [INFO] Enriquecimento concluido {"importacao_id":62,"item_id":1037351,"ean":"7896916711016","enriched":false,"requires_approval":true,"fontes_consultadas":{"convertize_busca":false,"convertize_busca_error":null,"convertize_detalhe":false,"farmaindex_busca":false,"farmaindex_busca_error":null,"farmaindex_detalhe":false,"drogasil_busca":false,"drogasil_busca_error":null,"drogasil_detalhe":false,"cache_hit":false,"encontrado":false}}
[2026-06-05T20:16:51.128Z] [INFO] Enriquecimento concluido {"importacao_id":62,"item_id":1037354,"ean":"7896014124312","enriched":false,"requires_approval":true,"fontes_consultadas":{"convertize_busca":false,"convertize_busca_error":null,"convertize_detalhe":false,"farmaindex_busca":false,"farmaindex_busca_error":null,"farmaindex_detalhe":false,"drogasil_busca":false,"drogasil_busca_error":null,"drogasil_detalhe":false,"cache_hit":false,"encontrado":false}}
[2026-06-05T20:16:51.244Z] [INFO] Consumidor retirou lote do staging de trier {"importacao_id":62,"staged_itens_lote":4,"staged_itens_restantes":53147,"sample_eans":["7896916711009","7896916711030","7896916710996","7896916710972"]}
[2026-06-05T20:16:51.245Z] [INFO] Iniciando checagem de existencia no Banco Unico {"total_eans_consulta":4,"batches":1,"batch_size":100,"sample_eans":["7896916711009","7896916711030","7896916710996","7896916710972"]}
[2026-06-05T20:16:51.246Z] [INFO] Consultando batch de EANs no Banco Unico {"batch_index":1,"batch_total":1,"eans_no_batch":4,"sample_eans":["7896916711009","7896916711030","7896916710996","7896916710972"]}
[2026-06-05T20:16:51.279Z] [INFO] Resultado do batch consultado no Banco Unico {"batch_index":1,"encontrados":0,"faltantes":4,"found_eans_sample":[]}
[2026-06-05T20:16:51.280Z] [INFO] Checagem de existencia no Banco Unico concluida {"total_consultados":4,"total_existentes":0,"total_ausentes":4,"existing_eans_sample":[]}
[2026-06-05T20:16:51.280Z] [INFO] Resumo da triagem antes do enriquecimento {"importacao_id":62,"staged_total":4,"validos_unicos":4,"invalidos":0,"duplicados_no_lote":0,"existentes_no_banco_unico":0,"elegiveis_enriquecimento":4,"sample_eans_elegiveis":["7896916711009","7896916711030","7896916710996","7896916710972"],"acumulado":{"invalidos":16,"duplicados_no_lote":0,"existentes_no_banco_unico":184,"elegiveis_processamento":404}}
[2026-06-05T20:16:51.307Z] [INFO] Iniciando enriquecimento externo {"importacao_id":62,"item_id":1037356,"ean":"7896916710996"}
[2026-06-05T20:16:51.310Z] [INFO] Iniciando enriquecimento externo {"importacao_id":62,"item_id":1037363,"ean":"7896916710972"}
[2026-06-05T20:16:51.312Z] [INFO] Iniciando enriquecimento externo {"importacao_id":62,"item_id":1037355,"ean":"7896916711030"}
[2026-06-05T20:16:51.321Z] [INFO] Iniciando enriquecimento externo {"importacao_id":62,"item_id":1037353,"ean":"7896916711009"}
[2026-06-05T20:16:52.181Z] [INFO] Enriquecimento concluido {"importacao_id":62,"item_id":1037356,"ean":"7896916710996","enriched":false,"requires_approval":true,"fontes_consultadas":{"convertize_busca":false,"convertize_busca_error":null,"convertize_detalhe":false,"farmaindex_busca":false,"farmaindex_busca_error":null,"farmaindex_detalhe":false,"drogasil_busca":false,"drogasil_busca_error":null,"drogasil_detalhe":false,"cache_hit":false,"encontrado":false}}
[2026-06-05T20:16:52.277Z] [INFO] Enriquecimento concluido {"importacao_id":62,"item_id":1037353,"ean":"7896916711009","enriched":false,"requires_approval":true,"fontes_consultadas":{"convertize_busca":false,"convertize_busca_error":null,"convertize_detalhe":false,"farmaindex_busca":false,"farmaindex_busca_error":null,"farmaindex_detalhe":false,"drogasil_busca":false,"drogasil_busca_error":null,"drogasil_detalhe":false,"cache_hit":false,"encontrado":false}}
[2026-06-05T20:16:52.377Z] [INFO] Enriquecimento concluido {"importacao_id":62,"item_id":1037363,"ean":"7896916710972","enriched":false,"requires_approval":true,"fontes_consultadas":{"convertize_busca":false,"convertize_busca_error":null,"convertize_detalhe":false,"farmaindex_busca":false,"farmaindex_busca_error":null,"farmaindex_detalhe":false,"drogasil_busca":false,"drogasil_busca_error":null,"drogasil_detalhe":false,"cache_hit":false,"encontrado":false}}
[2026-06-05T20:16:52.417Z] [INFO] Enriquecimento concluido {"importacao_id":62,"item_id":1037355,"ean":"7896916711030","enriched":false,"requires_approval":true,"fontes_consultadas":{"convertize_busca":false,"convertize_busca_error":null,"convertize_detalhe":false,"farmaindex_busca":false,"farmaindex_busca_error":null,"farmaindex_detalhe":false,"drogasil_busca":false,"drogasil_busca_error":null,"drogasil_detalhe":false,"cache_hit":false,"encontrado":false}}
[2026-06-05T20:16:52.510Z] [INFO] Consumidor retirou lote do staging de trier {"importacao_id":62,"staged_itens_lote":4,"staged_itens_restantes":53143,"sample_eans":["7896916710989","7896422504102","7896916710965","7896641804229"]}
[2026-06-05T20:16:52.511Z] [INFO] Iniciando checagem de existencia no Banco Unico {"total_eans_consulta":4,"batches":1,"batch_size":100,"sample_eans":["7896916710989","7896422504102","7896916710965","7896641804229"]}
[2026-06-05T20:16:52.511Z] [INFO] Consultando batch de EANs no Banco Unico {"batch_index":1,"batch_total":1,"eans_no_batch":4,"sample_eans":["7896916710989","7896422504102","7896916710965","7896641804229"]}
[2026-06-05T20:16:52.545Z] [INFO] Resultado do batch consultado no Banco Unico {"batch_index":1,"encontrados":2,"faltantes":2,"found_eans_sample":["7896422504102","7896641804229"]}
[2026-06-05T20:16:52.546Z] [INFO] Checagem de existencia no Banco Unico concluida {"total_consultados":4,"total_existentes":2,"total_ausentes":2,"existing_eans_sample":["7896422504102","7896641804229"]}
[2026-06-05T20:16:52.670Z] [INFO] Resumo da triagem antes do enriquecimento {"importacao_id":62,"staged_total":4,"validos_unicos":4,"invalidos":0,"duplicados_no_lote":0,"existentes_no_banco_unico":2,"elegiveis_enriquecimento":2,"sample_eans_elegiveis":["7896916710989","7896916710965"],"acumulado":{"invalidos":16,"duplicados_no_lote":0,"existentes_no_banco_unico":186,"elegiveis_processamento":406}}
[2026-06-05T20:16:52.706Z] [INFO] Iniciando enriquecimento externo {"importacao_id":62,"item_id":1037357,"ean":"7896916710989"}
[2026-06-05T20:16:52.708Z] [INFO] Iniciando enriquecimento externo {"importacao_id":62,"item_id":1037359,"ean":"7896916710965"}
[2026-06-05T20:16:53.632Z] [INFO] Enriquecimento concluido {"importacao_id":62,"item_id":1037357,"ean":"7896916710989","enriched":false,"requires_approval":true,"fontes_consultadas":{"convertize_busca":false,"convertize_busca_error":null,"convertize_detalhe":false,"farmaindex_busca":false,"farmaindex_busca_error":null,"farmaindex_detalhe":false,"drogasil_busca":false,"drogasil_busca_error":null,"drogasil_detalhe":false,"cache_hit":false,"encontrado":false}}
[2026-06-05T20:16:53.754Z] [INFO] Enriquecimento concluido {"importacao_id":62,"item_id":1037359,"ean":"7896916710965","enriched":false,"requires_approval":true,"fontes_consultadas":{"convertize_busca":false,"convertize_busca_error":null,"convertize_detalhe":false,"farmaindex_busca":false,"farmaindex_busca_error":null,"farmaindex_detalhe":false,"drogasil_busca":false,"drogasil_busca_error":null,"drogasil_detalhe":false,"cache_hit":false,"encontrado":false}}
[2026-06-05T20:16:53.855Z] [INFO] Consumidor retirou lote do staging de trier {"importacao_id":62,"staged_itens_lote":4,"staged_itens_restantes":53139,"sample_eans":["7896014124329","7896317901153","7896317903157","7896317903201"]}
[2026-06-05T20:16:53.856Z] [INFO] Iniciando checagem de existencia no Banco Unico {"total_eans_consulta":4,"batches":1,"batch_size":100,"sample_eans":["7896014124329","7896317901153","7896317903157","7896317903201"]}
[2026-06-05T20:16:53.857Z] [INFO] Consultando batch de EANs no Banco Unico {"batch_index":1,"batch_total":1,"eans_no_batch":4,"sample_eans":["7896014124329","7896317901153","7896317903157","7896317903201"]}
[2026-06-05T20:16:53.893Z] [INFO] Resultado do batch consultado no Banco Unico {"batch_index":1,"encontrados":0,"faltantes":4,"found_eans_sample":[]}
[2026-06-05T20:16:53.894Z] [INFO] Checagem de existencia no Banco Unico concluida {"total_consultados":4,"total_existentes":0,"total_ausentes":4,"existing_eans_sample":[]}
[2026-06-05T20:16:53.895Z] [INFO] Resumo da triagem antes do enriquecimento {"importacao_id":62,"staged_total":4,"validos_unicos":4,"invalidos":0,"duplicados_no_lote":0,"existentes_no_banco_unico":0,"elegiveis_enriquecimento":4,"sample_eans_elegiveis":["7896014124329","7896317901153","7896317903157","7896317903201"],"acumulado":{"invalidos":16,"duplicados_no_lote":0,"existentes_no_banco_unico":186,"elegiveis_processamento":410}}
[2026-06-05T20:16:53.918Z] [INFO] Iniciando enriquecimento externo {"importacao_id":62,"item_id":1037358,"ean":"7896317901153"}
[2026-06-05T20:16:53.920Z] [INFO] Iniciando enriquecimento externo {"importacao_id":62,"item_id":1037360,"ean":"7896014124329"}
[2026-06-05T20:16:53.926Z] [INFO] Iniciando enriquecimento externo {"importacao_id":62,"item_id":1037366,"ean":"7896317903201"}
[2026-06-05T20:16:53.930Z] [INFO] Iniciando enriquecimento externo {"importacao_id":62,"item_id":1037362,"ean":"7896317903157"}
[2026-06-05T20:16:54.951Z] [INFO] Enriquecimento concluido {"importacao_id":62,"item_id":1037358,"ean":"7896317901153","enriched":false,"requires_approval":true,"fontes_consultadas":{"convertize_busca":false,"convertize_busca_error":null,"convertize_detalhe":false,"farmaindex_busca":false,"farmaindex_busca_error":null,"farmaindex_detalhe":false,"drogasil_busca":false,"drogasil_busca_error":null,"drogasil_detalhe":false,"cache_hit":false,"encontrado":false}}
[2026-06-05T20:16:54.996Z] [INFO] Enriquecimento concluido {"importacao_id":62,"item_id":1037362,"ean":"7896317903157","enriched":false,"requires_approval":true,"fontes_consultadas":{"convertize_busca":false,"convertize_busca_error":null,"convertize_detalhe":false,"farmaindex_busca":false,"farmaindex_busca_error":null,"farmaindex_detalhe":false,"drogasil_busca":false,"drogasil_busca_error":null,"drogasil_detalhe":false,"cache_hit":false,"encontrado":false}}
[2026-06-05T20:16:55.189Z] [INFO] Enriquecimento concluido {"importacao_id":62,"item_id":1037366,"ean":"7896317903201","enriched":false,"requires_approval":true,"fontes_consultadas":{"convertize_busca":false,"convertize_busca_error":null,"convertize_detalhe":false,"farmaindex_busca":false,"farmaindex_busca_error":null,"farmaindex_detalhe":false,"drogasil_busca":false,"drogasil_busca_error":null,"drogasil_detalhe":false,"cache_hit":false,"encontrado":false}}
[2026-06-05T20:16:55.291Z] [INFO] Enriquecimento concluido {"importacao_id":62,"item_id":1037360,"ean":"7896014124329","enriched":false,"requires_approval":true,"fontes_consultadas":{"convertize_busca":false,"convertize_busca_error":null,"convertize_detalhe":false,"farmaindex_busca":false,"farmaindex_busca_error":null,"farmaindex_detalhe":false,"drogasil_busca":false,"drogasil_busca_error":null,"drogasil_detalhe":false,"cache_hit":false,"encontrado":false}}
[2026-06-05T20:16:55.384Z] [INFO] Consumidor retirou lote do staging de trier {"importacao_id":62,"staged_itens_lote":4,"staged_itens_restantes":53135,"sample_eans":["7891142171191","7896004707549","7896014140435","7896004710853"]}
[2026-06-05T20:16:55.385Z] [INFO] Iniciando checagem de existencia no Banco Unico {"total_eans_consulta":4,"batches":1,"batch_size":100,"sample_eans":["7891142171191","7896004707549","7896014140435","7896004710853"]}
[2026-06-05T20:16:55.385Z] [INFO] Consultando batch de EANs no Banco Unico {"batch_index":1,"batch_total":1,"eans_no_batch":4,"sample_eans":["7891142171191","7896004707549","7896014140435","7896004710853"]}
[2026-06-05T20:16:55.420Z] [INFO] Resultado do batch consultado no Banco Unico {"batch_index":1,"encontrados":2,"faltantes":2,"found_eans_sample":["7891142171191","7896014140435"]}
[2026-06-05T20:16:55.420Z] [INFO] Checagem de existencia no Banco Unico concluida {"total_consultados":4,"total_existentes":2,"total_ausentes":2,"existing_eans_sample":["7891142171191","7896014140435"]}
[2026-06-05T20:16:55.544Z] [INFO] Resumo da triagem antes do enriquecimento {"importacao_id":62,"staged_total":4,"validos_unicos":4,"invalidos":0,"duplicados_no_lote":0,"existentes_no_banco_unico":2,"elegiveis_enriquecimento":2,"sample_eans_elegiveis":["7896004707549","7896004710853"],"acumulado":{"invalidos":16,"duplicados_no_lote":0,"existentes_no_banco_unico":188,"elegiveis_processamento":412}}
[2026-06-05T20:16:55.577Z] [INFO] Iniciando enriquecimento externo {"importacao_id":62,"item_id":1037369,"ean":"7896004710853"}
[2026-06-05T20:16:55.580Z] [INFO] Iniciando enriquecimento externo {"importacao_id":62,"item_id":1037364,"ean":"7896004707549"}
[2026-06-05T20:16:56.359Z] [INFO] Enriquecimento concluido {"importacao_id":62,"item_id":1037369,"ean":"7896004710853","enriched":false,"requires_approval":true,"fontes_consultadas":{"convertize_busca":false,"convertize_busca_error":null,"convertize_detalhe":false,"farmaindex_busca":false,"farmaindex_busca_error":null,"farmaindex_detalhe":false,"drogasil_busca":false,"drogasil_busca_error":null,"drogasil_detalhe":false,"cache_hit":false,"encontrado":false}}
[2026-06-05T20:16:56.666Z] [INFO] Enriquecimento concluido {"importacao_id":62,"item_id":1037364,"ean":"7896004707549","enriched":false,"requires_approval":true,"fontes_consultadas":{"convertize_busca":false,"convertize_busca_error":null,"convertize_detalhe":false,"farmaindex_busca":false,"farmaindex_busca_error":null,"farmaindex_detalhe":false,"drogasil_busca":false,"drogasil_busca_error":null,"drogasil_detalhe":false,"cache_hit":false,"encontrado":false}}
[2026-06-05T20:16:56.811Z] [INFO] Consumidor retirou lote do staging de trier {"importacao_id":62,"staged_itens_lote":4,"staged_itens_restantes":53131,"sample_eans":["7896269901904","7896004711652","7895296260022","7895296260015"]}
[2026-06-05T20:16:56.812Z] [INFO] Iniciando checagem de existencia no Banco Unico {"total_eans_consulta":4,"batches":1,"batch_size":100,"sample_eans":["7896269901904","7896004711652","7895296260022","7895296260015"]}
[2026-06-05T20:16:56.812Z] [INFO] Consultando batch de EANs no Banco Unico {"batch_index":1,"batch_total":1,"eans_no_batch":4,"sample_eans":["7896269901904","7896004711652","7895296260022","7895296260015"]}
[2026-06-05T20:16:56.854Z] [INFO] Resultado do batch consultado no Banco Unico {"batch_index":1,"encontrados":2,"faltantes":2,"found_eans_sample":["7896269901904","7896004711652"]}
[2026-06-05T20:16:56.855Z] [INFO] Checagem de existencia no Banco Unico concluida {"total_consultados":4,"total_existentes":2,"total_ausentes":2,"existing_eans_sample":["7896269901904","7896004711652"]}
[2026-06-05T20:16:57.000Z] [INFO] Resumo da triagem antes do enriquecimento {"importacao_id":62,"staged_total":4,"validos_unicos":4,"invalidos":0,"duplicados_no_lote":0,"existentes_no_banco_unico":2,"elegiveis_enriquecimento":2,"sample_eans_elegiveis":["7895296260022","7895296260015"],"acumulado":{"invalidos":16,"duplicados_no_lote":0,"existentes_no_banco_unico":190,"elegiveis_processamento":414}}
[2026-06-05T20:16:57.034Z] [INFO] Iniciando enriquecimento externo {"importacao_id":62,"item_id":1037373,"ean":"7895296260015"}
[2026-06-05T20:16:57.064Z] [INFO] Iniciando enriquecimento externo {"importacao_id":62,"item_id":1037372,"ean":"7895296260022"}
[2026-06-05T20:16:57.918Z] [INFO] Enriquecimento concluido {"importacao_id":62,"item_id":1037372,"ean":"7895296260022","enriched":false,"requires_approval":true,"fontes_consultadas":{"convertize_busca":false,"convertize_busca_error":null,"convertize_detalhe":false,"farmaindex_busca":false,"farmaindex_busca_error":null,"farmaindex_detalhe":false,"drogasil_busca":false,"drogasil_busca_error":null,"drogasil_detalhe":false,"cache_hit":false,"encontrado":false}}
[2026-06-05T20:16:58.211Z] [INFO] Enriquecimento concluido {"importacao_id":62,"item_id":1037373,"ean":"7895296260015","enriched":false,"requires_approval":true,"fontes_consultadas":{"convertize_busca":false,"convertize_busca_error":null,"convertize_detalhe":false,"farmaindex_busca":false,"farmaindex_busca_error":null,"farmaindex_detalhe":false,"drogasil_busca":false,"drogasil_busca_error":null,"drogasil_detalhe":false,"cache_hit":false,"encontrado":false}}
[2026-06-05T20:16:58.304Z] [INFO] Consumidor retirou lote do staging de trier {"importacao_id":62,"staged_itens_lote":4,"staged_itens_restantes":53127,"sample_eans":["7891721238260","7891721238475","7895800438022","7896014140442"]}
[2026-06-05T20:16:58.305Z] [INFO] Iniciando checagem de existencia no Banco Unico {"total_eans_consulta":4,"batches":1,"batch_size":100,"sample_eans":["7891721238260","7891721238475","7895800438022","7896014140442"]}
[2026-06-05T20:16:58.305Z] [INFO] Consultando batch de EANs no Banco Unico {"batch_index":1,"batch_total":1,"eans_no_batch":4,"sample_eans":["7891721238260","7891721238475","7895800438022","7896014140442"]}
[2026-06-05T20:16:58.340Z] [INFO] Resultado do batch consultado no Banco Unico {"batch_index":1,"encontrados":1,"faltantes":3,"found_eans_sample":["7896014140442"]}
[2026-06-05T20:16:58.340Z] [INFO] Checagem de existencia no Banco Unico concluida {"total_consultados":4,"total_existentes":1,"total_ausentes":3,"existing_eans_sample":["7896014140442"]}
[2026-06-05T20:16:58.401Z] [INFO] Resumo da triagem antes do enriquecimento {"importacao_id":62,"staged_total":4,"validos_unicos":4,"invalidos":0,"duplicados_no_lote":0,"existentes_no_banco_unico":1,"elegiveis_enriquecimento":3,"sample_eans_elegiveis":["7891721238260","7891721238475","7895800438022"],"acumulado":{"invalidos":16,"duplicados_no_lote":0,"existentes_no_banco_unico":191,"elegiveis_processamento":417}}
[2026-06-05T20:16:58.436Z] [INFO] Iniciando enriquecimento externo {"importacao_id":62,"item_id":1037376,"ean":"7895800438022"}
[2026-06-05T20:16:58.439Z] [INFO] Iniciando enriquecimento externo {"importacao_id":62,"item_id":1037371,"ean":"7891721238475"}
[2026-06-05T20:16:58.451Z] [INFO] Iniciando enriquecimento externo {"importacao_id":62,"item_id":1037378,"ean":"7891721238260"}
[2026-06-05T20:16:59.391Z] [INFO] Enriquecimento concluido {"importacao_id":62,"item_id":1037371,"ean":"7891721238475","enriched":false,"requires_approval":true,"fontes_consultadas":{"convertize_busca":false,"convertize_busca_error":null,"convertize_detalhe":false,"farmaindex_busca":false,"farmaindex_busca_error":null,"farmaindex_detalhe":false,"drogasil_busca":false,"drogasil_busca_error":null,"drogasil_detalhe":false,"cache_hit":false,"encontrado":false}}
[2026-06-05T20:16:59.431Z] [INFO] Enriquecimento concluido {"importacao_id":62,"item_id":1037376,"ean":"7895800438022","enriched":false,"requires_approval":true,"fontes_consultadas":{"convertize_busca":false,"convertize_busca_error":null,"convertize_detalhe":false,"farmaindex_busca":false,"farmaindex_busca_error":null,"farmaindex_detalhe":false,"drogasil_busca":false,"drogasil_busca_error":null,"drogasil_detalhe":false,"cache_hit":false,"encontrado":false}}
[2026-06-05T20:16:59.776Z] [INFO] Enriquecimento concluido {"importacao_id":62,"item_id":1037378,"ean":"7891721238260","enriched":false,"requires_approval":true,"fontes_consultadas":{"convertize_busca":false,"convertize_busca_error":null,"convertize_detalhe":false,"farmaindex_busca":false,"farmaindex_busca_error":null,"farmaindex_detalhe":false,"drogasil_busca":false,"drogasil_busca_error":null,"drogasil_detalhe":false,"cache_hit":false,"encontrado":false}}
[2026-06-05T20:16:59.876Z] [INFO] Consumidor retirou lote do staging de trier {"importacao_id":62,"staged_itens_lote":4,"staged_itens_restantes":53123,"sample_eans":["7895800439234","7895800431061","7896226502465"]}
[2026-06-05T20:16:59.876Z] [INFO] Iniciando checagem de existencia no Banco Unico {"total_eans_consulta":3,"batches":1,"batch_size":100,"sample_eans":["7895800439234","7895800431061","7896226502465"]}
[2026-06-05T20:16:59.877Z] [INFO] Consultando batch de EANs no Banco Unico {"batch_index":1,"batch_total":1,"eans_no_batch":3,"sample_eans":["7895800439234","7895800431061","7896226502465"]}
[2026-06-05T20:16:59.925Z] [INFO] Resultado do batch consultado no Banco Unico {"batch_index":1,"encontrados":1,"faltantes":2,"found_eans_sample":["7896226502465"]}
[2026-06-05T20:16:59.927Z] [INFO] Checagem de existencia no Banco Unico concluida {"total_consultados":3,"total_existentes":1,"total_ausentes":2,"existing_eans_sample":["7896226502465"]}
[2026-06-05T20:16:59.992Z] [INFO] Resumo da triagem antes do enriquecimento {"importacao_id":62,"staged_total":4,"validos_unicos":3,"invalidos":1,"duplicados_no_lote":0,"existentes_no_banco_unico":1,"elegiveis_enriquecimento":3,"sample_eans_elegiveis":["7895800439234","7895800431061"],"acumulado":{"invalidos":17,"duplicados_no_lote":0,"existentes_no_banco_unico":192,"elegiveis_processamento":420}}
[2026-06-05T20:17:00.017Z] [INFO] Iniciando enriquecimento externo {"importacao_id":62,"item_id":1037377,"ean":"7895800439234"}
[2026-06-05T20:17:00.025Z] [INFO] Iniciando enriquecimento externo {"importacao_id":62,"item_id":1037381,"ean":"7895800431061"}
[2026-06-05T20:17:01.015Z] [INFO] Enriquecimento concluido {"importacao_id":62,"item_id":1037381,"ean":"7895800431061","enriched":false,"requires_approval":true,"fontes_consultadas":{"convertize_busca":false,"convertize_busca_error":null,"convertize_detalhe":false,"farmaindex_busca":false,"farmaindex_busca_error":null,"farmaindex_detalhe":false,"drogasil_busca":false,"drogasil_busca_error":null,"drogasil_detalhe":false,"cache_hit":false,"encontrado":false}}
[2026-06-05T20:17:01.355Z] [INFO] Enriquecimento concluido {"importacao_id":62,"item_id":1037377,"ean":"7895800439234","enriched":false,"requires_approval":true,"fontes_consultadas":{"convertize_busca":false,"convertize_busca_error":null,"convertize_detalhe":false,"farmaindex_busca":false,"farmaindex_busca_error":null,"farmaindex_detalhe":false,"drogasil_busca":false,"drogasil_busca_error":null,"drogasil_detalhe":false,"cache_hit":false,"encontrado":false}}
[2026-06-05T20:17:01.474Z] [INFO] Consumidor retirou lote do staging de trier {"importacao_id":62,"staged_itens_lote":4,"staged_itens_restantes":53119,"sample_eans":["7897129300653","7896006290117","7896001303010","7896001302990"]}
[2026-06-05T20:17:01.475Z] [INFO] Iniciando checagem de existencia no Banco Unico {"total_eans_consulta":4,"batches":1,"batch_size":100,"sample_eans":["7897129300653","7896006290117","7896001303010","7896001302990"]}
[2026-06-05T20:17:01.475Z] [INFO] Consultando batch de EANs no Banco Unico {"batch_index":1,"batch_total":1,"eans_no_batch":4,"sample_eans":["7897129300653","7896006290117","7896001303010","7896001302990"]}
[2026-06-05T20:17:01.508Z] [INFO] Resultado do batch consultado no Banco Unico {"batch_index":1,"encontrados":1,"faltantes":3,"found_eans_sample":["7896006290117"]}
[2026-06-05T20:17:01.509Z] [INFO] Checagem de existencia no Banco Unico concluida {"total_consultados":4,"total_existentes":1,"total_ausentes":3,"existing_eans_sample":["7896006290117"]}
[2026-06-05T20:17:01.573Z] [INFO] Resumo da triagem antes do enriquecimento {"importacao_id":62,"staged_total":4,"validos_unicos":4,"invalidos":0,"duplicados_no_lote":0,"existentes_no_banco_unico":1,"elegiveis_enriquecimento":3,"sample_eans_elegiveis":["7897129300653","7896001303010","7896001302990"],"acumulado":{"invalidos":17,"duplicados_no_lote":0,"existentes_no_banco_unico":193,"elegiveis_processamento":423}}
[2026-06-05T20:17:01.599Z] [INFO] Iniciando enriquecimento externo {"importacao_id":62,"item_id":1037382,"ean":"7897129300653"}
[2026-06-05T20:17:01.606Z] [INFO] Iniciando enriquecimento externo {"importacao_id":62,"item_id":1037383,"ean":"7896001303010"}
[2026-06-05T20:17:01.611Z] [INFO] Iniciando enriquecimento externo {"importacao_id":62,"item_id":1037385,"ean":"7896001302990"}
[2026-06-05T20:17:02.630Z] [INFO] Enriquecimento concluido {"importacao_id":62,"item_id":1037382,"ean":"7897129300653","enriched":false,"requires_approval":true,"fontes_consultadas":{"convertize_busca":false,"convertize_busca_error":null,"convertize_detalhe":false,"farmaindex_busca":false,"farmaindex_busca_error":null,"farmaindex_detalhe":false,"drogasil_busca":false,"drogasil_busca_error":null,"drogasil_detalhe":false,"cache_hit":false,"encontrado":false}}
[2026-06-05T20:17:03.042Z] [INFO] Enriquecimento concluido {"importacao_id":62,"item_id":1037385,"ean":"7896001302990","enriched":false,"requires_approval":true,"fontes_consultadas":{"convertize_busca":false,"convertize_busca_error":null,"convertize_detalhe":false,"farmaindex_busca":false,"farmaindex_busca_error":null,"farmaindex_detalhe":false,"drogasil_busca":false,"drogasil_busca_error":null,"drogasil_detalhe":false,"cache_hit":false,"encontrado":false}}
[2026-06-05T20:17:03.289Z] [INFO] Enriquecimento concluido {"importacao_id":62,"item_id":1037383,"ean":"7896001303010","enriched":false,"requires_approval":true,"fontes_consultadas":{"convertize_busca":false,"convertize_busca_error":null,"convertize_detalhe":false,"farmaindex_busca":false,"farmaindex_busca_error":null,"farmaindex_detalhe":false,"drogasil_busca":false,"drogasil_busca_error":null,"drogasil_detalhe":false,"cache_hit":false,"encontrado":false}}
[2026-06-05T20:17:03.393Z] [INFO] Consumidor retirou lote do staging de trier {"importacao_id":62,"staged_itens_lote":4,"staged_itens_restantes":53115,"sample_eans":["7896001303003","7896014140459","7896637023641","7896637023566"]}
[2026-06-05T20:17:03.393Z] [INFO] Iniciando checagem de existencia no Banco Unico {"total_eans_consulta":4,"batches":1,"batch_size":100,"sample_eans":["7896001303003","7896014140459","7896637023641","7896637023566"]}
[2026-06-05T20:17:03.394Z] [INFO] Consultando batch de EANs no Banco Unico {"batch_index":1,"batch_total":1,"eans_no_batch":4,"sample_eans":["7896001303003","7896014140459","7896637023641","7896637023566"]}
[2026-06-05T20:17:03.427Z] [INFO] Resultado do batch consultado no Banco Unico {"batch_index":1,"encontrados":3,"faltantes":1,"found_eans_sample":["7896014140459","7896637023641","7896637023566"]}
[2026-06-05T20:17:03.428Z] [INFO] Checagem de existencia no Banco Unico concluida {"total_consultados":4,"total_existentes":3,"total_ausentes":1,"existing_eans_sample":["7896014140459","7896637023641","7896637023566"]}
[2026-06-05T20:17:03.624Z] [INFO] Resumo da triagem antes do enriquecimento {"importacao_id":62,"staged_total":4,"validos_unicos":4,"invalidos":0,"duplicados_no_lote":0,"existentes_no_banco_unico":3,"elegiveis_enriquecimento":1,"sample_eans_elegiveis":["7896001303003"],"acumulado":{"invalidos":17,"duplicados_no_lote":0,"existentes_no_banco_unico":196,"elegiveis_processamento":424}}
[2026-06-05T20:17:03.658Z] [INFO] Iniciando enriquecimento externo {"importacao_id":62,"item_id":1037391,"ean":"7896001303003"}
[2026-06-05T20:17:04.813Z] [INFO] Enriquecimento concluido {"importacao_id":62,"item_id":1037391,"ean":"7896001303003","enriched":false,"requires_approval":true,"fontes_consultadas":{"convertize_busca":false,"convertize_busca_error":null,"convertize_detalhe":false,"farmaindex_busca":false,"farmaindex_busca_error":null,"farmaindex_detalhe":false,"drogasil_busca":false,"drogasil_busca_error":null,"drogasil_detalhe":false,"cache_hit":false,"encontrado":false}}
[2026-06-05T20:17:04.915Z] [INFO] Consumidor retirou lote do staging de trier {"importacao_id":62,"staged_itens_lote":4,"staged_itens_restantes":53111,"sample_eans":["3014260312978","3574660030587","7897759000107","7891010693312"]}
[2026-06-05T20:17:04.915Z] [INFO] Iniciando checagem de existencia no Banco Unico {"total_eans_consulta":4,"batches":1,"batch_size":100,"sample_eans":["3014260312978","3574660030587","7897759000107","7891010693312"]}
[2026-06-05T20:17:04.916Z] [INFO] Consultando batch de EANs no Banco Unico {"batch_index":1,"batch_total":1,"eans_no_batch":4,"sample_eans":["3014260312978","3574660030587","7897759000107","7891010693312"]}
[2026-06-05T20:17:04.951Z] [INFO] Resultado do batch consultado no Banco Unico {"batch_index":1,"encontrados":1,"faltantes":3,"found_eans_sample":["7891010693312"]}
[2026-06-05T20:17:04.951Z] [INFO] Checagem de existencia no Banco Unico concluida {"total_consultados":4,"total_existentes":1,"total_ausentes":3,"existing_eans_sample":["7891010693312"]}
[2026-06-05T20:17:05.016Z] [INFO] Resumo da triagem antes do enriquecimento {"importacao_id":62,"staged_total":4,"validos_unicos":4,"invalidos":0,"duplicados_no_lote":0,"existentes_no_banco_unico":1,"elegiveis_enriquecimento":3,"sample_eans_elegiveis":["3014260312978","3574660030587","7897759000107"],"acumulado":{"invalidos":17,"duplicados_no_lote":0,"existentes_no_banco_unico":197,"elegiveis_processamento":427}}
[2026-06-05T20:17:05.041Z] [INFO] Iniciando enriquecimento externo {"importacao_id":62,"item_id":1037389,"ean":"7897759000107"}
[2026-06-05T20:17:05.048Z] [INFO] Iniciando enriquecimento externo {"importacao_id":62,"item_id":1037387,"ean":"3574660030587"}
[2026-06-05T20:17:05.051Z] [INFO] Iniciando enriquecimento externo {"importacao_id":62,"item_id":1037388,"ean":"3014260312978"}
[2026-06-05T20:17:05.930Z] [INFO] Enriquecimento concluido {"importacao_id":62,"item_id":1037388,"ean":"3014260312978","enriched":false,"requires_approval":true,"fontes_consultadas":{"convertize_busca":false,"convertize_busca_error":null,"convertize_detalhe":false,"farmaindex_busca":false,"farmaindex_busca_error":null,"farmaindex_detalhe":false,"drogasil_busca":false,"drogasil_busca_error":null,"drogasil_detalhe":false,"cache_hit":false,"encontrado":false}}
[2026-06-05T20:17:06.280Z] [INFO] Enriquecimento concluido {"importacao_id":62,"item_id":1037389,"ean":"7897759000107","enriched":false,"requires_approval":true,"fontes_consultadas":{"convertize_busca":false,"convertize_busca_error":null,"convertize_detalhe":false,"farmaindex_busca":false,"farmaindex_busca_error":null,"farmaindex_detalhe":false,"drogasil_busca":false,"drogasil_busca_error":null,"drogasil_detalhe":false,"cache_hit":false,"encontrado":false}}
[2026-06-05T20:17:06.789Z] [INFO] Enriquecimento concluido {"importacao_id":62,"item_id":1037387,"ean":"3574660030587","enriched":false,"requires_approval":true,"fontes_consultadas":{"convertize_busca":false,"convertize_busca_error":null,"convertize_detalhe":false,"farmaindex_busca":false,"farmaindex_busca_error":null,"farmaindex_detalhe":false,"drogasil_busca":false,"drogasil_busca_error":null,"drogasil_detalhe":false,"cache_hit":false,"encontrado":false}}
[2026-06-05T20:17:06.926Z] [INFO] Consumidor retirou lote do staging de trier {"importacao_id":62,"staged_itens_lote":4,"staged_itens_restantes":53107,"sample_eans":["7891010099800","7891010099787","3574660034110","3574660128246"]}
[2026-06-05T20:17:06.927Z] [INFO] Iniciando checagem de existencia no Banco Unico {"total_eans_consulta":4,"batches":1,"batch_size":100,"sample_eans":["7891010099800","7891010099787","3574660034110","3574660128246"]}
[2026-06-05T20:17:06.927Z] [INFO] Consultando batch de EANs no Banco Unico {"batch_index":1,"batch_total":1,"eans_no_batch":4,"sample_eans":["7891010099800","7891010099787","3574660034110","3574660128246"]}
[2026-06-05T20:17:06.964Z] [INFO] Resultado do batch consultado no Banco Unico {"batch_index":1,"encontrados":0,"faltantes":4,"found_eans_sample":[]}
[2026-06-05T20:17:06.964Z] [INFO] Checagem de existencia no Banco Unico concluida {"total_consultados":4,"total_existentes":0,"total_ausentes":4,"existing_eans_sample":[]}
[2026-06-05T20:17:06.965Z] [INFO] Resumo da triagem antes do enriquecimento {"importacao_id":62,"staged_total":4,"validos_unicos":4,"invalidos":0,"duplicados_no_lote":0,"existentes_no_banco_unico":0,"elegiveis_enriquecimento":4,"sample_eans_elegiveis":["7891010099800","7891010099787","3574660034110","3574660128246"],"acumulado":{"invalidos":17,"duplicados_no_lote":0,"existentes_no_banco_unico":197,"elegiveis_processamento":431}}
[2026-06-05T20:17:06.996Z] [INFO] Iniciando enriquecimento externo {"importacao_id":62,"item_id":1037396,"ean":"3574660128246"}
[2026-06-05T20:17:06.999Z] [INFO] Iniciando enriquecimento externo {"importacao_id":62,"item_id":1037394,"ean":"7891010099800"}
[2026-06-05T20:17:07.000Z] [INFO] Iniciando enriquecimento externo {"importacao_id":62,"item_id":1037395,"ean":"7891010099787"}
[2026-06-05T20:17:07.014Z] [INFO] Iniciando enriquecimento externo {"importacao_id":62,"item_id":1037398,"ean":"3574660034110"}
[2026-06-05T20:17:07.861Z] [INFO] Enriquecimento concluido {"importacao_id":62,"item_id":1037394,"ean":"7891010099800","enriched":false,"requires_approval":true,"fontes_consultadas":{"convertize_busca":false,"convertize_busca_error":null,"convertize_detalhe":false,"farmaindex_busca":false,"farmaindex_busca_error":null,"farmaindex_detalhe":false,"drogasil_busca":false,"drogasil_busca_error":null,"drogasil_detalhe":false,"cache_hit":false,"encontrado":false}}
[2026-06-05T20:17:07.897Z] [INFO] Enriquecimento concluido {"importacao_id":62,"item_id":1037395,"ean":"7891010099787","enriched":false,"requires_approval":true,"fontes_consultadas":{"convertize_busca":false,"convertize_busca_error":null,"convertize_detalhe":false,"farmaindex_busca":false,"farmaindex_busca_error":null,"farmaindex_detalhe":false,"drogasil_busca":false,"drogasil_busca_error":null,"drogasil_detalhe":false,"cache_hit":false,"encontrado":false}}
[2026-06-05T20:17:08.124Z] [INFO] Enriquecimento concluido {"importacao_id":62,"item_id":1037398,"ean":"3574660034110","enriched":false,"requires_approval":true,"fontes_consultadas":{"convertize_busca":false,"convertize_busca_error":null,"convertize_detalhe":false,"farmaindex_busca":false,"farmaindex_busca_error":null,"farmaindex_detalhe":false,"drogasil_busca":false,"drogasil_busca_error":null,"drogasil_detalhe":false,"cache_hit":false,"encontrado":false}}
[2026-06-05T20:17:08.127Z] [INFO] Enriquecimento concluido {"importacao_id":62,"item_id":1037396,"ean":"3574660128246","enriched":false,"requires_approval":true,"fontes_consultadas":{"convertize_busca":false,"convertize_busca_error":null,"convertize_detalhe":false,"farmaindex_busca":false,"farmaindex_busca_error":null,"farmaindex_detalhe":false,"drogasil_busca":false,"drogasil_busca_error":null,"drogasil_detalhe":false,"cache_hit":false,"encontrado":false}}
[2026-06-05T20:17:08.221Z] [INFO] Consumidor retirou lote do staging de trier {"importacao_id":62,"staged_itens_lote":4,"staged_itens_restantes":53103,"sample_eans":["3574660072167","3574660057430","7896014140480","3574660060539"]}
[2026-06-05T20:17:08.222Z] [INFO] Iniciando checagem de existencia no Banco Unico {"total_eans_consulta":4,"batches":1,"batch_size":100,"sample_eans":["3574660072167","3574660057430","7896014140480","3574660060539"]}
[2026-06-05T20:17:08.222Z] [INFO] Consultando batch de EANs no Banco Unico {"batch_index":1,"batch_total":1,"eans_no_batch":4,"sample_eans":["3574660072167","3574660057430","7896014140480","3574660060539"]}
[2026-06-05T20:17:08.262Z] [INFO] Resultado do batch consultado no Banco Unico {"batch_index":1,"encontrados":1,"faltantes":3,"found_eans_sample":["7896014140480"]}
[2026-06-05T20:17:08.262Z] [INFO] Checagem de existencia no Banco Unico concluida {"total_consultados":4,"total_existentes":1,"total_ausentes":3,"existing_eans_sample":["7896014140480"]}
[2026-06-05T20:17:08.328Z] [INFO] Resumo da triagem antes do enriquecimento {"importacao_id":62,"staged_total":4,"validos_unicos":4,"invalidos":0,"duplicados_no_lote":0,"existentes_no_banco_unico":1,"elegiveis_enriquecimento":3,"sample_eans_elegiveis":["3574660072167","3574660057430","3574660060539"],"acumulado":{"invalidos":17,"duplicados_no_lote":0,"existentes_no_banco_unico":198,"elegiveis_processamento":434}}
[2026-06-05T20:17:08.366Z] [INFO] Iniciando enriquecimento externo {"importacao_id":62,"item_id":1037399,"ean":"3574660057430"}
[2026-06-05T20:17:08.368Z] [INFO] Iniciando enriquecimento externo {"importacao_id":62,"item_id":1037404,"ean":"3574660060539"}
[2026-06-05T20:17:08.371Z] [INFO] Iniciando enriquecimento externo {"importacao_id":62,"item_id":1037397,"ean":"3574660072167"}
[2026-06-05T20:17:09.194Z] [INFO] Enriquecimento concluido {"importacao_id":62,"item_id":1037399,"ean":"3574660057430","enriched":false,"requires_approval":true,"fontes_consultadas":{"convertize_busca":false,"convertize_busca_error":null,"convertize_detalhe":false,"farmaindex_busca":false,"farmaindex_busca_error":null,"farmaindex_detalhe":false,"drogasil_busca":false,"drogasil_busca_error":null,"drogasil_detalhe":false,"cache_hit":false,"encontrado":false}}
[2026-06-05T20:17:09.384Z] [INFO] Enriquecimento concluido {"importacao_id":62,"item_id":1037397,"ean":"3574660072167","enriched":false,"requires_approval":true,"fontes_consultadas":{"convertize_busca":false,"convertize_busca_error":null,"convertize_detalhe":false,"farmaindex_busca":false,"farmaindex_busca_error":null,"farmaindex_detalhe":false,"drogasil_busca":false,"drogasil_busca_error":null,"drogasil_detalhe":false,"cache_hit":false,"encontrado":false}}
[2026-06-05T20:17:10.508Z] [INFO] Enriquecimento concluido {"importacao_id":62,"item_id":1037404,"ean":"3574660060539","enriched":false,"requires_approval":true,"fontes_consultadas":{"convertize_busca":false,"convertize_busca_error":null,"convertize_detalhe":false,"farmaindex_busca":false,"farmaindex_busca_error":null,"farmaindex_detalhe":false,"drogasil_busca":false,"drogasil_busca_error":null,"drogasil_detalhe":false,"cache_hit":false,"encontrado":false}}
[2026-06-05T20:17:10.615Z] [INFO] Consumidor retirou lote do staging de trier {"importacao_id":62,"staged_itens_lote":4,"staged_itens_restantes":53099,"sample_eans":["3574660147094","3574660147063","3574660138405"]}
[2026-06-05T20:17:10.616Z] [INFO] Iniciando checagem de existencia no Banco Unico {"total_eans_consulta":3,"batches":1,"batch_size":100,"sample_eans":["3574660147094","3574660147063","3574660138405"]}
[2026-06-05T20:17:10.616Z] [INFO] Consultando batch de EANs no Banco Unico {"batch_index":1,"batch_total":1,"eans_no_batch":3,"sample_eans":["3574660147094","3574660147063","3574660138405"]}
[2026-06-05T20:17:10.664Z] [INFO] Resultado do batch consultado no Banco Unico {"batch_index":1,"encontrados":0,"faltantes":3,"found_eans_sample":[]}
[2026-06-05T20:17:10.665Z] [INFO] Checagem de existencia no Banco Unico concluida {"total_consultados":3,"total_existentes":0,"total_ausentes":3,"existing_eans_sample":[]}
[2026-06-05T20:17:10.665Z] [INFO] Resumo da triagem antes do enriquecimento {"importacao_id":62,"staged_total":4,"validos_unicos":3,"invalidos":1,"duplicados_no_lote":0,"existentes_no_banco_unico":0,"elegiveis_enriquecimento":4,"sample_eans_elegiveis":["3574660147094","3574660147063","3574660138405"],"acumulado":{"invalidos":18,"duplicados_no_lote":0,"existentes_no_banco_unico":198,"elegiveis_processamento":438}}
[2026-06-05T20:17:10.689Z] [INFO] Iniciando enriquecimento externo {"importacao_id":62,"item_id":1037402,"ean":"3574660147063"}
[2026-06-05T20:17:10.691Z] [INFO] Iniciando enriquecimento externo {"importacao_id":62,"item_id":1037405,"ean":"3574660138405"}
[2026-06-05T20:17:10.696Z] [INFO] Iniciando enriquecimento externo {"importacao_id":62,"item_id":1037403,"ean":"3574660147094"}
[2026-06-05T20:17:11.903Z] [INFO] Enriquecimento concluido {"importacao_id":62,"item_id":1037405,"ean":"3574660138405","enriched":false,"requires_approval":true,"fontes_consultadas":{"convertize_busca":false,"convertize_busca_error":null,"convertize_detalhe":false,"farmaindex_busca":false,"farmaindex_busca_error":null,"farmaindex_detalhe":false,"drogasil_busca":false,"drogasil_busca_error":null,"drogasil_detalhe":false,"cache_hit":false,"encontrado":false}}
[2026-06-05T20:17:12.198Z] [INFO] Enriquecimento concluido {"importacao_id":62,"item_id":1037402,"ean":"3574660147063","enriched":false,"requires_approval":true,"fontes_consultadas":{"convertize_busca":false,"convertize_busca_error":null,"convertize_detalhe":false,"farmaindex_busca":false,"farmaindex_busca_error":null,"farmaindex_detalhe":false,"drogasil_busca":false,"drogasil_busca_error":null,"drogasil_detalhe":false,"cache_hit":false,"encontrado":false}}
[2026-06-05T20:17:12.633Z] [INFO] Enriquecimento concluido {"importacao_id":62,"item_id":1037403,"ean":"3574660147094","enriched":false,"requires_approval":true,"fontes_consultadas":{"convertize_busca":false,"convertize_busca_error":null,"convertize_detalhe":false,"farmaindex_busca":false,"farmaindex_busca_error":null,"farmaindex_detalhe":false,"drogasil_busca":false,"drogasil_busca_error":null,"drogasil_detalhe":false,"cache_hit":false,"encontrado":false}}
[2026-06-05T20:17:12.792Z] [INFO] Consumidor retirou lote do staging de trier {"importacao_id":62,"staged_itens_lote":4,"staged_itens_restantes":53095,"sample_eans":["7899706156547","7898927562014","7891010503031","7896090400324"]}
[2026-06-05T20:17:12.793Z] [INFO] Iniciando checagem de existencia no Banco Unico {"total_eans_consulta":4,"batches":1,"batch_size":100,"sample_eans":["7899706156547","7898927562014","7891010503031","7896090400324"]}
[2026-06-05T20:17:12.793Z] [INFO] Consultando batch de EANs no Banco Unico {"batch_index":1,"batch_total":1,"eans_no_batch":4,"sample_eans":["7899706156547","7898927562014","7891010503031","7896090400324"]}
[2026-06-05T20:17:12.838Z] [INFO] Resultado do batch consultado no Banco Unico {"batch_index":1,"encontrados":1,"faltantes":3,"found_eans_sample":["7891010503031"]}
[2026-06-05T20:17:12.838Z] [INFO] Checagem de existencia no Banco Unico concluida {"total_consultados":4,"total_existentes":1,"total_ausentes":3,"existing_eans_sample":["7891010503031"]}
[2026-06-05T20:17:12.904Z] [INFO] Resumo da triagem antes do enriquecimento {"importacao_id":62,"staged_total":4,"validos_unicos":4,"invalidos":0,"duplicados_no_lote":0,"existentes_no_banco_unico":1,"elegiveis_enriquecimento":3,"sample_eans_elegiveis":["7899706156547","7898927562014","7896090400324"],"acumulado":{"invalidos":18,"duplicados_no_lote":0,"existentes_no_banco_unico":199,"elegiveis_processamento":441}}
[2026-06-05T20:17:12.937Z] [INFO] Iniciando enriquecimento externo {"importacao_id":62,"item_id":1037410,"ean":"7896090400324"}
[2026-06-05T20:17:12.940Z] [INFO] Iniciando enriquecimento externo {"importacao_id":62,"item_id":1037409,"ean":"7899706156547"}
[2026-06-05T20:17:12.969Z] [INFO] Iniciando enriquecimento externo {"importacao_id":62,"item_id":1037407,"ean":"7898927562014"}
[2026-06-05T20:17:13.932Z] [INFO] Enriquecimento concluido {"importacao_id":62,"item_id":1037410,"ean":"7896090400324","enriched":false,"requires_approval":true,"fontes_consultadas":{"convertize_busca":false,"convertize_busca_error":null,"convertize_detalhe":false,"farmaindex_busca":false,"farmaindex_busca_error":null,"farmaindex_detalhe":false,"drogasil_busca":false,"drogasil_busca_error":null,"drogasil_detalhe":false,"cache_hit":false,"encontrado":false}}
[2026-06-05T20:17:14.242Z] [INFO] Enriquecimento concluido {"importacao_id":62,"item_id":1037409,"ean":"7899706156547","enriched":false,"requires_approval":true,"fontes_consultadas":{"convertize_busca":false,"convertize_busca_error":null,"convertize_detalhe":false,"farmaindex_busca":false,"farmaindex_busca_error":null,"farmaindex_detalhe":false,"drogasil_busca":false,"drogasil_busca_error":null,"drogasil_detalhe":false,"cache_hit":false,"encontrado":false}}
[2026-06-05T20:17:14.577Z] [INFO] Enriquecimento concluido {"importacao_id":62,"item_id":1037407,"ean":"7898927562014","enriched":false,"requires_approval":true,"fontes_consultadas":{"convertize_busca":false,"convertize_busca_error":null,"convertize_detalhe":false,"farmaindex_busca":false,"farmaindex_busca_error":null,"farmaindex_detalhe":false,"drogasil_busca":false,"drogasil_busca_error":null,"drogasil_detalhe":false,"cache_hit":false,"encontrado":false}}
[2026-06-05T20:17:14.673Z] [INFO] Consumidor retirou lote do staging de trier {"importacao_id":62,"staged_itens_lote":4,"staged_itens_restantes":53091,"sample_eans":["7896090400300","7896014140589","7891040107872","7897655402043"]}
[2026-06-05T20:17:14.674Z] [INFO] Iniciando checagem de existencia no Banco Unico {"total_eans_consulta":4,"batches":1,"batch_size":100,"sample_eans":["7896090400300","7896014140589","7891040107872","7897655402043"]}
[2026-06-05T20:17:14.675Z] [INFO] Consultando batch de EANs no Banco Unico {"batch_index":1,"batch_total":1,"eans_no_batch":4,"sample_eans":["7896090400300","7896014140589","7891040107872","7897655402043"]}
[2026-06-05T20:17:14.717Z] [INFO] Resultado do batch consultado no Banco Unico {"batch_index":1,"encontrados":3,"faltantes":1,"found_eans_sample":["7896014140589","7891040107872","7897655402043"]}
[2026-06-05T20:17:14.718Z] [INFO] Checagem de existencia no Banco Unico concluida {"total_consultados":4,"total_existentes":3,"total_ausentes":1,"existing_eans_sample":["7896014140589","7891040107872","7897655402043"]}
[2026-06-05T20:17:14.899Z] [INFO] Resumo da triagem antes do enriquecimento {"importacao_id":62,"staged_total":4,"validos_unicos":4,"invalidos":0,"duplicados_no_lote":0,"existentes_no_banco_unico":3,"elegiveis_enriquecimento":1,"sample_eans_elegiveis":["7896090400300"],"acumulado":{"invalidos":18,"duplicados_no_lote":0,"existentes_no_banco_unico":202,"elegiveis_processamento":442}}
[2026-06-05T20:17:14.930Z] [INFO] Iniciando enriquecimento externo {"importacao_id":62,"item_id":1037408,"ean":"7896090400300"}
[2026-06-05T20:17:15.692Z] [INFO] Enriquecimento concluido {"importacao_id":62,"item_id":1037408,"ean":"7896090400300","enriched":false,"requires_approval":true,"fontes_consultadas":{"convertize_busca":false,"convertize_busca_error":null,"convertize_detalhe":false,"farmaindex_busca":false,"farmaindex_busca_error":null,"farmaindex_detalhe":false,"drogasil_busca":false,"drogasil_busca_error":null,"drogasil_detalhe":false,"cache_hit":false,"encontrado":false}}
[2026-06-05T20:17:15.783Z] [INFO] Consumidor retirou lote do staging de trier {"importacao_id":62,"staged_itens_lote":4,"staged_itens_restantes":53087,"sample_eans":["7896206402075","7897655402029","7896049599109","7896181906162"]}
[2026-06-05T20:17:15.784Z] [INFO] Iniciando checagem de existencia no Banco Unico {"total_eans_consulta":4,"batches":1,"batch_size":100,"sample_eans":["7896206402075","7897655402029","7896049599109","7896181906162"]}
[2026-06-05T20:17:15.785Z] [INFO] Consultando batch de EANs no Banco Unico {"batch_index":1,"batch_total":1,"eans_no_batch":4,"sample_eans":["7896206402075","7897655402029","7896049599109","7896181906162"]}
[2026-06-05T20:17:15.822Z] [INFO] Resultado do batch consultado no Banco Unico {"batch_index":1,"encontrados":1,"faltantes":3,"found_eans_sample":["7897655402029"]}
[2026-06-05T20:17:15.822Z] [INFO] Checagem de existencia no Banco Unico concluida {"total_consultados":4,"total_existentes":1,"total_ausentes":3,"existing_eans_sample":["7897655402029"]}
[2026-06-05T20:17:15.883Z] [INFO] Resumo da triagem antes do enriquecimento {"importacao_id":62,"staged_total":4,"validos_unicos":4,"invalidos":0,"duplicados_no_lote":0,"existentes_no_banco_unico":1,"elegiveis_enriquecimento":3,"sample_eans_elegiveis":["7896206402075","7896049599109","7896181906162"],"acumulado":{"invalidos":18,"duplicados_no_lote":0,"existentes_no_banco_unico":203,"elegiveis_processamento":445}}
[2026-06-05T20:17:15.915Z] [INFO] Iniciando enriquecimento externo {"importacao_id":62,"item_id":1037417,"ean":"7896049599109"}
[2026-06-05T20:17:15.918Z] [INFO] Iniciando enriquecimento externo {"importacao_id":62,"item_id":1037412,"ean":"7896206402075"}
[2026-06-05T20:17:15.931Z] [INFO] Iniciando enriquecimento externo {"importacao_id":62,"item_id":1037419,"ean":"7896181906162"}
[2026-06-05T20:17:16.876Z] [INFO] Enriquecimento concluido {"importacao_id":62,"item_id":1037412,"ean":"7896206402075","enriched":false,"requires_approval":true,"fontes_consultadas":{"convertize_busca":false,"convertize_busca_error":null,"convertize_detalhe":false,"farmaindex_busca":false,"farmaindex_busca_error":null,"farmaindex_detalhe":false,"drogasil_busca":false,"drogasil_busca_error":null,"drogasil_detalhe":false,"cache_hit":false,"encontrado":false}}
[2026-06-05T20:17:16.885Z] [INFO] Enriquecimento concluido {"importacao_id":62,"item_id":1037417,"ean":"7896049599109","enriched":false,"requires_approval":true,"fontes_consultadas":{"convertize_busca":false,"convertize_busca_error":null,"convertize_detalhe":false,"farmaindex_busca":false,"farmaindex_busca_error":null,"farmaindex_detalhe":false,"drogasil_busca":false,"drogasil_busca_error":null,"drogasil_detalhe":false,"cache_hit":false,"encontrado":false}}
[2026-06-05T20:17:17.119Z] [INFO] Enriquecimento concluido {"importacao_id":62,"item_id":1037419,"ean":"7896181906162","enriched":false,"requires_approval":true,"fontes_consultadas":{"convertize_busca":false,"convertize_busca_error":null,"convertize_detalhe":false,"farmaindex_busca":false,"farmaindex_busca_error":null,"farmaindex_detalhe":false,"drogasil_busca":false,"drogasil_busca_error":null,"drogasil_detalhe":false,"cache_hit":false,"encontrado":false}}
[2026-06-05T20:17:17.218Z] [INFO] Consumidor retirou lote do staging de trier {"importacao_id":62,"staged_itens_lote":4,"staged_itens_restantes":53083,"sample_eans":["7896181906209","7896181906223","7896181906292","7896422508117"]}
[2026-06-05T20:17:17.220Z] [INFO] Iniciando checagem de existencia no Banco Unico {"total_eans_consulta":4,"batches":1,"batch_size":100,"sample_eans":["7896181906209","7896181906223","7896181906292","7896422508117"]}
[2026-06-05T20:17:17.220Z] [INFO] Consultando batch de EANs no Banco Unico {"batch_index":1,"batch_total":1,"eans_no_batch":4,"sample_eans":["7896181906209","7896181906223","7896181906292","7896422508117"]}
[2026-06-05T20:17:17.267Z] [INFO] Resultado do batch consultado no Banco Unico {"batch_index":1,"encontrados":1,"faltantes":3,"found_eans_sample":["7896181906209"]}
[2026-06-05T20:17:17.267Z] [INFO] Checagem de existencia no Banco Unico concluida {"total_consultados":4,"total_existentes":1,"total_ausentes":3,"existing_eans_sample":["7896181906209"]}
[2026-06-05T20:17:17.340Z] [INFO] Resumo da triagem antes do enriquecimento {"importacao_id":62,"staged_total":4,"validos_unicos":4,"invalidos":0,"duplicados_no_lote":0,"existentes_no_banco_unico":1,"elegiveis_enriquecimento":3,"sample_eans_elegiveis":["7896181906223","7896181906292","7896422508117"],"acumulado":{"invalidos":18,"duplicados_no_lote":0,"existentes_no_banco_unico":204,"elegiveis_processamento":448}}
[2026-06-05T20:17:17.366Z] [INFO] Iniciando enriquecimento externo {"importacao_id":62,"item_id":1037425,"ean":"7896422508117"}
[2026-06-05T20:17:17.371Z] [INFO] Iniciando enriquecimento externo {"importacao_id":62,"item_id":1037416,"ean":"7896181906223"}
[2026-06-05T20:17:17.376Z] [INFO] Iniciando enriquecimento externo {"importacao_id":62,"item_id":1037424,"ean":"7896181906292"}
[2026-06-05T20:17:19.367Z] [INFO] Enriquecimento concluido {"importacao_id":62,"item_id":1037424,"ean":"7896181906292","enriched":false,"requires_approval":true,"fontes_consultadas":{"convertize_busca":false,"convertize_busca_error":null,"convertize_detalhe":false,"farmaindex_busca":false,"farmaindex_busca_error":null,"farmaindex_detalhe":false,"drogasil_busca":false,"drogasil_busca_error":null,"drogasil_detalhe":false,"cache_hit":false,"encontrado":false}}
[2026-06-05T20:17:19.527Z] [INFO] Enriquecimento concluido {"importacao_id":62,"item_id":1037425,"ean":"7896422508117","enriched":false,"requires_approval":true,"fontes_consultadas":{"convertize_busca":false,"convertize_busca_error":null,"convertize_detalhe":false,"farmaindex_busca":false,"farmaindex_busca_error":null,"farmaindex_detalhe":false,"drogasil_busca":false,"drogasil_busca_error":null,"drogasil_detalhe":false,"cache_hit":false,"encontrado":false}}
[2026-06-05T20:17:19.820Z] [INFO] Enriquecimento concluido {"importacao_id":62,"item_id":1037416,"ean":"7896181906223","enriched":false,"requires_approval":true,"fontes_consultadas":{"convertize_busca":false,"convertize_busca_error":null,"convertize_detalhe":false,"farmaindex_busca":false,"farmaindex_busca_error":null,"farmaindex_detalhe":false,"drogasil_busca":false,"drogasil_busca_error":null,"drogasil_detalhe":false,"cache_hit":false,"encontrado":false}}
[2026-06-05T20:17:19.920Z] [INFO] Consumidor retirou lote do staging de trier {"importacao_id":62,"staged_itens_lote":4,"staged_itens_restantes":53079,"sample_eans":["7897682000601","7896235330059","7896235330097","7896206402082"]}
[2026-06-05T20:17:19.920Z] [INFO] Iniciando checagem de existencia no Banco Unico {"total_eans_consulta":4,"batches":1,"batch_size":100,"sample_eans":["7897682000601","7896235330059","7896235330097","7896206402082"]}
[2026-06-05T20:17:19.921Z] [INFO] Consultando batch de EANs no Banco Unico {"batch_index":1,"batch_total":1,"eans_no_batch":4,"sample_eans":["7897682000601","7896235330059","7896235330097","7896206402082"]}
[2026-06-05T20:17:19.957Z] [INFO] Resultado do batch consultado no Banco Unico {"batch_index":1,"encontrados":1,"faltantes":3,"found_eans_sample":["7896206402082"]}
[2026-06-05T20:17:19.957Z] [INFO] Checagem de existencia no Banco Unico concluida {"total_consultados":4,"total_existentes":1,"total_ausentes":3,"existing_eans_sample":["7896206402082"]}
[2026-06-05T20:17:20.022Z] [INFO] Resumo da triagem antes do enriquecimento {"importacao_id":62,"staged_total":4,"validos_unicos":4,"invalidos":0,"duplicados_no_lote":0,"existentes_no_banco_unico":1,"elegiveis_enriquecimento":3,"sample_eans_elegiveis":["7897682000601","7896235330059","7896235330097"],"acumulado":{"invalidos":18,"duplicados_no_lote":0,"existentes_no_banco_unico":205,"elegiveis_processamento":451}}
[2026-06-05T20:17:20.050Z] [INFO] Iniciando enriquecimento externo {"importacao_id":62,"item_id":1037422,"ean":"7896235330097"}
[2026-06-05T20:17:20.055Z] [INFO] Iniciando enriquecimento externo {"importacao_id":62,"item_id":1037421,"ean":"7896235330059"}
[2026-06-05T20:17:20.057Z] [INFO] Iniciando enriquecimento externo {"importacao_id":62,"item_id":1037420,"ean":"7897682000601"}
[2026-06-05T20:17:21.682Z] [INFO] Enriquecimento concluido {"importacao_id":62,"item_id":1037422,"ean":"7896235330097","enriched":false,"requires_approval":true,"fontes_consultadas":{"convertize_busca":false,"convertize_busca_error":null,"convertize_detalhe":false,"farmaindex_busca":false,"farmaindex_busca_error":null,"farmaindex_detalhe":false,"drogasil_busca":false,"drogasil_busca_error":null,"drogasil_detalhe":false,"cache_hit":false,"encontrado":false}}
[2026-06-05T20:17:21.907Z] [INFO] Enriquecimento concluido {"importacao_id":62,"item_id":1037420,"ean":"7897682000601","enriched":false,"requires_approval":true,"fontes_consultadas":{"convertize_busca":false,"convertize_busca_error":null,"convertize_detalhe":false,"farmaindex_busca":false,"farmaindex_busca_error":null,"farmaindex_detalhe":false,"drogasil_busca":false,"drogasil_busca_error":null,"drogasil_detalhe":false,"cache_hit":false,"encontrado":false}}
[2026-06-05T20:17:22.614Z] [INFO] Enriquecimento concluido {"importacao_id":62,"item_id":1037421,"ean":"7896235330059","enriched":false,"requires_approval":true,"fontes_consultadas":{"convertize_busca":false,"convertize_busca_error":null,"convertize_detalhe":false,"farmaindex_busca":false,"farmaindex_busca_error":null,"farmaindex_detalhe":false,"drogasil_busca":false,"drogasil_busca_error":null,"drogasil_detalhe":false,"cache_hit":false,"encontrado":false}}
[2026-06-05T20:17:22.725Z] [INFO] Consumidor retirou lote do staging de trier {"importacao_id":62,"staged_itens_lote":4,"staged_itens_restantes":53075,"sample_eans":["7896014140633","7896235330103","7896235330110","7896235330134"]}
[2026-06-05T20:17:22.726Z] [INFO] Iniciando checagem de existencia no Banco Unico {"total_eans_consulta":4,"batches":1,"batch_size":100,"sample_eans":["7896014140633","7896235330103","7896235330110","7896235330134"]}
[2026-06-05T20:17:22.727Z] [INFO] Consultando batch de EANs no Banco Unico {"batch_index":1,"batch_total":1,"eans_no_batch":4,"sample_eans":["7896014140633","7896235330103","7896235330110","7896235330134"]}
[2026-06-05T20:17:22.776Z] [INFO] Resultado do batch consultado no Banco Unico {"batch_index":1,"encontrados":1,"faltantes":3,"found_eans_sample":["7896014140633"]}
[2026-06-05T20:17:22.776Z] [INFO] Checagem de existencia no Banco Unico concluida {"total_consultados":4,"total_existentes":1,"total_ausentes":3,"existing_eans_sample":["7896014140633"]}
[2026-06-05T20:17:22.879Z] [INFO] Resumo da triagem antes do enriquecimento {"importacao_id":62,"staged_total":4,"validos_unicos":4,"invalidos":0,"duplicados_no_lote":0,"existentes_no_banco_unico":1,"elegiveis_enriquecimento":3,"sample_eans_elegiveis":["7896235330103","7896235330110","7896235330134"],"acumulado":{"invalidos":18,"duplicados_no_lote":0,"existentes_no_banco_unico":206,"elegiveis_processamento":454}}
[2026-06-05T20:17:22.923Z] [INFO] Iniciando enriquecimento externo {"importacao_id":62,"item_id":1037430,"ean":"7896235330134"}
[2026-06-05T20:17:22.927Z] [INFO] Iniciando enriquecimento externo {"importacao_id":62,"item_id":1037437,"ean":"7896235330110"}
[2026-06-05T20:17:22.930Z] [INFO] Iniciando enriquecimento externo {"importacao_id":62,"item_id":1037427,"ean":"7896235330103"}
[2026-06-05T20:17:26.628Z] [INFO] Enriquecimento concluido {"importacao_id":62,"item_id":1037427,"ean":"7896235330103","enriched":false,"requires_approval":true,"fontes_consultadas":{"convertize_busca":false,"convertize_busca_error":null,"convertize_detalhe":false,"farmaindex_busca":false,"farmaindex_busca_error":null,"farmaindex_detalhe":false,"drogasil_busca":false,"drogasil_busca_error":null,"drogasil_detalhe":false,"cache_hit":false,"encontrado":false}}
[2026-06-05T20:17:26.636Z] [INFO] Enriquecimento concluido {"importacao_id":62,"item_id":1037437,"ean":"7896235330110","enriched":false,"requires_approval":true,"fontes_consultadas":{"convertize_busca":false,"convertize_busca_error":null,"convertize_detalhe":false,"farmaindex_busca":false,"farmaindex_busca_error":null,"farmaindex_detalhe":false,"drogasil_busca":false,"drogasil_busca_error":null,"drogasil_detalhe":false,"cache_hit":false,"encontrado":false}}
[2026-06-05T20:17:27.247Z] [INFO] Enriquecimento concluido {"importacao_id":62,"item_id":1037430,"ean":"7896235330134","enriched":false,"requires_approval":true,"fontes_consultadas":{"convertize_busca":false,"convertize_busca_error":null,"convertize_detalhe":false,"farmaindex_busca":false,"farmaindex_busca_error":null,"farmaindex_detalhe":false,"drogasil_busca":false,"drogasil_busca_error":null,"drogasil_detalhe":false,"cache_hit":false,"encontrado":false}}
[2026-06-05T20:17:27.382Z] [INFO] Consumidor retirou lote do staging de trier {"importacao_id":62,"staged_itens_lote":4,"staged_itens_restantes":53071,"sample_eans":["7896235330158","7896235330165","7896235330172","7896235330196"]}
[2026-06-05T20:17:27.383Z] [INFO] Iniciando checagem de existencia no Banco Unico {"total_eans_consulta":4,"batches":1,"batch_size":100,"sample_eans":["7896235330158","7896235330165","7896235330172","7896235330196"]}
[2026-06-05T20:17:27.383Z] [INFO] Consultando batch de EANs no Banco Unico {"batch_index":1,"batch_total":1,"eans_no_batch":4,"sample_eans":["7896235330158","7896235330165","7896235330172","7896235330196"]}
[2026-06-05T20:17:27.419Z] [INFO] Resultado do batch consultado no Banco Unico {"batch_index":1,"encontrados":0,"faltantes":4,"found_eans_sample":[]}
[2026-06-05T20:17:27.420Z] [INFO] Checagem de existencia no Banco Unico concluida {"total_consultados":4,"total_existentes":0,"total_ausentes":4,"existing_eans_sample":[]}
[2026-06-05T20:17:27.420Z] [INFO] Resumo da triagem antes do enriquecimento {"importacao_id":62,"staged_total":4,"validos_unicos":4,"invalidos":0,"duplicados_no_lote":0,"existentes_no_banco_unico":0,"elegiveis_enriquecimento":4,"sample_eans_elegiveis":["7896235330158","7896235330165","7896235330172","7896235330196"],"acumulado":{"invalidos":18,"duplicados_no_lote":0,"existentes_no_banco_unico":206,"elegiveis_processamento":458}}
[2026-06-05T20:17:27.444Z] [INFO] Iniciando enriquecimento externo {"importacao_id":62,"item_id":1037438,"ean":"7896235330158"}
[2026-06-05T20:17:27.452Z] [INFO] Iniciando enriquecimento externo {"importacao_id":62,"item_id":1037436,"ean":"7896235330165"}
[2026-06-05T20:17:27.455Z] [INFO] Iniciando enriquecimento externo {"importacao_id":62,"item_id":1037431,"ean":"7896235330172"}
[2026-06-05T20:17:27.467Z] [INFO] Iniciando enriquecimento externo {"importacao_id":62,"item_id":1037429,"ean":"7896235330196"}
[2026-06-05T20:17:31.087Z] [INFO] Enriquecimento concluido {"importacao_id":62,"item_id":1037436,"ean":"7896235330165","enriched":false,"requires_approval":true,"fontes_consultadas":{"convertize_busca":false,"convertize_busca_error":null,"convertize_detalhe":false,"farmaindex_busca":false,"farmaindex_busca_error":null,"farmaindex_detalhe":false,"drogasil_busca":false,"drogasil_busca_error":null,"drogasil_detalhe":false,"cache_hit":false,"encontrado":false}}
[2026-06-05T20:17:31.314Z] [INFO] Enriquecimento concluido {"importacao_id":62,"item_id":1037431,"ean":"7896235330172","enriched":false,"requires_approval":true,"fontes_consultadas":{"convertize_busca":false,"convertize_busca_error":null,"convertize_detalhe":false,"farmaindex_busca":false,"farmaindex_busca_error":null,"farmaindex_detalhe":false,"drogasil_busca":false,"drogasil_busca_error":null,"drogasil_detalhe":false,"cache_hit":false,"encontrado":false}}
[2026-06-05T20:17:31.398Z] [INFO] Enriquecimento concluido {"importacao_id":62,"item_id":1037429,"ean":"7896235330196","enriched":false,"requires_approval":true,"fontes_consultadas":{"convertize_busca":false,"convertize_busca_error":null,"convertize_detalhe":false,"farmaindex_busca":false,"farmaindex_busca_error":null,"farmaindex_detalhe":false,"drogasil_busca":false,"drogasil_busca_error":null,"drogasil_detalhe":false,"cache_hit":false,"encontrado":false}}
[2026-06-05T20:17:31.655Z] [INFO] Enriquecimento concluido {"importacao_id":62,"item_id":1037438,"ean":"7896235330158","enriched":false,"requires_approval":true,"fontes_consultadas":{"convertize_busca":false,"convertize_busca_error":null,"convertize_detalhe":false,"farmaindex_busca":false,"farmaindex_busca_error":null,"farmaindex_detalhe":false,"drogasil_busca":false,"drogasil_busca_error":null,"drogasil_detalhe":false,"cache_hit":false,"encontrado":false}}
[2026-06-05T20:17:31.728Z] [INFO] Consumidor retirou lote do staging de trier {"importacao_id":62,"staged_itens_lote":4,"staged_itens_restantes":53067,"sample_eans":["7896014140695","7891317425760","7897595901064","7897759000084"]}
[2026-06-05T20:17:31.728Z] [INFO] Iniciando checagem de existencia no Banco Unico {"total_eans_consulta":4,"batches":1,"batch_size":100,"sample_eans":["7896014140695","7891317425760","7897595901064","7897759000084"]}
[2026-06-05T20:17:31.729Z] [INFO] Consultando batch de EANs no Banco Unico {"batch_index":1,"batch_total":1,"eans_no_batch":4,"sample_eans":["7896014140695","7891317425760","7897595901064","7897759000084"]}
[2026-06-05T20:17:31.763Z] [INFO] Resultado do batch consultado no Banco Unico {"batch_index":1,"encontrados":3,"faltantes":1,"found_eans_sample":["7896014140695","7891317425760","7897595901064"]}
[2026-06-05T20:17:31.764Z] [INFO] Checagem de existencia no Banco Unico concluida {"total_consultados":4,"total_existentes":3,"total_ausentes":1,"existing_eans_sample":["7896014140695","7891317425760","7897595901064"]}
[2026-06-05T20:17:31.932Z] [INFO] Resumo da triagem antes do enriquecimento {"importacao_id":62,"staged_total":4,"validos_unicos":4,"invalidos":0,"duplicados_no_lote":0,"existentes_no_banco_unico":3,"elegiveis_enriquecimento":1,"sample_eans_elegiveis":["7897759000084"],"acumulado":{"invalidos":18,"duplicados_no_lote":0,"existentes_no_banco_unico":209,"elegiveis_processamento":459}}
[2026-06-05T20:17:31.955Z] [INFO] Iniciando enriquecimento externo {"importacao_id":62,"item_id":1037440,"ean":"7897759000084"}
[2026-06-05T20:17:34.322Z] [INFO] Enriquecimento concluido {"importacao_id":62,"item_id":1037440,"ean":"7897759000084","enriched":false,"requires_approval":true,"fontes_consultadas":{"convertize_busca":false,"convertize_busca_error":null,"convertize_detalhe":false,"farmaindex_busca":false,"farmaindex_busca_error":null,"farmaindex_detalhe":false,"drogasil_busca":false,"drogasil_busca_error":null,"drogasil_detalhe":false,"cache_hit":false,"encontrado":false}}
[2026-06-05T20:17:34.432Z] [INFO] Consumidor retirou lote do staging de trier {"importacao_id":62,"staged_itens_lote":4,"staged_itens_restantes":53063,"sample_eans":["7899640806591","7896015517274","7891010047184","7891182024006"]}
[2026-06-05T20:17:34.432Z] [INFO] Iniciando checagem de existencia no Banco Unico {"total_eans_consulta":4,"batches":1,"batch_size":100,"sample_eans":["7899640806591","7896015517274","7891010047184","7891182024006"]}
[2026-06-05T20:17:34.434Z] [INFO] Consultando batch de EANs no Banco Unico {"batch_index":1,"batch_total":1,"eans_no_batch":4,"sample_eans":["7899640806591","7896015517274","7891010047184","7891182024006"]}
[2026-06-05T20:17:34.467Z] [INFO] Resultado do batch consultado no Banco Unico {"batch_index":1,"encontrados":2,"faltantes":2,"found_eans_sample":["7896015517274","7891010047184"]}
[2026-06-05T20:17:34.468Z] [INFO] Checagem de existencia no Banco Unico concluida {"total_consultados":4,"total_existentes":2,"total_ausentes":2,"existing_eans_sample":["7896015517274","7891010047184"]}
[2026-06-05T20:17:34.565Z] [INFO] Resumo da triagem antes do enriquecimento {"importacao_id":62,"staged_total":4,"validos_unicos":4,"invalidos":0,"duplicados_no_lote":0,"existentes_no_banco_unico":2,"elegiveis_enriquecimento":2,"sample_eans_elegiveis":["7899640806591","7891182024006"],"acumulado":{"invalidos":18,"duplicados_no_lote":0,"existentes_no_banco_unico":211,"elegiveis_processamento":461}}
[2026-06-05T20:17:34.590Z] [INFO] Iniciando enriquecimento externo {"importacao_id":62,"item_id":1037442,"ean":"7891182024006"}
[2026-06-05T20:17:34.599Z] [INFO] Iniciando enriquecimento externo {"importacao_id":62,"item_id":1037433,"ean":"7899640806591"}
[2026-06-05T20:17:37.034Z] [INFO] Enriquecimento concluido {"importacao_id":62,"item_id":1037442,"ean":"7891182024006","enriched":false,"requires_approval":true,"fontes_consultadas":{"convertize_busca":false,"convertize_busca_error":null,"convertize_detalhe":false,"farmaindex_busca":false,"farmaindex_busca_error":null,"farmaindex_detalhe":false,"drogasil_busca":false,"drogasil_busca_error":null,"drogasil_detalhe":false,"cache_hit":false,"encontrado":false}}
[2026-06-05T20:17:37.292Z] [INFO] Enriquecimento concluido {"importacao_id":62,"item_id":1037433,"ean":"7899640806591","enriched":false,"requires_approval":true,"fontes_consultadas":{"convertize_busca":false,"convertize_busca_error":null,"convertize_detalhe":false,"farmaindex_busca":false,"farmaindex_busca_error":null,"farmaindex_detalhe":false,"drogasil_busca":false,"drogasil_busca_error":null,"drogasil_detalhe":false,"cache_hit":false,"encontrado":false}}
[2026-06-05T20:17:37.387Z] [INFO] Consumidor retirou lote do staging de trier {"importacao_id":62,"staged_itens_lote":4,"staged_itens_restantes":53059,"sample_eans":["7891182024020","7891182024044","7891182024068","7891182024082"]}
[2026-06-05T20:17:37.388Z] [INFO] Iniciando checagem de existencia no Banco Unico {"total_eans_consulta":4,"batches":1,"batch_size":100,"sample_eans":["7891182024020","7891182024044","7891182024068","7891182024082"]}
[2026-06-05T20:17:37.388Z] [INFO] Consultando batch de EANs no Banco Unico {"batch_index":1,"batch_total":1,"eans_no_batch":4,"sample_eans":["7891182024020","7891182024044","7891182024068","7891182024082"]}
[2026-06-05T20:17:37.420Z] [INFO] Resultado do batch consultado no Banco Unico {"batch_index":1,"encontrados":0,"faltantes":4,"found_eans_sample":[]}
[2026-06-05T20:17:37.420Z] [INFO] Checagem de existencia no Banco Unico concluida {"total_consultados":4,"total_existentes":0,"total_ausentes":4,"existing_eans_sample":[]}
[2026-06-05T20:17:37.421Z] [INFO] Resumo da triagem antes do enriquecimento {"importacao_id":62,"staged_total":4,"validos_unicos":4,"invalidos":0,"duplicados_no_lote":0,"existentes_no_banco_unico":0,"elegiveis_enriquecimento":4,"sample_eans_elegiveis":["7891182024020","7891182024044","7891182024068","7891182024082"],"acumulado":{"invalidos":18,"duplicados_no_lote":0,"existentes_no_banco_unico":211,"elegiveis_processamento":465}}
[2026-06-05T20:17:37.445Z] [INFO] Iniciando enriquecimento externo {"importacao_id":62,"item_id":1037441,"ean":"7891182024020"}
[2026-06-05T20:17:37.454Z] [INFO] Iniciando enriquecimento externo {"importacao_id":62,"item_id":1037443,"ean":"7891182024044"}
[2026-06-05T20:17:37.466Z] [INFO] Iniciando enriquecimento externo {"importacao_id":62,"item_id":1037445,"ean":"7891182024082"}
[2026-06-05T20:17:37.479Z] [INFO] Iniciando enriquecimento externo {"importacao_id":62,"item_id":1037444,"ean":"7891182024068"}
[2026-06-05T20:17:40.121Z] [INFO] Enriquecimento concluido {"importacao_id":62,"item_id":1037443,"ean":"7891182024044","enriched":false,"requires_approval":true,"fontes_consultadas":{"convertize_busca":false,"convertize_busca_error":null,"convertize_detalhe":false,"farmaindex_busca":false,"farmaindex_busca_error":null,"farmaindex_detalhe":false,"drogasil_busca":false,"drogasil_busca_error":null,"drogasil_detalhe":false,"cache_hit":false,"encontrado":false}}
[2026-06-05T20:17:40.184Z] [INFO] Enriquecimento concluido {"importacao_id":62,"item_id":1037444,"ean":"7891182024068","enriched":false,"requires_approval":true,"fontes_consultadas":{"convertize_busca":false,"convertize_busca_error":null,"convertize_detalhe":false,"farmaindex_busca":false,"farmaindex_busca_error":null,"farmaindex_detalhe":false,"drogasil_busca":false,"drogasil_busca_error":null,"drogasil_detalhe":false,"cache_hit":false,"encontrado":false}}
[2026-06-05T20:17:40.225Z] [INFO] Enriquecimento concluido {"importacao_id":62,"item_id":1037445,"ean":"7891182024082","enriched":false,"requires_approval":true,"fontes_consultadas":{"convertize_busca":false,"convertize_busca_error":null,"convertize_detalhe":false,"farmaindex_busca":false,"farmaindex_busca_error":null,"farmaindex_detalhe":false,"drogasil_busca":false,"drogasil_busca_error":null,"drogasil_detalhe":false,"cache_hit":false,"encontrado":false}}
[2026-06-05T20:17:40.247Z] [INFO] Enriquecimento concluido {"importacao_id":62,"item_id":1037441,"ean":"7891182024020","enriched":false,"requires_approval":true,"fontes_consultadas":{"convertize_busca":false,"convertize_busca_error":null,"convertize_detalhe":false,"farmaindex_busca":false,"farmaindex_busca_error":null,"farmaindex_detalhe":false,"drogasil_busca":false,"drogasil_busca_error":null,"drogasil_detalhe":false,"cache_hit":false,"encontrado":false}}
[2026-06-05T20:17:40.346Z] [INFO] Consumidor retirou lote do staging de trier {"importacao_id":62,"staged_itens_lote":4,"staged_itens_restantes":53055,"sample_eans":["7891182023023","7891182023016","7896422503150","7891024135020"]}
[2026-06-05T20:17:40.346Z] [INFO] Iniciando checagem de existencia no Banco Unico {"total_eans_consulta":4,"batches":1,"batch_size":100,"sample_eans":["7891182023023","7891182023016","7896422503150","7891024135020"]}
[2026-06-05T20:17:40.347Z] [INFO] Consultando batch de EANs no Banco Unico {"batch_index":1,"batch_total":1,"eans_no_batch":4,"sample_eans":["7891182023023","7891182023016","7896422503150","7891024135020"]}
[2026-06-05T20:17:40.386Z] [INFO] Resultado do batch consultado no Banco Unico {"batch_index":1,"encontrados":2,"faltantes":2,"found_eans_sample":["7896422503150","7891024135020"]}
[2026-06-05T20:17:40.386Z] [INFO] Checagem de existencia no Banco Unico concluida {"total_consultados":4,"total_existentes":2,"total_ausentes":2,"existing_eans_sample":["7896422503150","7891024135020"]}
[2026-06-05T20:17:40.519Z] [INFO] Resumo da triagem antes do enriquecimento {"importacao_id":62,"staged_total":4,"validos_unicos":4,"invalidos":0,"duplicados_no_lote":0,"existentes_no_banco_unico":2,"elegiveis_enriquecimento":2,"sample_eans_elegiveis":["7891182023023","7891182023016"],"acumulado":{"invalidos":18,"duplicados_no_lote":0,"existentes_no_banco_unico":213,"elegiveis_processamento":467}}
[2026-06-05T20:17:40.550Z] [INFO] Iniciando enriquecimento externo {"importacao_id":62,"item_id":1037449,"ean":"7891182023023"}
[2026-06-05T20:17:40.553Z] [INFO] Iniciando enriquecimento externo {"importacao_id":62,"item_id":1037447,"ean":"7891182023016"}
[2026-06-05T20:17:42.935Z] [INFO] Enriquecimento concluido {"importacao_id":62,"item_id":1037447,"ean":"7891182023016","enriched":false,"requires_approval":true,"fontes_consultadas":{"convertize_busca":false,"convertize_busca_error":null,"convertize_detalhe":false,"farmaindex_busca":false,"farmaindex_busca_error":null,"farmaindex_detalhe":false,"drogasil_busca":false,"drogasil_busca_error":null,"drogasil_detalhe":false,"cache_hit":false,"encontrado":false}}
[2026-06-05T20:17:42.962Z] [INFO] Enriquecimento concluido {"importacao_id":62,"item_id":1037449,"ean":"7891182023023","enriched":false,"requires_approval":true,"fontes_consultadas":{"convertize_busca":false,"convertize_busca_error":null,"convertize_detalhe":false,"farmaindex_busca":false,"farmaindex_busca_error":null,"farmaindex_detalhe":false,"drogasil_busca":false,"drogasil_busca_error":null,"drogasil_detalhe":false,"cache_hit":false,"encontrado":false}}
[2026-06-05T20:17:43.097Z] [INFO] Consumidor retirou lote do staging de trier {"importacao_id":62,"staged_itens_lote":4,"staged_itens_restantes":53051,"sample_eans":["7891528011851","7896044926924","7891177987972","7891177720784"]}
[2026-06-05T20:17:43.097Z] [INFO] Iniciando checagem de existencia no Banco Unico {"total_eans_consulta":4,"batches":1,"batch_size":100,"sample_eans":["7891528011851","7896044926924","7891177987972","7891177720784"]}
[2026-06-05T20:17:43.098Z] [INFO] Consultando batch de EANs no Banco Unico {"batch_index":1,"batch_total":1,"eans_no_batch":4,"sample_eans":["7891528011851","7896044926924","7891177987972","7891177720784"]}
[2026-06-05T20:17:43.138Z] [INFO] Resultado do batch consultado no Banco Unico {"batch_index":1,"encontrados":0,"faltantes":4,"found_eans_sample":[]}
[2026-06-05T20:17:43.138Z] [INFO] Checagem de existencia no Banco Unico concluida {"total_consultados":4,"total_existentes":0,"total_ausentes":4,"existing_eans_sample":[]}
[2026-06-05T20:17:43.139Z] [INFO] Resumo da triagem antes do enriquecimento {"importacao_id":62,"staged_total":4,"validos_unicos":4,"invalidos":0,"duplicados_no_lote":0,"existentes_no_banco_unico":0,"elegiveis_enriquecimento":4,"sample_eans_elegiveis":["7891528011851","7896044926924","7891177987972","7891177720784"],"acumulado":{"invalidos":18,"duplicados_no_lote":0,"existentes_no_banco_unico":213,"elegiveis_processamento":471}}
[2026-06-05T20:17:43.211Z] [INFO] Iniciando enriquecimento externo {"importacao_id":62,"item_id":1037453,"ean":"7891177720784"}
[2026-06-05T20:17:43.220Z] [INFO] Iniciando enriquecimento externo {"importacao_id":62,"item_id":1037450,"ean":"7896044926924"}
[2026-06-05T20:17:43.222Z] [INFO] Iniciando enriquecimento externo {"importacao_id":62,"item_id":1037454,"ean":"7891177987972"}
[2026-06-05T20:17:43.227Z] [INFO] Iniciando enriquecimento externo {"importacao_id":62,"item_id":1037451,"ean":"7891528011851"}
[2026-06-05T20:17:46.775Z] [INFO] Enriquecimento concluido {"importacao_id":62,"item_id":1037450,"ean":"7896044926924","enriched":false,"requires_approval":true,"fontes_consultadas":{"convertize_busca":false,"convertize_busca_error":null,"convertize_detalhe":false,"farmaindex_busca":false,"farmaindex_busca_error":null,"farmaindex_detalhe":false,"drogasil_busca":false,"drogasil_busca_error":null,"drogasil_detalhe":false,"cache_hit":false,"encontrado":false}}
[2026-06-05T20:17:47.069Z] [INFO] Enriquecimento concluido {"importacao_id":62,"item_id":1037453,"ean":"7891177720784","enriched":false,"requires_approval":true,"fontes_consultadas":{"convertize_busca":false,"convertize_busca_error":null,"convertize_detalhe":false,"farmaindex_busca":false,"farmaindex_busca_error":null,"farmaindex_detalhe":false,"drogasil_busca":false,"drogasil_busca_error":null,"drogasil_detalhe":false,"cache_hit":false,"encontrado":false}}
[2026-06-05T20:17:47.070Z] [INFO] Enriquecimento concluido {"importacao_id":62,"item_id":1037454,"ean":"7891177987972","enriched":false,"requires_approval":true,"fontes_consultadas":{"convertize_busca":false,"convertize_busca_error":null,"convertize_detalhe":false,"farmaindex_busca":false,"farmaindex_busca_error":null,"farmaindex_detalhe":false,"drogasil_busca":false,"drogasil_busca_error":null,"drogasil_detalhe":false,"cache_hit":false,"encontrado":false}}
[2026-06-05T20:17:47.079Z] [INFO] Enriquecimento concluido {"importacao_id":62,"item_id":1037451,"ean":"7891528011851","enriched":false,"requires_approval":true,"fontes_consultadas":{"convertize_busca":false,"convertize_busca_error":null,"convertize_detalhe":false,"farmaindex_busca":false,"farmaindex_busca_error":null,"farmaindex_detalhe":false,"drogasil_busca":false,"drogasil_busca_error":null,"drogasil_detalhe":false,"cache_hit":false,"encontrado":false}}
[2026-06-05T20:17:47.174Z] [INFO] Consumidor retirou lote do staging de trier {"importacao_id":62,"staged_itens_lote":4,"staged_itens_restantes":53047,"sample_eans":["7891177903248","7891177488493","7896044928447","7896044928836"]}
[2026-06-05T20:17:47.175Z] [INFO] Iniciando checagem de existencia no Banco Unico {"total_eans_consulta":4,"batches":1,"batch_size":100,"sample_eans":["7891177903248","7891177488493","7896044928447","7896044928836"]}
[2026-06-05T20:17:47.175Z] [INFO] Consultando batch de EANs no Banco Unico {"batch_index":1,"batch_total":1,"eans_no_batch":4,"sample_eans":["7891177903248","7891177488493","7896044928447","7896044928836"]}
[2026-06-05T20:17:47.218Z] [INFO] Resultado do batch consultado no Banco Unico {"batch_index":1,"encontrados":0,"faltantes":4,"found_eans_sample":[]}
[2026-06-05T20:17:47.218Z] [INFO] Checagem de existencia no Banco Unico concluida {"total_consultados":4,"total_existentes":0,"total_ausentes":4,"existing_eans_sample":[]}
[2026-06-05T20:17:47.219Z] [INFO] Resumo da triagem antes do enriquecimento {"importacao_id":62,"staged_total":4,"validos_unicos":4,"invalidos":0,"duplicados_no_lote":0,"existentes_no_banco_unico":0,"elegiveis_enriquecimento":4,"sample_eans_elegiveis":["7891177903248","7891177488493","7896044928447","7896044928836"],"acumulado":{"invalidos":18,"duplicados_no_lote":0,"existentes_no_banco_unico":213,"elegiveis_processamento":475}}
[2026-06-05T20:17:47.243Z] [INFO] Iniciando enriquecimento externo {"importacao_id":62,"item_id":1037456,"ean":"7896044928447"}
[2026-06-05T20:17:47.246Z] [INFO] Iniciando enriquecimento externo {"importacao_id":62,"item_id":1037452,"ean":"7891177903248"}
[2026-06-05T20:17:47.252Z] [INFO] Iniciando enriquecimento externo {"importacao_id":62,"item_id":1037455,"ean":"7891177488493"}
[2026-06-05T20:17:47.266Z] [INFO] Iniciando enriquecimento externo {"importacao_id":62,"item_id":1037457,"ean":"7896044928836"}
[2026-06-05T20:17:49.219Z] [INFO] Enriquecimento concluido {"importacao_id":62,"item_id":1037455,"ean":"7891177488493","enriched":false,"requires_approval":true,"fontes_consultadas":{"convertize_busca":false,"convertize_busca_error":null,"convertize_detalhe":false,"farmaindex_busca":false,"farmaindex_busca_error":null,"farmaindex_detalhe":false,"drogasil_busca":false,"drogasil_busca_error":null,"drogasil_detalhe":false,"cache_hit":false,"encontrado":false}}
[2026-06-05T20:17:49.498Z] [INFO] Enriquecimento concluido {"importacao_id":62,"item_id":1037457,"ean":"7896044928836","enriched":false,"requires_approval":true,"fontes_consultadas":{"convertize_busca":false,"convertize_busca_error":null,"convertize_detalhe":false,"farmaindex_busca":false,"farmaindex_busca_error":"Request failed with status code 502","farmaindex_detalhe":false,"drogasil_busca":false,"drogasil_busca_error":null,"drogasil_detalhe":false,"cache_hit":false,"encontrado":false}}
[2026-06-05T20:17:49.534Z] [INFO] Enriquecimento concluido {"importacao_id":62,"item_id":1037452,"ean":"7891177903248","enriched":false,"requires_approval":true,"fontes_consultadas":{"convertize_busca":false,"convertize_busca_error":null,"convertize_detalhe":false,"farmaindex_busca":false,"farmaindex_busca_error":null,"farmaindex_detalhe":false,"drogasil_busca":false,"drogasil_busca_error":null,"drogasil_detalhe":false,"cache_hit":false,"encontrado":false}}
[2026-06-05T20:17:49.657Z] [INFO] Enriquecimento concluido {"importacao_id":62,"item_id":1037456,"ean":"7896044928447","enriched":false,"requires_approval":true,"fontes_consultadas":{"convertize_busca":false,"convertize_busca_error":null,"convertize_detalhe":false,"farmaindex_busca":false,"farmaindex_busca_error":null,"farmaindex_detalhe":false,"drogasil_busca":false,"drogasil_busca_error":null,"drogasil_detalhe":false,"cache_hit":false,"encontrado":false}}
[2026-06-05T20:17:49.749Z] [INFO] Consumidor retirou lote do staging de trier {"importacao_id":62,"staged_itens_lote":4,"staged_itens_restantes":53043,"sample_eans":["7896044928843","7897679601002","7896044928850","7896044928867"]}
[2026-06-05T20:17:49.749Z] [INFO] Iniciando checagem de existencia no Banco Unico {"total_eans_consulta":4,"batches":1,"batch_size":100,"sample_eans":["7896044928843","7897679601002","7896044928850","7896044928867"]}
[2026-06-05T20:17:49.750Z] [INFO] Consultando batch de EANs no Banco Unico {"batch_index":1,"batch_total":1,"eans_no_batch":4,"sample_eans":["7896044928843","7897679601002","7896044928850","7896044928867"]}
[2026-06-05T20:17:49.784Z] [INFO] Resultado do batch consultado no Banco Unico {"batch_index":1,"encontrados":1,"faltantes":3,"found_eans_sample":["7897679601002"]}
[2026-06-05T20:17:49.785Z] [INFO] Checagem de existencia no Banco Unico concluida {"total_consultados":4,"total_existentes":1,"total_ausentes":3,"existing_eans_sample":["7897679601002"]}
[2026-06-05T20:17:49.843Z] [INFO] Resumo da triagem antes do enriquecimento {"importacao_id":62,"staged_total":4,"validos_unicos":4,"invalidos":0,"duplicados_no_lote":0,"existentes_no_banco_unico":1,"elegiveis_enriquecimento":3,"sample_eans_elegiveis":["7896044928843","7896044928850","7896044928867"],"acumulado":{"invalidos":18,"duplicados_no_lote":0,"existentes_no_banco_unico":214,"elegiveis_processamento":478}}
[2026-06-05T20:17:49.867Z] [INFO] Iniciando enriquecimento externo {"importacao_id":62,"item_id":1037458,"ean":"7896044928843"}
[2026-06-05T20:17:49.873Z] [INFO] Iniciando enriquecimento externo {"importacao_id":62,"item_id":1037460,"ean":"7896044928867"}
[2026-06-05T20:17:49.876Z] [INFO] Iniciando enriquecimento externo {"importacao_id":62,"item_id":1037459,"ean":"7896044928850"}
[2026-06-05T20:17:51.831Z] [INFO] Enriquecimento concluido {"importacao_id":62,"item_id":1037458,"ean":"7896044928843","enriched":false,"requires_approval":true,"fontes_consultadas":{"convertize_busca":false,"convertize_busca_error":null,"convertize_detalhe":false,"farmaindex_busca":false,"farmaindex_busca_error":null,"farmaindex_detalhe":false,"drogasil_busca":false,"drogasil_busca_error":null,"drogasil_detalhe":false,"cache_hit":false,"encontrado":false}}
[2026-06-05T20:17:52.098Z] [INFO] Enriquecimento concluido {"importacao_id":62,"item_id":1037460,"ean":"7896044928867","enriched":false,"requires_approval":true,"fontes_consultadas":{"convertize_busca":false,"convertize_busca_error":null,"convertize_detalhe":false,"farmaindex_busca":false,"farmaindex_busca_error":null,"farmaindex_detalhe":false,"drogasil_busca":false,"drogasil_busca_error":null,"drogasil_detalhe":false,"cache_hit":false,"encontrado":false}}
[2026-06-05T20:17:52.438Z] [INFO] Enriquecimento concluido {"importacao_id":62,"item_id":1037459,"ean":"7896044928850","enriched":false,"requires_approval":true,"fontes_consultadas":{"convertize_busca":false,"convertize_busca_error":null,"convertize_detalhe":false,"farmaindex_busca":false,"farmaindex_busca_error":null,"farmaindex_detalhe":false,"drogasil_busca":false,"drogasil_busca_error":null,"drogasil_detalhe":false,"cache_hit":false,"encontrado":false}}
[2026-06-05T20:17:52.538Z] [INFO] Consumidor retirou lote do staging de trier {"importacao_id":62,"staged_itens_lote":4,"staged_itens_restantes":53039,"sample_eans":["7896015517106","7891331008932","7891331008901","7891317430429"]}
[2026-06-05T20:17:52.539Z] [INFO] Iniciando checagem de existencia no Banco Unico {"total_eans_consulta":4,"batches":1,"batch_size":100,"sample_eans":["7896015517106","7891331008932","7891331008901","7891317430429"]}
[2026-06-05T20:17:52.539Z] [INFO] Consultando batch de EANs no Banco Unico {"batch_index":1,"batch_total":1,"eans_no_batch":4,"sample_eans":["7896015517106","7891331008932","7891331008901","7891317430429"]}
[2026-06-05T20:17:52.576Z] [INFO] Resultado do batch consultado no Banco Unico {"batch_index":1,"encontrados":1,"faltantes":3,"found_eans_sample":["7896015517106"]}
[2026-06-05T20:17:52.577Z] [INFO] Checagem de existencia no Banco Unico concluida {"total_consultados":4,"total_existentes":1,"total_ausentes":3,"existing_eans_sample":["7896015517106"]}
[2026-06-05T20:17:52.640Z] [INFO] Resumo da triagem antes do enriquecimento {"importacao_id":62,"staged_total":4,"validos_unicos":4,"invalidos":0,"duplicados_no_lote":0,"existentes_no_banco_unico":1,"elegiveis_enriquecimento":3,"sample_eans_elegiveis":["7891331008932","7891331008901","7891317430429"],"acumulado":{"invalidos":18,"duplicados_no_lote":0,"existentes_no_banco_unico":215,"elegiveis_processamento":481}}
[2026-06-05T20:17:52.665Z] [INFO] Iniciando enriquecimento externo {"importacao_id":62,"item_id":1037465,"ean":"7891317430429"}
[2026-06-05T20:17:52.674Z] [INFO] Iniciando enriquecimento externo {"importacao_id":62,"item_id":1037466,"ean":"7891331008932"}
[2026-06-05T20:17:52.702Z] [INFO] Iniciando enriquecimento externo {"importacao_id":62,"item_id":1037464,"ean":"7891331008901"}
[2026-06-05T20:17:55.102Z] [INFO] Enriquecimento concluido {"importacao_id":62,"item_id":1037466,"ean":"7891331008932","enriched":false,"requires_approval":true,"fontes_consultadas":{"convertize_busca":false,"convertize_busca_error":null,"convertize_detalhe":false,"farmaindex_busca":false,"farmaindex_busca_error":null,"farmaindex_detalhe":false,"drogasil_busca":false,"drogasil_busca_error":null,"drogasil_detalhe":false,"cache_hit":false,"encontrado":false}}
[2026-06-05T20:17:55.283Z] [INFO] Enriquecimento concluido {"importacao_id":62,"item_id":1037465,"ean":"7891317430429","enriched":false,"requires_approval":true,"fontes_consultadas":{"convertize_busca":false,"convertize_busca_error":null,"convertize_detalhe":false,"farmaindex_busca":false,"farmaindex_busca_error":null,"farmaindex_detalhe":false,"drogasil_busca":false,"drogasil_busca_error":null,"drogasil_detalhe":false,"cache_hit":false,"encontrado":false}}
[2026-06-05T20:17:55.337Z] [INFO] Enriquecimento concluido {"importacao_id":62,"item_id":1037464,"ean":"7891331008901","enriched":false,"requires_approval":true,"fontes_consultadas":{"convertize_busca":false,"convertize_busca_error":null,"convertize_detalhe":false,"farmaindex_busca":false,"farmaindex_busca_error":null,"farmaindex_detalhe":false,"drogasil_busca":false,"drogasil_busca_error":null,"drogasil_detalhe":false,"cache_hit":false,"encontrado":false}}
[2026-06-05T20:17:55.437Z] [INFO] Consumidor retirou lote do staging de trier {"importacao_id":62,"staged_itens_lote":4,"staged_itens_restantes":53035,"sample_eans":["7896000612151","7896000613158","7896000613257","7896000613653"]}
[2026-06-05T20:17:55.439Z] [INFO] Iniciando checagem de existencia no Banco Unico {"total_eans_consulta":4,"batches":1,"batch_size":100,"sample_eans":["7896000612151","7896000613158","7896000613257","7896000613653"]}
[2026-06-05T20:17:55.439Z] [INFO] Consultando batch de EANs no Banco Unico {"batch_index":1,"batch_total":1,"eans_no_batch":4,"sample_eans":["7896000612151","7896000613158","7896000613257","7896000613653"]}
[2026-06-05T20:17:55.473Z] [INFO] Resultado do batch consultado no Banco Unico {"batch_index":1,"encontrados":0,"faltantes":4,"found_eans_sample":[]}
[2026-06-05T20:17:55.474Z] [INFO] Checagem de existencia no Banco Unico concluida {"total_consultados":4,"total_existentes":0,"total_ausentes":4,"existing_eans_sample":[]}
[2026-06-05T20:17:55.474Z] [INFO] Resumo da triagem antes do enriquecimento {"importacao_id":62,"staged_total":4,"validos_unicos":4,"invalidos":0,"duplicados_no_lote":0,"existentes_no_banco_unico":0,"elegiveis_enriquecimento":4,"sample_eans_elegiveis":["7896000612151","7896000613158","7896000613257","7896000613653"],"acumulado":{"invalidos":18,"duplicados_no_lote":0,"existentes_no_banco_unico":215,"elegiveis_processamento":485}}
[2026-06-05T20:17:55.498Z] [INFO] Iniciando enriquecimento externo {"importacao_id":62,"item_id":1037468,"ean":"7896000613257"}
[2026-06-05T20:17:55.506Z] [INFO] Iniciando enriquecimento externo {"importacao_id":62,"item_id":1037467,"ean":"7896000612151"}
[2026-06-05T20:17:55.509Z] [INFO] Iniciando enriquecimento externo {"importacao_id":62,"item_id":1037463,"ean":"7896000613158"}
[2026-06-05T20:17:55.518Z] [INFO] Iniciando enriquecimento externo {"importacao_id":62,"item_id":1037469,"ean":"7896000613653"}
[2026-06-05T20:17:57.642Z] [INFO] Enriquecimento concluido {"importacao_id":62,"item_id":1037469,"ean":"7896000613653","enriched":false,"requires_approval":true,"fontes_consultadas":{"convertize_busca":false,"convertize_busca_error":null,"convertize_detalhe":false,"farmaindex_busca":false,"farmaindex_busca_error":null,"farmaindex_detalhe":false,"drogasil_busca":false,"drogasil_busca_error":null,"drogasil_detalhe":false,"cache_hit":false,"encontrado":false}}
[2026-06-05T20:17:57.975Z] [INFO] Enriquecimento concluido {"importacao_id":62,"item_id":1037467,"ean":"7896000612151","enriched":false,"requires_approval":true,"fontes_consultadas":{"convertize_busca":false,"convertize_busca_error":null,"convertize_detalhe":false,"farmaindex_busca":false,"farmaindex_busca_error":null,"farmaindex_detalhe":false,"drogasil_busca":false,"drogasil_busca_error":null,"drogasil_detalhe":false,"cache_hit":false,"encontrado":false}}
[2026-06-05T20:17:57.981Z] [INFO] Enriquecimento concluido {"importacao_id":62,"item_id":1037468,"ean":"7896000613257","enriched":false,"requires_approval":true,"fontes_consultadas":{"convertize_busca":false,"convertize_busca_error":null,"convertize_detalhe":false,"farmaindex_busca":false,"farmaindex_busca_error":null,"farmaindex_detalhe":false,"drogasil_busca":false,"drogasil_busca_error":null,"drogasil_detalhe":false,"cache_hit":false,"encontrado":false}}
[2026-06-05T20:17:57.985Z] [INFO] Enriquecimento concluido {"importacao_id":62,"item_id":1037463,"ean":"7896000613158","enriched":false,"requires_approval":true,"fontes_consultadas":{"convertize_busca":false,"convertize_busca_error":null,"convertize_detalhe":false,"farmaindex_busca":false,"farmaindex_busca_error":null,"farmaindex_detalhe":false,"drogasil_busca":false,"drogasil_busca_error":null,"drogasil_detalhe":false,"cache_hit":false,"encontrado":false}}
[2026-06-05T20:17:58.105Z] [INFO] Consumidor retirou lote do staging de trier {"importacao_id":62,"staged_itens_lote":4,"staged_itens_restantes":53031,"sample_eans":["7891024172308","7896014140534","7896000613752","7896000670151"]}
[2026-06-05T20:17:58.107Z] [INFO] Iniciando checagem de existencia no Banco Unico {"total_eans_consulta":4,"batches":1,"batch_size":100,"sample_eans":["7891024172308","7896014140534","7896000613752","7896000670151"]}
[2026-06-05T20:17:58.107Z] [INFO] Consultando batch de EANs no Banco Unico {"batch_index":1,"batch_total":1,"eans_no_batch":4,"sample_eans":["7891024172308","7896014140534","7896000613752","7896000670151"]}
[2026-06-05T20:17:58.143Z] [INFO] Resultado do batch consultado no Banco Unico {"batch_index":1,"encontrados":1,"faltantes":3,"found_eans_sample":["7896014140534"]}
[2026-06-05T20:17:58.144Z] [INFO] Checagem de existencia no Banco Unico concluida {"total_consultados":4,"total_existentes":1,"total_ausentes":3,"existing_eans_sample":["7896014140534"]}
[2026-06-05T20:17:58.211Z] [INFO] Resumo da triagem antes do enriquecimento {"importacao_id":62,"staged_total":4,"validos_unicos":4,"invalidos":0,"duplicados_no_lote":0,"existentes_no_banco_unico":1,"elegiveis_enriquecimento":3,"sample_eans_elegiveis":["7891024172308","7896000613752","7896000670151"],"acumulado":{"invalidos":18,"duplicados_no_lote":0,"existentes_no_banco_unico":216,"elegiveis_processamento":488}}
[2026-06-05T20:17:58.241Z] [INFO] Iniciando enriquecimento externo {"importacao_id":62,"item_id":1037478,"ean":"7896000670151"}
[2026-06-05T20:17:58.244Z] [INFO] Iniciando enriquecimento externo {"importacao_id":62,"item_id":1037470,"ean":"7891024172308"}
[2026-06-05T20:17:58.247Z] [INFO] Iniciando enriquecimento externo {"importacao_id":62,"item_id":1037472,"ean":"7896000613752"}
[2026-06-05T20:18:00.466Z] [INFO] Enriquecimento concluido {"importacao_id":62,"item_id":1037470,"ean":"7891024172308","enriched":false,"requires_approval":true,"fontes_consultadas":{"convertize_busca":false,"convertize_busca_error":null,"convertize_detalhe":false,"farmaindex_busca":false,"farmaindex_busca_error":null,"farmaindex_detalhe":false,"drogasil_busca":false,"drogasil_busca_error":null,"drogasil_detalhe":false,"cache_hit":false,"encontrado":false}}
[2026-06-05T20:18:00.785Z] [INFO] Enriquecimento concluido {"importacao_id":62,"item_id":1037478,"ean":"7896000670151","enriched":false,"requires_approval":true,"fontes_consultadas":{"convertize_busca":false,"convertize_busca_error":null,"convertize_detalhe":false,"farmaindex_busca":false,"farmaindex_busca_error":null,"farmaindex_detalhe":false,"drogasil_busca":false,"drogasil_busca_error":null,"drogasil_detalhe":false,"cache_hit":false,"encontrado":false}}
[2026-06-05T20:18:00.820Z] [INFO] Enriquecimento concluido {"importacao_id":62,"item_id":1037472,"ean":"7896000613752","enriched":false,"requires_approval":true,"fontes_consultadas":{"convertize_busca":false,"convertize_busca_error":null,"convertize_detalhe":false,"farmaindex_busca":false,"farmaindex_busca_error":null,"farmaindex_detalhe":false,"drogasil_busca":false,"drogasil_busca_error":null,"drogasil_detalhe":false,"cache_hit":false,"encontrado":false}}
[2026-06-05T20:18:00.922Z] [INFO] Consumidor retirou lote do staging de trier {"importacao_id":62,"staged_itens_lote":4,"staged_itens_restantes":53027,"sample_eans":["7896000650269","7896000650757","7790350775385","7790350775408"]}
[2026-06-05T20:18:00.922Z] [INFO] Iniciando checagem de existencia no Banco Unico {"total_eans_consulta":4,"batches":1,"batch_size":100,"sample_eans":["7896000650269","7896000650757","7790350775385","7790350775408"]}
[2026-06-05T20:18:00.923Z] [INFO] Consultando batch de EANs no Banco Unico {"batch_index":1,"batch_total":1,"eans_no_batch":4,"sample_eans":["7896000650269","7896000650757","7790350775385","7790350775408"]}
[2026-06-05T20:18:00.962Z] [INFO] Resultado do batch consultado no Banco Unico {"batch_index":1,"encontrados":0,"faltantes":4,"found_eans_sample":[]}
[2026-06-05T20:18:00.962Z] [INFO] Checagem de existencia no Banco Unico concluida {"total_consultados":4,"total_existentes":0,"total_ausentes":4,"existing_eans_sample":[]}
[2026-06-05T20:18:00.962Z] [INFO] Resumo da triagem antes do enriquecimento {"importacao_id":62,"staged_total":4,"validos_unicos":4,"invalidos":0,"duplicados_no_lote":0,"existentes_no_banco_unico":0,"elegiveis_enriquecimento":4,"sample_eans_elegiveis":["7896000650269","7896000650757","7790350775385","7790350775408"],"acumulado":{"invalidos":18,"duplicados_no_lote":0,"existentes_no_banco_unico":216,"elegiveis_processamento":492}}
[2026-06-05T20:18:00.987Z] [INFO] Iniciando enriquecimento externo {"importacao_id":62,"item_id":1037479,"ean":"7896000650757"}
[2026-06-05T20:18:00.997Z] [INFO] Iniciando enriquecimento externo {"importacao_id":62,"item_id":1037477,"ean":"7790350775408"}
[2026-06-05T20:18:01.000Z] [INFO] Iniciando enriquecimento externo {"importacao_id":62,"item_id":1037483,"ean":"7896000650269"}
[2026-06-05T20:18:01.008Z] [INFO] Iniciando enriquecimento externo {"importacao_id":62,"item_id":1037484,"ean":"7790350775385"}
[2026-06-05T20:18:03.628Z] [INFO] Enriquecimento concluido {"importacao_id":62,"item_id":1037477,"ean":"7790350775408","enriched":false,"requires_approval":true,"fontes_consultadas":{"convertize_busca":false,"convertize_busca_error":null,"convertize_detalhe":false,"farmaindex_busca":false,"farmaindex_busca_error":null,"farmaindex_detalhe":false,"drogasil_busca":false,"drogasil_busca_error":null,"drogasil_detalhe":false,"cache_hit":false,"encontrado":false}}
[2026-06-05T20:18:03.954Z] [INFO] Enriquecimento concluido {"importacao_id":62,"item_id":1037479,"ean":"7896000650757","enriched":false,"requires_approval":true,"fontes_consultadas":{"convertize_busca":false,"convertize_busca_error":null,"convertize_detalhe":false,"farmaindex_busca":false,"farmaindex_busca_error":null,"farmaindex_detalhe":false,"drogasil_busca":false,"drogasil_busca_error":null,"drogasil_detalhe":false,"cache_hit":false,"encontrado":false}}
[2026-06-05T20:18:03.972Z] [INFO] Enriquecimento concluido {"importacao_id":62,"item_id":1037484,"ean":"7790350775385","enriched":false,"requires_approval":true,"fontes_consultadas":{"convertize_busca":false,"convertize_busca_error":null,"convertize_detalhe":false,"farmaindex_busca":false,"farmaindex_busca_error":null,"farmaindex_detalhe":false,"drogasil_busca":false,"drogasil_busca_error":null,"drogasil_detalhe":false,"cache_hit":false,"encontrado":false}}
[2026-06-05T20:18:04.662Z] [INFO] Enriquecimento concluido {"importacao_id":62,"item_id":1037483,"ean":"7896000650269","enriched":false,"requires_approval":true,"fontes_consultadas":{"convertize_busca":false,"convertize_busca_error":null,"convertize_detalhe":false,"farmaindex_busca":false,"farmaindex_busca_error":null,"farmaindex_detalhe":false,"drogasil_busca":false,"drogasil_busca_error":null,"drogasil_detalhe":false,"cache_hit":false,"encontrado":false}}
[2026-06-05T20:18:04.736Z] [INFO] Consumidor retirou lote do staging de trier {"importacao_id":62,"staged_itens_lote":4,"staged_itens_restantes":53023,"sample_eans":["7896261007703","7896014140596","7896014140640","7891142128133"]}
[2026-06-05T20:18:04.737Z] [INFO] Iniciando checagem de existencia no Banco Unico {"total_eans_consulta":4,"batches":1,"batch_size":100,"sample_eans":["7896261007703","7896014140596","7896014140640","7891142128133"]}
[2026-06-05T20:18:04.737Z] [INFO] Consultando batch de EANs no Banco Unico {"batch_index":1,"batch_total":1,"eans_no_batch":4,"sample_eans":["7896261007703","7896014140596","7896014140640","7891142128133"]}
[2026-06-05T20:18:04.775Z] [INFO] Resultado do batch consultado no Banco Unico {"batch_index":1,"encontrados":3,"faltantes":1,"found_eans_sample":["7896014140596","7896014140640","7891142128133"]}
[2026-06-05T20:18:04.776Z] [INFO] Checagem de existencia no Banco Unico concluida {"total_consultados":4,"total_existentes":3,"total_ausentes":1,"existing_eans_sample":["7896014140596","7896014140640","7891142128133"]}
[2026-06-05T20:18:04.921Z] [INFO] Resumo da triagem antes do enriquecimento {"importacao_id":62,"staged_total":4,"validos_unicos":4,"invalidos":0,"duplicados_no_lote":0,"existentes_no_banco_unico":3,"elegiveis_enriquecimento":1,"sample_eans_elegiveis":["7896261007703"],"acumulado":{"invalidos":18,"duplicados_no_lote":0,"existentes_no_banco_unico":219,"elegiveis_processamento":493}}
[2026-06-05T20:18:04.946Z] [INFO] Iniciando enriquecimento externo {"importacao_id":62,"item_id":1037480,"ean":"7896261007703"}
[2026-06-05T20:18:07.169Z] [INFO] Enriquecimento concluido {"importacao_id":62,"item_id":1037480,"ean":"7896261007703","enriched":false,"requires_approval":true,"fontes_consultadas":{"convertize_busca":false,"convertize_busca_error":null,"convertize_detalhe":false,"farmaindex_busca":false,"farmaindex_busca_error":null,"farmaindex_detalhe":false,"drogasil_busca":false,"drogasil_busca_error":null,"drogasil_detalhe":false,"cache_hit":false,"encontrado":false}}
[2026-06-05T20:18:07.240Z] [INFO] Consumidor retirou lote do staging de trier {"importacao_id":62,"staged_itens_lote":4,"staged_itens_restantes":53019,"sample_eans":["7896181911128","7897076906298","7896658006432","7896181911012"]}
[2026-06-05T20:18:07.241Z] [INFO] Iniciando checagem de existencia no Banco Unico {"total_eans_consulta":4,"batches":1,"batch_size":100,"sample_eans":["7896181911128","7897076906298","7896658006432","7896181911012"]}
[2026-06-05T20:18:07.241Z] [INFO] Consultando batch de EANs no Banco Unico {"batch_index":1,"batch_total":1,"eans_no_batch":4,"sample_eans":["7896181911128","7897076906298","7896658006432","7896181911012"]}
[2026-06-05T20:18:07.277Z] [INFO] Resultado do batch consultado no Banco Unico {"batch_index":1,"encontrados":3,"faltantes":1,"found_eans_sample":["7896181911128","7896658006432","7896181911012"]}
[2026-06-05T20:18:07.278Z] [INFO] Checagem de existencia no Banco Unico concluida {"total_consultados":4,"total_existentes":3,"total_ausentes":1,"existing_eans_sample":["7896181911128","7896658006432","7896181911012"]}
[2026-06-05T20:18:07.427Z] [INFO] Resumo da triagem antes do enriquecimento {"importacao_id":62,"staged_total":4,"validos_unicos":4,"invalidos":0,"duplicados_no_lote":0,"existentes_no_banco_unico":3,"elegiveis_enriquecimento":1,"sample_eans_elegiveis":["7897076906298"],"acumulado":{"invalidos":18,"duplicados_no_lote":0,"existentes_no_banco_unico":222,"elegiveis_processamento":494}}
[2026-06-05T20:18:07.453Z] [INFO] Iniciando enriquecimento externo {"importacao_id":62,"item_id":1037481,"ean":"7897076906298"}
[2026-06-05T20:18:09.458Z] [INFO] Enriquecimento concluido {"importacao_id":62,"item_id":1037481,"ean":"7897076906298","enriched":false,"requires_approval":true,"fontes_consultadas":{"convertize_busca":false,"convertize_busca_error":null,"convertize_detalhe":false,"farmaindex_busca":false,"farmaindex_busca_error":null,"farmaindex_detalhe":false,"drogasil_busca":false,"drogasil_busca_error":null,"drogasil_detalhe":false,"cache_hit":false,"encontrado":false}}
[2026-06-05T20:18:09.586Z] [INFO] Consumidor retirou lote do staging de trier {"importacao_id":62,"staged_itens_lote":4,"staged_itens_restantes":53015,"sample_eans":["7896012805213","7896012805312","7896012805411","7896012805510"]}
[2026-06-05T20:18:09.587Z] [INFO] Iniciando checagem de existencia no Banco Unico {"total_eans_consulta":4,"batches":1,"batch_size":100,"sample_eans":["7896012805213","7896012805312","7896012805411","7896012805510"]}
[2026-06-05T20:18:09.587Z] [INFO] Consultando batch de EANs no Banco Unico {"batch_index":1,"batch_total":1,"eans_no_batch":4,"sample_eans":["7896012805213","7896012805312","7896012805411","7896012805510"]}
[2026-06-05T20:18:09.629Z] [INFO] Resultado do batch consultado no Banco Unico {"batch_index":1,"encontrados":0,"faltantes":4,"found_eans_sample":[]}
[2026-06-05T20:18:09.629Z] [INFO] Checagem de existencia no Banco Unico concluida {"total_consultados":4,"total_existentes":0,"total_ausentes":4,"existing_eans_sample":[]}
[2026-06-05T20:18:09.630Z] [INFO] Resumo da triagem antes do enriquecimento {"importacao_id":62,"staged_total":4,"validos_unicos":4,"invalidos":0,"duplicados_no_lote":0,"existentes_no_banco_unico":0,"elegiveis_enriquecimento":4,"sample_eans_elegiveis":["7896012805213","7896012805312","7896012805411","7896012805510"],"acumulado":{"invalidos":18,"duplicados_no_lote":0,"existentes_no_banco_unico":222,"elegiveis_processamento":498}}
[2026-06-05T20:18:09.656Z] [INFO] Iniciando enriquecimento externo {"importacao_id":62,"item_id":1037493,"ean":"7896012805510"}
[2026-06-05T20:18:09.659Z] [INFO] Iniciando enriquecimento externo {"importacao_id":62,"item_id":1037486,"ean":"7896012805213"}
[2026-06-05T20:18:09.672Z] [INFO] Iniciando enriquecimento externo {"importacao_id":62,"item_id":1037488,"ean":"7896012805411"}
[2026-06-05T20:18:09.690Z] [INFO] Iniciando enriquecimento externo {"importacao_id":62,"item_id":1037487,"ean":"7896012805312"}
[2026-06-05T20:18:11.452Z] [INFO] Enriquecimento concluido {"importacao_id":62,"item_id":1037488,"ean":"7896012805411","enriched":false,"requires_approval":true,"fontes_consultadas":{"convertize_busca":false,"convertize_busca_error":null,"convertize_detalhe":false,"farmaindex_busca":false,"farmaindex_busca_error":null,"farmaindex_detalhe":false,"drogasil_busca":false,"drogasil_busca_error":null,"drogasil_detalhe":false,"cache_hit":false,"encontrado":false}}
[2026-06-05T20:18:11.730Z] [INFO] Enriquecimento concluido {"importacao_id":62,"item_id":1037493,"ean":"7896012805510","enriched":false,"requires_approval":true,"fontes_consultadas":{"convertize_busca":false,"convertize_busca_error":null,"convertize_detalhe":false,"farmaindex_busca":false,"farmaindex_busca_error":null,"farmaindex_detalhe":false,"drogasil_busca":false,"drogasil_busca_error":null,"drogasil_detalhe":false,"cache_hit":false,"encontrado":false}}
[2026-06-05T20:18:11.745Z] [INFO] Enriquecimento concluido {"importacao_id":62,"item_id":1037486,"ean":"7896012805213","enriched":false,"requires_approval":true,"fontes_consultadas":{"convertize_busca":false,"convertize_busca_error":null,"convertize_detalhe":false,"farmaindex_busca":false,"farmaindex_busca_error":null,"farmaindex_detalhe":false,"drogasil_busca":false,"drogasil_busca_error":null,"drogasil_detalhe":false,"cache_hit":false,"encontrado":false}}
[2026-06-05T20:18:12.161Z] [INFO] Enriquecimento concluido {"importacao_id":62,"item_id":1037487,"ean":"7896012805312","enriched":false,"requires_approval":true,"fontes_consultadas":{"convertize_busca":false,"convertize_busca_error":null,"convertize_detalhe":false,"farmaindex_busca":false,"farmaindex_busca_error":null,"farmaindex_detalhe":false,"drogasil_busca":false,"drogasil_busca_error":null,"drogasil_detalhe":false,"cache_hit":false,"encontrado":false}}
[2026-06-05T20:18:12.264Z] [INFO] Consumidor retirou lote do staging de trier {"importacao_id":62,"staged_itens_lote":4,"staged_itens_restantes":53011,"sample_eans":["7896012805619","7896382703768","7891024172506","7896229902354"]}
[2026-06-05T20:18:12.265Z] [INFO] Iniciando checagem de existencia no Banco Unico {"total_eans_consulta":4,"batches":1,"batch_size":100,"sample_eans":["7896012805619","7896382703768","7891024172506","7896229902354"]}
[2026-06-05T20:18:12.265Z] [INFO] Consultando batch de EANs no Banco Unico {"batch_index":1,"batch_total":1,"eans_no_batch":4,"sample_eans":["7896012805619","7896382703768","7891024172506","7896229902354"]}
[2026-06-05T20:18:12.305Z] [INFO] Resultado do batch consultado no Banco Unico {"batch_index":1,"encontrados":0,"faltantes":4,"found_eans_sample":[]}
[2026-06-05T20:18:12.305Z] [INFO] Checagem de existencia no Banco Unico concluida {"total_consultados":4,"total_existentes":0,"total_ausentes":4,"existing_eans_sample":[]}
[2026-06-05T20:18:12.306Z] [INFO] Resumo da triagem antes do enriquecimento {"importacao_id":62,"staged_total":4,"validos_unicos":4,"invalidos":0,"duplicados_no_lote":0,"existentes_no_banco_unico":0,"elegiveis_enriquecimento":4,"sample_eans_elegiveis":["7896012805619","7896382703768","7891024172506","7896229902354"],"acumulado":{"invalidos":18,"duplicados_no_lote":0,"existentes_no_banco_unico":222,"elegiveis_processamento":502}}
[2026-06-05T20:18:12.330Z] [INFO] Iniciando enriquecimento externo {"importacao_id":62,"item_id":1037491,"ean":"7891024172506"}
[2026-06-05T20:18:12.336Z] [INFO] Iniciando enriquecimento externo {"importacao_id":62,"item_id":1037489,"ean":"7896012805619"}
[2026-06-05T20:18:12.339Z] [INFO] Iniciando enriquecimento externo {"importacao_id":62,"item_id":1037490,"ean":"7896382703768"}
[2026-06-05T20:18:12.354Z] [INFO] Iniciando enriquecimento externo {"importacao_id":62,"item_id":1037492,"ean":"7896229902354"}
[2026-06-05T20:18:14.478Z] [INFO] Enriquecimento concluido {"importacao_id":62,"item_id":1037491,"ean":"7891024172506","enriched":false,"requires_approval":true,"fontes_consultadas":{"convertize_busca":false,"convertize_busca_error":null,"convertize_detalhe":false,"farmaindex_busca":false,"farmaindex_busca_error":null,"farmaindex_detalhe":false,"drogasil_busca":false,"drogasil_busca_error":null,"drogasil_detalhe":false,"cache_hit":false,"encontrado":false}}
[2026-06-05T20:18:14.667Z] [INFO] Enriquecimento concluido {"importacao_id":62,"item_id":1037490,"ean":"7896382703768","enriched":false,"requires_approval":true,"fontes_consultadas":{"convertize_busca":false,"convertize_busca_error":null,"convertize_detalhe":false,"farmaindex_busca":false,"farmaindex_busca_error":null,"farmaindex_detalhe":false,"drogasil_busca":false,"drogasil_busca_error":null,"drogasil_detalhe":false,"cache_hit":false,"encontrado":false}}
[2026-06-05T20:18:14.671Z] [INFO] Enriquecimento concluido {"importacao_id":62,"item_id":1037489,"ean":"7896012805619","enriched":false,"requires_approval":true,"fontes_consultadas":{"convertize_busca":false,"convertize_busca_error":null,"convertize_detalhe":false,"farmaindex_busca":false,"farmaindex_busca_error":null,"farmaindex_detalhe":false,"drogasil_busca":false,"drogasil_busca_error":null,"drogasil_detalhe":false,"cache_hit":false,"encontrado":false}}
[2026-06-05T20:18:14.678Z] [INFO] Enriquecimento concluido {"importacao_id":62,"item_id":1037492,"ean":"7896229902354","enriched":false,"requires_approval":true,"fontes_consultadas":{"convertize_busca":false,"convertize_busca_error":null,"convertize_detalhe":false,"farmaindex_busca":false,"farmaindex_busca_error":null,"farmaindex_detalhe":false,"drogasil_busca":false,"drogasil_busca_error":null,"drogasil_detalhe":false,"cache_hit":false,"encontrado":false}}
[2026-06-05T20:18:14.798Z] [INFO] Consumidor retirou lote do staging de trier {"importacao_id":62,"staged_itens_lote":4,"staged_itens_restantes":53007,"sample_eans":["7896229902361","7896229902378","7896229902385","7896229902392"]}
[2026-06-05T20:18:14.799Z] [INFO] Iniciando checagem de existencia no Banco Unico {"total_eans_consulta":4,"batches":1,"batch_size":100,"sample_eans":["7896229902361","7896229902378","7896229902385","7896229902392"]}
[2026-06-05T20:18:14.800Z] [INFO] Consultando batch de EANs no Banco Unico {"batch_index":1,"batch_total":1,"eans_no_batch":4,"sample_eans":["7896229902361","7896229902378","7896229902385","7896229902392"]}
[2026-06-05T20:18:14.832Z] [INFO] Resultado do batch consultado no Banco Unico {"batch_index":1,"encontrados":0,"faltantes":4,"found_eans_sample":[]}
[2026-06-05T20:18:14.833Z] [INFO] Checagem de existencia no Banco Unico concluida {"total_consultados":4,"total_existentes":0,"total_ausentes":4,"existing_eans_sample":[]}
[2026-06-05T20:18:14.833Z] [INFO] Resumo da triagem antes do enriquecimento {"importacao_id":62,"staged_total":4,"validos_unicos":4,"invalidos":0,"duplicados_no_lote":0,"existentes_no_banco_unico":0,"elegiveis_enriquecimento":4,"sample_eans_elegiveis":["7896229902361","7896229902378","7896229902385","7896229902392"],"acumulado":{"invalidos":18,"duplicados_no_lote":0,"existentes_no_banco_unico":222,"elegiveis_processamento":506}}
[2026-06-05T20:18:14.865Z] [INFO] Iniciando enriquecimento externo {"importacao_id":62,"item_id":1037498,"ean":"7896229902378"}
[2026-06-05T20:18:14.868Z] [INFO] Iniciando enriquecimento externo {"importacao_id":62,"item_id":1037502,"ean":"7896229902385"}
[2026-06-05T20:18:14.870Z] [INFO] Iniciando enriquecimento externo {"importacao_id":62,"item_id":1037501,"ean":"7896229902392"}
[2026-06-05T20:18:14.873Z] [INFO] Iniciando enriquecimento externo {"importacao_id":62,"item_id":1037494,"ean":"7896229902361"}
[2026-06-05T20:18:17.126Z] [INFO] Enriquecimento concluido {"importacao_id":62,"item_id":1037494,"ean":"7896229902361","enriched":false,"requires_approval":true,"fontes_consultadas":{"convertize_busca":false,"convertize_busca_error":null,"convertize_detalhe":false,"farmaindex_busca":false,"farmaindex_busca_error":null,"farmaindex_detalhe":false,"drogasil_busca":false,"drogasil_busca_error":null,"drogasil_detalhe":false,"cache_hit":false,"encontrado":false}}
[2026-06-05T20:18:17.300Z] [INFO] Enriquecimento concluido {"importacao_id":62,"item_id":1037501,"ean":"7896229902392","enriched":false,"requires_approval":true,"fontes_consultadas":{"convertize_busca":false,"convertize_busca_error":null,"convertize_detalhe":false,"farmaindex_busca":false,"farmaindex_busca_error":null,"farmaindex_detalhe":false,"drogasil_busca":false,"drogasil_busca_error":null,"drogasil_detalhe":false,"cache_hit":false,"encontrado":false}}
[2026-06-05T20:18:17.358Z] [INFO] Enriquecimento concluido {"importacao_id":62,"item_id":1037502,"ean":"7896229902385","enriched":false,"requires_approval":true,"fontes_consultadas":{"convertize_busca":false,"convertize_busca_error":null,"convertize_detalhe":false,"farmaindex_busca":false,"farmaindex_busca_error":null,"farmaindex_detalhe":false,"drogasil_busca":false,"drogasil_busca_error":null,"drogasil_detalhe":false,"cache_hit":false,"encontrado":false}}
[2026-06-05T20:18:17.437Z] [INFO] Enriquecimento concluido {"importacao_id":62,"item_id":1037498,"ean":"7896229902378","enriched":false,"requires_approval":true,"fontes_consultadas":{"convertize_busca":false,"convertize_busca_error":null,"convertize_detalhe":false,"farmaindex_busca":false,"farmaindex_busca_error":null,"farmaindex_detalhe":false,"drogasil_busca":false,"drogasil_busca_error":null,"drogasil_detalhe":false,"cache_hit":false,"encontrado":false}}
[2026-06-05T20:18:17.553Z] [INFO] Consumidor retirou lote do staging de trier {"importacao_id":62,"staged_itens_lote":4,"staged_itens_restantes":53003,"sample_eans":["7896229902408","7896229900930","7896229900947","7896014140466"]}
[2026-06-05T20:18:17.554Z] [INFO] Iniciando checagem de existencia no Banco Unico {"total_eans_consulta":4,"batches":1,"batch_size":100,"sample_eans":["7896229902408","7896229900930","7896229900947","7896014140466"]}
[2026-06-05T20:18:17.554Z] [INFO] Consultando batch de EANs no Banco Unico {"batch_index":1,"batch_total":1,"eans_no_batch":4,"sample_eans":["7896229902408","7896229900930","7896229900947","7896014140466"]}
[2026-06-05T20:18:17.597Z] [INFO] Resultado do batch consultado no Banco Unico {"batch_index":1,"encontrados":1,"faltantes":3,"found_eans_sample":["7896229900930"]}
[2026-06-05T20:18:17.597Z] [INFO] Checagem de existencia no Banco Unico concluida {"total_consultados":4,"total_existentes":1,"total_ausentes":3,"existing_eans_sample":["7896229900930"]}
[2026-06-05T20:18:17.665Z] [INFO] Resumo da triagem antes do enriquecimento {"importacao_id":62,"staged_total":4,"validos_unicos":4,"invalidos":0,"duplicados_no_lote":0,"existentes_no_banco_unico":1,"elegiveis_enriquecimento":3,"sample_eans_elegiveis":["7896229902408","7896229900947","7896014140466"],"acumulado":{"invalidos":18,"duplicados_no_lote":0,"existentes_no_banco_unico":223,"elegiveis_processamento":509}}
[2026-06-05T20:18:17.714Z] [INFO] Iniciando enriquecimento externo {"importacao_id":62,"item_id":1037495,"ean":"7896014140466"}
[2026-06-05T20:18:17.717Z] [INFO] Iniciando enriquecimento externo {"importacao_id":62,"item_id":1037496,"ean":"7896229902408"}
[2026-06-05T20:18:17.720Z] [INFO] Iniciando enriquecimento externo {"importacao_id":62,"item_id":1037499,"ean":"7896229900947"}
[2026-06-05T20:18:19.988Z] [INFO] Enriquecimento concluido {"importacao_id":62,"item_id":1037495,"ean":"7896014140466","enriched":false,"requires_approval":true,"fontes_consultadas":{"convertize_busca":false,"convertize_busca_error":null,"convertize_detalhe":false,"farmaindex_busca":false,"farmaindex_busca_error":null,"farmaindex_detalhe":false,"drogasil_busca":false,"drogasil_busca_error":null,"drogasil_detalhe":false,"cache_hit":false,"encontrado":false}}
[2026-06-05T20:18:20.040Z] [INFO] Enriquecimento concluido {"importacao_id":62,"item_id":1037496,"ean":"7896229902408","enriched":false,"requires_approval":true,"fontes_consultadas":{"convertize_busca":false,"convertize_busca_error":null,"convertize_detalhe":false,"farmaindex_busca":false,"farmaindex_busca_error":null,"farmaindex_detalhe":false,"drogasil_busca":false,"drogasil_busca_error":null,"drogasil_detalhe":false,"cache_hit":false,"encontrado":false}}
[2026-06-05T20:18:20.601Z] [INFO] Enriquecimento concluido {"importacao_id":62,"item_id":1037499,"ean":"7896229900947","enriched":false,"requires_approval":true,"fontes_consultadas":{"convertize_busca":false,"convertize_busca_error":null,"convertize_detalhe":false,"farmaindex_busca":false,"farmaindex_busca_error":null,"farmaindex_detalhe":false,"drogasil_busca":false,"drogasil_busca_error":null,"drogasil_detalhe":false,"cache_hit":false,"encontrado":false}}
[2026-06-05T20:18:20.674Z] [INFO] Consumidor retirou lote do staging de trier {"importacao_id":62,"staged_itens_lote":4,"staged_itens_restantes":52999,"sample_eans":["7891024136959","7891024172704","7891024136850","7896000706973"]}
[2026-06-05T20:18:20.674Z] [INFO] Iniciando checagem de existencia no Banco Unico {"total_eans_consulta":4,"batches":1,"batch_size":100,"sample_eans":["7891024136959","7891024172704","7891024136850","7896000706973"]}
[2026-06-05T20:18:20.675Z] [INFO] Consultando batch de EANs no Banco Unico {"batch_index":1,"batch_total":1,"eans_no_batch":4,"sample_eans":["7891024136959","7891024172704","7891024136850","7896000706973"]}
[2026-06-05T20:18:20.713Z] [INFO] Resultado do batch consultado no Banco Unico {"batch_index":1,"encontrados":0,"faltantes":4,"found_eans_sample":[]}
[2026-06-05T20:18:20.714Z] [INFO] Checagem de existencia no Banco Unico concluida {"total_consultados":4,"total_existentes":0,"total_ausentes":4,"existing_eans_sample":[]}
[2026-06-05T20:18:20.714Z] [INFO] Resumo da triagem antes do enriquecimento {"importacao_id":62,"staged_total":4,"validos_unicos":4,"invalidos":0,"duplicados_no_lote":0,"existentes_no_banco_unico":0,"elegiveis_enriquecimento":4,"sample_eans_elegiveis":["7891024136959","7891024172704","7891024136850","7896000706973"],"acumulado":{"invalidos":18,"duplicados_no_lote":0,"existentes_no_banco_unico":223,"elegiveis_processamento":513}}
[2026-06-05T20:18:20.740Z] [INFO] Iniciando enriquecimento externo {"importacao_id":62,"item_id":1037504,"ean":"7891024136850"}
[2026-06-05T20:18:20.744Z] [INFO] Iniciando enriquecimento externo {"importacao_id":62,"item_id":1037497,"ean":"7891024172704"}
[2026-06-05T20:18:20.747Z] [INFO] Iniciando enriquecimento externo {"importacao_id":62,"item_id":1037512,"ean":"7896000706973"}
[2026-06-05T20:18:20.750Z] [INFO] Iniciando enriquecimento externo {"importacao_id":62,"item_id":1037503,"ean":"7891024136959"}
[2026-06-05T20:18:22.776Z] [INFO] Enriquecimento concluido {"importacao_id":62,"item_id":1037503,"ean":"7891024136959","enriched":false,"requires_approval":true,"fontes_consultadas":{"convertize_busca":false,"convertize_busca_error":null,"convertize_detalhe":false,"farmaindex_busca":false,"farmaindex_busca_error":null,"farmaindex_detalhe":false,"drogasil_busca":false,"drogasil_busca_error":null,"drogasil_detalhe":false,"cache_hit":false,"encontrado":false}}
[2026-06-05T20:18:22.780Z] [INFO] Enriquecimento concluido {"importacao_id":62,"item_id":1037512,"ean":"7896000706973","enriched":false,"requires_approval":true,"fontes_consultadas":{"convertize_busca":false,"convertize_busca_error":null,"convertize_detalhe":false,"farmaindex_busca":false,"farmaindex_busca_error":null,"farmaindex_detalhe":false,"drogasil_busca":false,"drogasil_busca_error":null,"drogasil_detalhe":false,"cache_hit":false,"encontrado":false}}
[2026-06-05T20:18:25.703Z] [INFO] Enriquecimento concluido {"importacao_id":62,"item_id":1037504,"ean":"7891024136850","enriched":false,"requires_approval":true,"fontes_consultadas":{"convertize_busca":false,"convertize_busca_error":null,"convertize_detalhe":false,"farmaindex_busca":false,"farmaindex_busca_error":null,"farmaindex_detalhe":false,"drogasil_busca":false,"drogasil_busca_error":null,"drogasil_detalhe":false,"cache_hit":false,"encontrado":false}}
[2026-06-05T20:18:26.280Z] [INFO] Enriquecimento concluido {"importacao_id":62,"item_id":1037497,"ean":"7891024172704","enriched":false,"requires_approval":true,"fontes_consultadas":{"convertize_busca":false,"convertize_busca_error":null,"convertize_detalhe":false,"farmaindex_busca":false,"farmaindex_busca_error":null,"farmaindex_detalhe":false,"drogasil_busca":false,"drogasil_busca_error":null,"drogasil_detalhe":false,"cache_hit":false,"encontrado":false}}
[2026-06-05T20:18:26.379Z] [INFO] Consumidor retirou lote do staging de trier {"importacao_id":62,"staged_itens_lote":4,"staged_itens_restantes":52995,"sample_eans":["7896000706874","7896000706867","7891055535110","7891055535219"]}
[2026-06-05T20:18:26.380Z] [INFO] Iniciando checagem de existencia no Banco Unico {"total_eans_consulta":4,"batches":1,"batch_size":100,"sample_eans":["7896000706874","7896000706867","7891055535110","7891055535219"]}
[2026-06-05T20:18:26.380Z] [INFO] Consultando batch de EANs no Banco Unico {"batch_index":1,"batch_total":1,"eans_no_batch":4,"sample_eans":["7896000706874","7896000706867","7891055535110","7891055535219"]}
[2026-06-05T20:18:26.457Z] [INFO] Resultado do batch consultado no Banco Unico {"batch_index":1,"encontrados":1,"faltantes":3,"found_eans_sample":["7896000706867"]}
[2026-06-05T20:18:26.457Z] [INFO] Checagem de existencia no Banco Unico concluida {"total_consultados":4,"total_existentes":1,"total_ausentes":3,"existing_eans_sample":["7896000706867"]}
[2026-06-05T20:18:26.523Z] [INFO] Resumo da triagem antes do enriquecimento {"importacao_id":62,"staged_total":4,"validos_unicos":4,"invalidos":0,"duplicados_no_lote":0,"existentes_no_banco_unico":1,"elegiveis_enriquecimento":3,"sample_eans_elegiveis":["7896000706874","7891055535110","7891055535219"],"acumulado":{"invalidos":18,"duplicados_no_lote":0,"existentes_no_banco_unico":224,"elegiveis_processamento":516}}
[2026-06-05T20:18:26.550Z] [INFO] Iniciando enriquecimento externo {"importacao_id":62,"item_id":1037508,"ean":"7891055535219"}
[2026-06-05T20:18:26.558Z] [INFO] Iniciando enriquecimento externo {"importacao_id":62,"item_id":1037506,"ean":"7896000706874"}
[2026-06-05T20:18:26.592Z] [INFO] Iniciando enriquecimento externo {"importacao_id":62,"item_id":1037509,"ean":"7891055535110"}
[2026-06-05T20:18:28.227Z] [INFO] Enriquecimento concluido {"importacao_id":62,"item_id":1037506,"ean":"7896000706874","enriched":false,"requires_approval":true,"fontes_consultadas":{"convertize_busca":false,"convertize_busca_error":null,"convertize_detalhe":false,"farmaindex_busca":false,"farmaindex_busca_error":null,"farmaindex_detalhe":false,"drogasil_busca":false,"drogasil_busca_error":null,"drogasil_detalhe":false,"cache_hit":false,"encontrado":false}}
[2026-06-05T20:18:29.006Z] [INFO] Enriquecimento concluido {"importacao_id":62,"item_id":1037509,"ean":"7891055535110","enriched":false,"requires_approval":true,"fontes_consultadas":{"convertize_busca":false,"convertize_busca_error":null,"convertize_detalhe":false,"farmaindex_busca":false,"farmaindex_busca_error":null,"farmaindex_detalhe":false,"drogasil_busca":false,"drogasil_busca_error":null,"drogasil_detalhe":false,"cache_hit":false,"encontrado":false}}
[2026-06-05T20:18:29.682Z] [INFO] Enriquecimento concluido {"importacao_id":62,"item_id":1037508,"ean":"7891055535219","enriched":false,"requires_approval":true,"fontes_consultadas":{"convertize_busca":false,"convertize_busca_error":null,"convertize_detalhe":false,"farmaindex_busca":false,"farmaindex_busca_error":null,"farmaindex_detalhe":false,"drogasil_busca":false,"drogasil_busca_error":null,"drogasil_detalhe":false,"cache_hit":false,"encontrado":false}}
[2026-06-05T20:18:29.809Z] [INFO] Consumidor retirou lote do staging de trier {"importacao_id":62,"staged_itens_lote":4,"staged_itens_restantes":52991,"sample_eans":["7891055535318","7896472503261","7896090400317","7896090400331"]}
[2026-06-05T20:18:29.809Z] [INFO] Iniciando checagem de existencia no Banco Unico {"total_eans_consulta":4,"batches":1,"batch_size":100,"sample_eans":["7891055535318","7896472503261","7896090400317","7896090400331"]}
[2026-06-05T20:18:29.810Z] [INFO] Consultando batch de EANs no Banco Unico {"batch_index":1,"batch_total":1,"eans_no_batch":4,"sample_eans":["7891055535318","7896472503261","7896090400317","7896090400331"]}
[2026-06-05T20:18:29.840Z] [INFO] Resultado do batch consultado no Banco Unico {"batch_index":1,"encontrados":3,"faltantes":1,"found_eans_sample":["7896472503261","7896090400317","7896090400331"]}
[2026-06-05T20:18:29.841Z] [INFO] Checagem de existencia no Banco Unico concluida {"total_consultados":4,"total_existentes":3,"total_ausentes":1,"existing_eans_sample":["7896472503261","7896090400317","7896090400331"]}
[2026-06-05T20:18:30.027Z] [INFO] Resumo da triagem antes do enriquecimento {"importacao_id":62,"staged_total":4,"validos_unicos":4,"invalidos":0,"duplicados_no_lote":0,"existentes_no_banco_unico":3,"elegiveis_enriquecimento":1,"sample_eans_elegiveis":["7891055535318"],"acumulado":{"invalidos":18,"duplicados_no_lote":0,"existentes_no_banco_unico":227,"elegiveis_processamento":517}}
[2026-06-05T20:18:30.059Z] [INFO] Iniciando enriquecimento externo {"importacao_id":62,"item_id":1037507,"ean":"7891055535318"}
[2026-06-05T20:18:31.019Z] [INFO] Enriquecimento concluido {"importacao_id":62,"item_id":1037507,"ean":"7891055535318","enriched":false,"requires_approval":true,"fontes_consultadas":{"convertize_busca":false,"convertize_busca_error":null,"convertize_detalhe":false,"farmaindex_busca":false,"farmaindex_busca_error":null,"farmaindex_detalhe":false,"drogasil_busca":false,"drogasil_busca_error":null,"drogasil_detalhe":false,"cache_hit":false,"encontrado":false}}
[2026-06-05T20:18:31.121Z] [INFO] Consumidor retirou lote do staging de trier {"importacao_id":62,"staged_itens_lote":4,"staged_itens_restantes":52987,"sample_eans":["7896094901124","70330609723","70330605282"]}
[2026-06-05T20:18:31.122Z] [INFO] Iniciando checagem de existencia no Banco Unico {"total_eans_consulta":1,"batches":1,"batch_size":100,"sample_eans":["7896094901124"]}
[2026-06-05T20:18:31.122Z] [INFO] Consultando batch de EANs no Banco Unico {"batch_index":1,"batch_total":1,"eans_no_batch":1,"sample_eans":["7896094901124"]}
[2026-06-05T20:18:31.156Z] [INFO] Resultado do batch consultado no Banco Unico {"batch_index":1,"encontrados":1,"faltantes":0,"found_eans_sample":["7896094901124"]}
[2026-06-05T20:18:31.156Z] [INFO] Checagem de existencia no Banco Unico concluida {"total_consultados":1,"total_existentes":1,"total_ausentes":0,"existing_eans_sample":["7896094901124"]}
[2026-06-05T20:18:31.220Z] [INFO] Resumo da triagem antes do enriquecimento {"importacao_id":62,"staged_total":4,"validos_unicos":1,"invalidos":3,"duplicados_no_lote":0,"existentes_no_banco_unico":1,"elegiveis_enriquecimento":3,"sample_eans_elegiveis":["70330609723","70330605282"],"acumulado":{"invalidos":21,"duplicados_no_lote":0,"existentes_no_banco_unico":228,"elegiveis_processamento":520}}
[2026-06-05T20:18:31.383Z] [INFO] Consumidor retirou lote do staging de trier {"importacao_id":62,"staged_itens_lote":4,"staged_itens_restantes":52983,"sample_eans":["7896110003245","7896472502394","7896014140701","7896009158636"]}
[2026-06-05T20:18:31.383Z] [INFO] Iniciando checagem de existencia no Banco Unico {"total_eans_consulta":4,"batches":1,"batch_size":100,"sample_eans":["7896110003245","7896472502394","7896014140701","7896009158636"]}
[2026-06-05T20:18:31.384Z] [INFO] Consultando batch de EANs no Banco Unico {"batch_index":1,"batch_total":1,"eans_no_batch":4,"sample_eans":["7896110003245","7896472502394","7896014140701","7896009158636"]}
[2026-06-05T20:18:31.413Z] [INFO] Resultado do batch consultado no Banco Unico {"batch_index":1,"encontrados":1,"faltantes":3,"found_eans_sample":["7896014140701"]}
[2026-06-05T20:18:31.414Z] [INFO] Checagem de existencia no Banco Unico concluida {"total_consultados":4,"total_existentes":1,"total_ausentes":3,"existing_eans_sample":["7896014140701"]}
[2026-06-05T20:18:31.475Z] [INFO] Resumo da triagem antes do enriquecimento {"importacao_id":62,"staged_total":4,"validos_unicos":4,"invalidos":0,"duplicados_no_lote":0,"existentes_no_banco_unico":1,"elegiveis_enriquecimento":3,"sample_eans_elegiveis":["7896110003245","7896472502394","7896009158636"],"acumulado":{"invalidos":21,"duplicados_no_lote":0,"existentes_no_banco_unico":229,"elegiveis_processamento":523}}
[2026-06-05T20:18:31.500Z] [INFO] Iniciando enriquecimento externo {"importacao_id":62,"item_id":1037521,"ean":"7896472502394"}
[2026-06-05T20:18:31.506Z] [INFO] Iniciando enriquecimento externo {"importacao_id":62,"item_id":1037518,"ean":"7896110003245"}
[2026-06-05T20:18:31.510Z] [INFO] Iniciando enriquecimento externo {"importacao_id":62,"item_id":1037529,"ean":"7896009158636"}
[2026-06-05T20:18:32.664Z] [INFO] Enriquecimento concluido {"importacao_id":62,"item_id":1037529,"ean":"7896009158636","enriched":false,"requires_approval":true,"fontes_consultadas":{"convertize_busca":false,"convertize_busca_error":null,"convertize_detalhe":false,"farmaindex_busca":false,"farmaindex_busca_error":null,"farmaindex_detalhe":false,"drogasil_busca":false,"drogasil_busca_error":null,"drogasil_detalhe":false,"cache_hit":false,"encontrado":false}}
[2026-06-05T20:18:32.742Z] [INFO] Enriquecimento concluido {"importacao_id":62,"item_id":1037521,"ean":"7896472502394","enriched":false,"requires_approval":true,"fontes_consultadas":{"convertize_busca":false,"convertize_busca_error":null,"convertize_detalhe":false,"farmaindex_busca":false,"farmaindex_busca_error":null,"farmaindex_detalhe":false,"drogasil_busca":false,"drogasil_busca_error":null,"drogasil_detalhe":false,"cache_hit":false,"encontrado":false}}
[2026-06-05T20:18:33.221Z] [INFO] Enriquecimento concluido {"importacao_id":62,"item_id":1037518,"ean":"7896110003245","enriched":false,"requires_approval":true,"fontes_consultadas":{"convertize_busca":false,"convertize_busca_error":null,"convertize_detalhe":false,"farmaindex_busca":false,"farmaindex_busca_error":null,"farmaindex_detalhe":false,"drogasil_busca":false,"drogasil_busca_error":null,"drogasil_detalhe":false,"cache_hit":false,"encontrado":false}}
[2026-06-05T20:18:33.311Z] [INFO] Consumidor retirou lote do staging de trier {"importacao_id":62,"staged_itens_lote":4,"staged_itens_restantes":52979,"sample_eans":["7896009158629","7896014140664","7891060817690","7896094901650"]}
[2026-06-05T20:18:33.312Z] [INFO] Iniciando checagem de existencia no Banco Unico {"total_eans_consulta":4,"batches":1,"batch_size":100,"sample_eans":["7896009158629","7896014140664","7891060817690","7896094901650"]}
[2026-06-05T20:18:33.313Z] [INFO] Consultando batch de EANs no Banco Unico {"batch_index":1,"batch_total":1,"eans_no_batch":4,"sample_eans":["7896009158629","7896014140664","7891060817690","7896094901650"]}
[2026-06-05T20:18:33.346Z] [INFO] Resultado do batch consultado no Banco Unico {"batch_index":1,"encontrados":1,"faltantes":3,"found_eans_sample":["7896094901650"]}
[2026-06-05T20:18:33.347Z] [INFO] Checagem de existencia no Banco Unico concluida {"total_consultados":4,"total_existentes":1,"total_ausentes":3,"existing_eans_sample":["7896094901650"]}
[2026-06-05T20:18:33.411Z] [INFO] Resumo da triagem antes do enriquecimento {"importacao_id":62,"staged_total":4,"validos_unicos":4,"invalidos":0,"duplicados_no_lote":0,"existentes_no_banco_unico":1,"elegiveis_enriquecimento":3,"sample_eans_elegiveis":["7896009158629","7896014140664","7891060817690"],"acumulado":{"invalidos":21,"duplicados_no_lote":0,"existentes_no_banco_unico":230,"elegiveis_processamento":526}}
[2026-06-05T20:18:33.444Z] [INFO] Iniciando enriquecimento externo {"importacao_id":62,"item_id":1037520,"ean":"7896009158629"}
[2026-06-05T20:18:33.447Z] [INFO] Iniciando enriquecimento externo {"importacao_id":62,"item_id":1037525,"ean":"7896014140664"}
[2026-06-05T20:18:33.459Z] [INFO] Iniciando enriquecimento externo {"importacao_id":62,"item_id":1037522,"ean":"7891060817690"}
[2026-06-05T20:18:35.660Z] [INFO] Enriquecimento concluido {"importacao_id":62,"item_id":1037522,"ean":"7891060817690","enriched":false,"requires_approval":true,"fontes_consultadas":{"convertize_busca":false,"convertize_busca_error":null,"convertize_detalhe":false,"farmaindex_busca":false,"farmaindex_busca_error":null,"farmaindex_detalhe":false,"drogasil_busca":false,"drogasil_busca_error":null,"drogasil_detalhe":false,"cache_hit":false,"encontrado":false}}
[2026-06-05T20:18:35.684Z] [INFO] Enriquecimento concluido {"importacao_id":62,"item_id":1037525,"ean":"7896014140664","enriched":false,"requires_approval":true,"fontes_consultadas":{"convertize_busca":false,"convertize_busca_error":null,"convertize_detalhe":false,"farmaindex_busca":false,"farmaindex_busca_error":null,"farmaindex_detalhe":false,"drogasil_busca":false,"drogasil_busca_error":null,"drogasil_detalhe":false,"cache_hit":false,"encontrado":false}}
[2026-06-05T20:18:35.755Z] [INFO] Enriquecimento concluido {"importacao_id":62,"item_id":1037520,"ean":"7896009158629","enriched":false,"requires_approval":true,"fontes_consultadas":{"convertize_busca":false,"convertize_busca_error":null,"convertize_detalhe":false,"farmaindex_busca":false,"farmaindex_busca_error":null,"farmaindex_detalhe":false,"drogasil_busca":false,"drogasil_busca_error":null,"drogasil_detalhe":false,"cache_hit":false,"encontrado":false}}
[2026-06-05T20:18:35.856Z] [INFO] Consumidor retirou lote do staging de trier {"importacao_id":62,"staged_itens_lote":4,"staged_itens_restantes":52975,"sample_eans":["7896009158612","7891060821420","7896009164392","7897186003399"]}
[2026-06-05T20:18:35.856Z] [INFO] Iniciando checagem de existencia no Banco Unico {"total_eans_consulta":4,"batches":1,"batch_size":100,"sample_eans":["7896009158612","7891060821420","7896009164392","7897186003399"]}
[2026-06-05T20:18:35.857Z] [INFO] Consultando batch de EANs no Banco Unico {"batch_index":1,"batch_total":1,"eans_no_batch":4,"sample_eans":["7896009158612","7891060821420","7896009164392","7897186003399"]}
[2026-06-05T20:18:35.886Z] [INFO] Resultado do batch consultado no Banco Unico {"batch_index":1,"encontrados":0,"faltantes":4,"found_eans_sample":[]}
[2026-06-05T20:18:35.886Z] [INFO] Checagem de existencia no Banco Unico concluida {"total_consultados":4,"total_existentes":0,"total_ausentes":4,"existing_eans_sample":[]}
[2026-06-05T20:18:35.887Z] [INFO] Resumo da triagem antes do enriquecimento {"importacao_id":62,"staged_total":4,"validos_unicos":4,"invalidos":0,"duplicados_no_lote":0,"existentes_no_banco_unico":0,"elegiveis_enriquecimento":4,"sample_eans_elegiveis":["7896009158612","7891060821420","7896009164392","7897186003399"],"acumulado":{"invalidos":21,"duplicados_no_lote":0,"existentes_no_banco_unico":230,"elegiveis_processamento":530}}
[2026-06-05T20:18:35.915Z] [INFO] Iniciando enriquecimento externo {"importacao_id":62,"item_id":1037526,"ean":"7891060821420"}
[2026-06-05T20:18:35.919Z] [INFO] Iniciando enriquecimento externo {"importacao_id":62,"item_id":1037527,"ean":"7897186003399"}
[2026-06-05T20:18:35.922Z] [INFO] Iniciando enriquecimento externo {"importacao_id":62,"item_id":1037524,"ean":"7896009158612"}
[2026-06-05T20:18:35.934Z] [INFO] Iniciando enriquecimento externo {"importacao_id":62,"item_id":1037530,"ean":"7896009164392"}
[2026-06-05T20:18:37.039Z] [INFO] Enriquecimento concluido {"importacao_id":62,"item_id":1037527,"ean":"7897186003399","enriched":false,"requires_approval":true,"fontes_consultadas":{"convertize_busca":false,"convertize_busca_error":null,"convertize_detalhe":false,"farmaindex_busca":false,"farmaindex_busca_error":null,"farmaindex_detalhe":false,"drogasil_busca":false,"drogasil_busca_error":null,"drogasil_detalhe":false,"cache_hit":false,"encontrado":false}}
[2026-06-05T20:18:37.286Z] [INFO] Enriquecimento concluido {"importacao_id":62,"item_id":1037526,"ean":"7891060821420","enriched":false,"requires_approval":true,"fontes_consultadas":{"convertize_busca":false,"convertize_busca_error":null,"convertize_detalhe":false,"farmaindex_busca":false,"farmaindex_busca_error":null,"farmaindex_detalhe":false,"drogasil_busca":false,"drogasil_busca_error":null,"drogasil_detalhe":false,"cache_hit":false,"encontrado":false}}
[2026-06-05T20:18:37.568Z] [INFO] Enriquecimento concluido {"importacao_id":62,"item_id":1037524,"ean":"7896009158612","enriched":false,"requires_approval":true,"fontes_consultadas":{"convertize_busca":false,"convertize_busca_error":null,"convertize_detalhe":false,"farmaindex_busca":false,"farmaindex_busca_error":null,"farmaindex_detalhe":false,"drogasil_busca":false,"drogasil_busca_error":null,"drogasil_detalhe":false,"cache_hit":false,"encontrado":false}}
[2026-06-05T20:18:38.574Z] [INFO] Enriquecimento concluido {"importacao_id":62,"item_id":1037530,"ean":"7896009164392","enriched":false,"requires_approval":true,"fontes_consultadas":{"convertize_busca":false,"convertize_busca_error":null,"convertize_detalhe":false,"farmaindex_busca":false,"farmaindex_busca_error":null,"farmaindex_detalhe":false,"drogasil_busca":false,"drogasil_busca_error":null,"drogasil_detalhe":false,"cache_hit":false,"encontrado":false}}
[2026-06-05T20:18:38.656Z] [INFO] Consumidor retirou lote do staging de trier {"importacao_id":62,"staged_itens_lote":4,"staged_itens_restantes":52971,"sample_eans":["7897186003375","7891060855432","7898908963373","7898908963380"]}
[2026-06-05T20:18:38.657Z] [INFO] Iniciando checagem de existencia no Banco Unico {"total_eans_consulta":4,"batches":1,"batch_size":100,"sample_eans":["7897186003375","7891060855432","7898908963373","7898908963380"]}
[2026-06-05T20:18:38.657Z] [INFO] Consultando batch de EANs no Banco Unico {"batch_index":1,"batch_total":1,"eans_no_batch":4,"sample_eans":["7897186003375","7891060855432","7898908963373","7898908963380"]}
[2026-06-05T20:18:38.695Z] [INFO] Resultado do batch consultado no Banco Unico {"batch_index":1,"encontrados":0,"faltantes":4,"found_eans_sample":[]}
[2026-06-05T20:18:38.696Z] [INFO] Checagem de existencia no Banco Unico concluida {"total_consultados":4,"total_existentes":0,"total_ausentes":4,"existing_eans_sample":[]}
[2026-06-05T20:18:38.696Z] [INFO] Resumo da triagem antes do enriquecimento {"importacao_id":62,"staged_total":4,"validos_unicos":4,"invalidos":0,"duplicados_no_lote":0,"existentes_no_banco_unico":0,"elegiveis_enriquecimento":4,"sample_eans_elegiveis":["7897186003375","7891060855432","7898908963373","7898908963380"],"acumulado":{"invalidos":21,"duplicados_no_lote":0,"existentes_no_banco_unico":230,"elegiveis_processamento":534}}
[2026-06-05T20:18:38.722Z] [INFO] Iniciando enriquecimento externo {"importacao_id":62,"item_id":1037528,"ean":"7897186003375"}
[2026-06-05T20:18:38.724Z] [INFO] Iniciando enriquecimento externo {"importacao_id":62,"item_id":1037532,"ean":"7898908963373"}
[2026-06-05T20:18:38.728Z] [INFO] Iniciando enriquecimento externo {"importacao_id":62,"item_id":1037539,"ean":"7898908963380"}
[2026-06-05T20:18:38.730Z] [INFO] Iniciando enriquecimento externo {"importacao_id":62,"item_id":1037531,"ean":"7891060855432"}
[2026-06-05T20:18:40.100Z] [INFO] Enriquecimento concluido {"importacao_id":62,"item_id":1037539,"ean":"7898908963380","enriched":false,"requires_approval":true,"fontes_consultadas":{"convertize_busca":false,"convertize_busca_error":null,"convertize_detalhe":false,"farmaindex_busca":false,"farmaindex_busca_error":null,"farmaindex_detalhe":false,"drogasil_busca":false,"drogasil_busca_error":null,"drogasil_detalhe":false,"cache_hit":false,"encontrado":false}}
[2026-06-05T20:18:40.473Z] [INFO] Enriquecimento concluido {"importacao_id":62,"item_id":1037531,"ean":"7891060855432","enriched":false,"requires_approval":true,"fontes_consultadas":{"convertize_busca":false,"convertize_busca_error":null,"convertize_detalhe":false,"farmaindex_busca":false,"farmaindex_busca_error":null,"farmaindex_detalhe":false,"drogasil_busca":false,"drogasil_busca_error":null,"drogasil_detalhe":false,"cache_hit":false,"encontrado":false}}
[2026-06-05T20:18:41.123Z] [INFO] Enriquecimento concluido {"importacao_id":62,"item_id":1037532,"ean":"7898908963373","enriched":false,"requires_approval":true,"fontes_consultadas":{"convertize_busca":false,"convertize_busca_error":null,"convertize_detalhe":false,"farmaindex_busca":false,"farmaindex_busca_error":null,"farmaindex_detalhe":false,"drogasil_busca":false,"drogasil_busca_error":null,"drogasil_detalhe":false,"cache_hit":false,"encontrado":false}}
[2026-06-05T20:18:41.930Z] [INFO] Enriquecimento concluido {"importacao_id":62,"item_id":1037528,"ean":"7897186003375","enriched":false,"requires_approval":true,"fontes_consultadas":{"convertize_busca":false,"convertize_busca_error":null,"convertize_detalhe":false,"farmaindex_busca":false,"farmaindex_busca_error":null,"farmaindex_detalhe":false,"drogasil_busca":false,"drogasil_busca_error":null,"drogasil_detalhe":false,"cache_hit":false,"encontrado":false}}
[2026-06-05T20:18:42.028Z] [INFO] Consumidor retirou lote do staging de trier {"importacao_id":62,"staged_itens_lote":4,"staged_itens_restantes":52967,"sample_eans":["7898908963397","7898908963403","7891010042783","7898908963410"]}
[2026-06-05T20:18:42.028Z] [INFO] Iniciando checagem de existencia no Banco Unico {"total_eans_consulta":4,"batches":1,"batch_size":100,"sample_eans":["7898908963397","7898908963403","7891010042783","7898908963410"]}
[2026-06-05T20:18:42.029Z] [INFO] Consultando batch de EANs no Banco Unico {"batch_index":1,"batch_total":1,"eans_no_batch":4,"sample_eans":["7898908963397","7898908963403","7891010042783","7898908963410"]}
[2026-06-05T20:18:42.057Z] [INFO] Resultado do batch consultado no Banco Unico {"batch_index":1,"encontrados":0,"faltantes":4,"found_eans_sample":[]}
[2026-06-05T20:18:42.057Z] [INFO] Checagem de existencia no Banco Unico concluida {"total_consultados":4,"total_existentes":0,"total_ausentes":4,"existing_eans_sample":[]}
[2026-06-05T20:18:42.058Z] [INFO] Resumo da triagem antes do enriquecimento {"importacao_id":62,"staged_total":4,"validos_unicos":4,"invalidos":0,"duplicados_no_lote":0,"existentes_no_banco_unico":0,"elegiveis_enriquecimento":4,"sample_eans_elegiveis":["7898908963397","7898908963403","7891010042783","7898908963410"],"acumulado":{"invalidos":21,"duplicados_no_lote":0,"existentes_no_banco_unico":230,"elegiveis_processamento":538}}
[2026-06-05T20:18:42.085Z] [INFO] Iniciando enriquecimento externo {"importacao_id":62,"item_id":1037541,"ean":"7891010042783"}
[2026-06-05T20:18:42.090Z] [INFO] Iniciando enriquecimento externo {"importacao_id":62,"item_id":1037538,"ean":"7898908963410"}
[2026-06-05T20:18:42.094Z] [INFO] Iniciando enriquecimento externo {"importacao_id":62,"item_id":1037540,"ean":"7898908963397"}
[2026-06-05T20:18:42.118Z] [INFO] Iniciando enriquecimento externo {"importacao_id":62,"item_id":1037542,"ean":"7898908963403"}
[2026-06-05T20:18:43.877Z] [INFO] Enriquecimento concluido {"importacao_id":62,"item_id":1037542,"ean":"7898908963403","enriched":false,"requires_approval":true,"fontes_consultadas":{"convertize_busca":false,"convertize_busca_error":null,"convertize_detalhe":false,"farmaindex_busca":false,"farmaindex_busca_error":null,"farmaindex_detalhe":false,"drogasil_busca":false,"drogasil_busca_error":null,"drogasil_detalhe":false,"cache_hit":false,"encontrado":false}}
[2026-06-05T20:18:44.014Z] [INFO] Enriquecimento concluido {"importacao_id":62,"item_id":1037540,"ean":"7898908963397","enriched":false,"requires_approval":true,"fontes_consultadas":{"convertize_busca":false,"convertize_busca_error":null,"convertize_detalhe":false,"farmaindex_busca":false,"farmaindex_busca_error":null,"farmaindex_detalhe":false,"drogasil_busca":false,"drogasil_busca_error":null,"drogasil_detalhe":false,"cache_hit":false,"encontrado":false}}
[2026-06-05T20:18:44.638Z] [INFO] Enriquecimento concluido {"importacao_id":62,"item_id":1037538,"ean":"7898908963410","enriched":false,"requires_approval":true,"fontes_consultadas":{"convertize_busca":false,"convertize_busca_error":null,"convertize_detalhe":false,"farmaindex_busca":false,"farmaindex_busca_error":null,"farmaindex_detalhe":false,"drogasil_busca":false,"drogasil_busca_error":null,"drogasil_detalhe":false,"cache_hit":false,"encontrado":false}}
[2026-06-05T20:18:45.595Z] [INFO] Enriquecimento concluido {"importacao_id":62,"item_id":1037541,"ean":"7891010042783","enriched":false,"requires_approval":true,"fontes_consultadas":{"convertize_busca":false,"convertize_busca_error":null,"convertize_detalhe":false,"farmaindex_busca":false,"farmaindex_busca_error":null,"farmaindex_detalhe":false,"drogasil_busca":false,"drogasil_busca_error":null,"drogasil_detalhe":false,"cache_hit":false,"encontrado":false}}
[2026-06-05T20:18:45.686Z] [INFO] Consumidor retirou lote do staging de trier {"importacao_id":62,"staged_itens_lote":4,"staged_itens_restantes":52963,"sample_eans":["7897129301698","7896931421556","7898948648148","7896269901614"]}
[2026-06-05T20:18:45.686Z] [INFO] Iniciando checagem de existencia no Banco Unico {"total_eans_consulta":4,"batches":1,"batch_size":100,"sample_eans":["7897129301698","7896931421556","7898948648148","7896269901614"]}
[2026-06-05T20:18:45.687Z] [INFO] Consultando batch de EANs no Banco Unico {"batch_index":1,"batch_total":1,"eans_no_batch":4,"sample_eans":["7897129301698","7896931421556","7898948648148","7896269901614"]}
[2026-06-05T20:18:45.715Z] [INFO] Resultado do batch consultado no Banco Unico {"batch_index":1,"encontrados":1,"faltantes":3,"found_eans_sample":["7898948648148"]}
[2026-06-05T20:18:45.715Z] [INFO] Checagem de existencia no Banco Unico concluida {"total_consultados":4,"total_existentes":1,"total_ausentes":3,"existing_eans_sample":["7898948648148"]}
[2026-06-05T20:18:45.775Z] [INFO] Resumo da triagem antes do enriquecimento {"importacao_id":62,"staged_total":4,"validos_unicos":4,"invalidos":0,"duplicados_no_lote":0,"existentes_no_banco_unico":1,"elegiveis_enriquecimento":3,"sample_eans_elegiveis":["7897129301698","7896931421556","7896269901614"],"acumulado":{"invalidos":21,"duplicados_no_lote":0,"existentes_no_banco_unico":231,"elegiveis_processamento":541}}
[2026-06-05T20:18:45.800Z] [INFO] Iniciando enriquecimento externo {"importacao_id":62,"item_id":1037533,"ean":"7896269901614"}
[2026-06-05T20:18:45.805Z] [INFO] Iniciando enriquecimento externo {"importacao_id":62,"item_id":1037536,"ean":"7896931421556"}
[2026-06-05T20:18:45.808Z] [INFO] Iniciando enriquecimento externo {"importacao_id":62,"item_id":1037534,"ean":"7897129301698"}
[2026-06-05T20:18:47.060Z] [INFO] Enriquecimento concluido {"importacao_id":62,"item_id":1037533,"ean":"7896269901614","enriched":false,"requires_approval":true,"fontes_consultadas":{"convertize_busca":false,"convertize_busca_error":null,"convertize_detalhe":false,"farmaindex_busca":false,"farmaindex_busca_error":null,"farmaindex_detalhe":false,"drogasil_busca":false,"drogasil_busca_error":null,"drogasil_detalhe":false,"cache_hit":false,"encontrado":false}}
[2026-06-05T20:18:47.542Z] [INFO] Enriquecimento concluido {"importacao_id":62,"item_id":1037536,"ean":"7896931421556","enriched":false,"requires_approval":true,"fontes_consultadas":{"convertize_busca":false,"convertize_busca_error":null,"convertize_detalhe":false,"farmaindex_busca":false,"farmaindex_busca_error":null,"farmaindex_detalhe":false,"drogasil_busca":false,"drogasil_busca_error":null,"drogasil_detalhe":false,"cache_hit":false,"encontrado":false}}
[2026-06-05T20:18:49.881Z] [INFO] Enriquecimento concluido {"importacao_id":62,"item_id":1037534,"ean":"7897129301698","enriched":false,"requires_approval":true,"fontes_consultadas":{"convertize_busca":false,"convertize_busca_error":null,"convertize_detalhe":false,"farmaindex_busca":false,"farmaindex_busca_error":null,"farmaindex_detalhe":false,"drogasil_busca":false,"drogasil_busca_error":null,"drogasil_detalhe":false,"cache_hit":false,"encontrado":false}}
[2026-06-05T20:18:49.981Z] [INFO] Consumidor retirou lote do staging de trier {"importacao_id":62,"staged_itens_lote":4,"staged_itens_restantes":52959,"sample_eans":["7896269901607","7896269900839","7891051035331","7891051035287"]}
[2026-06-05T20:18:49.982Z] [INFO] Iniciando checagem de existencia no Banco Unico {"total_eans_consulta":4,"batches":1,"batch_size":100,"sample_eans":["7896269901607","7896269900839","7891051035331","7891051035287"]}
[2026-06-05T20:18:49.982Z] [INFO] Consultando batch de EANs no Banco Unico {"batch_index":1,"batch_total":1,"eans_no_batch":4,"sample_eans":["7896269901607","7896269900839","7891051035331","7891051035287"]}
[2026-06-05T20:18:50.009Z] [INFO] Resultado do batch consultado no Banco Unico {"batch_index":1,"encontrados":2,"faltantes":2,"found_eans_sample":["7896269901607","7896269900839"]}
[2026-06-05T20:18:50.010Z] [INFO] Checagem de existencia no Banco Unico concluida {"total_consultados":4,"total_existentes":2,"total_ausentes":2,"existing_eans_sample":["7896269901607","7896269900839"]}
[2026-06-05T20:18:50.147Z] [INFO] Resumo da triagem antes do enriquecimento {"importacao_id":62,"staged_total":4,"validos_unicos":4,"invalidos":0,"duplicados_no_lote":0,"existentes_no_banco_unico":2,"elegiveis_enriquecimento":2,"sample_eans_elegiveis":["7891051035331","7891051035287"],"acumulado":{"invalidos":21,"duplicados_no_lote":0,"existentes_no_banco_unico":233,"elegiveis_processamento":543}}
[2026-06-05T20:18:50.178Z] [INFO] Iniciando enriquecimento externo {"importacao_id":62,"item_id":1037544,"ean":"7891051035331"}
[2026-06-05T20:18:50.181Z] [INFO] Iniciando enriquecimento externo {"importacao_id":62,"item_id":1037543,"ean":"7891051035287"}
[2026-06-05T20:18:51.431Z] [INFO] Enriquecimento concluido {"importacao_id":62,"item_id":1037543,"ean":"7891051035287","enriched":false,"requires_approval":true,"fontes_consultadas":{"convertize_busca":false,"convertize_busca_error":null,"convertize_detalhe":false,"farmaindex_busca":false,"farmaindex_busca_error":null,"farmaindex_detalhe":false,"drogasil_busca":false,"drogasil_busca_error":null,"drogasil_detalhe":false,"cache_hit":false,"encontrado":false}}
[2026-06-05T20:18:52.135Z] [INFO] Enriquecimento concluido {"importacao_id":62,"item_id":1037544,"ean":"7891051035331","enriched":false,"requires_approval":true,"fontes_consultadas":{"convertize_busca":false,"convertize_busca_error":null,"convertize_detalhe":false,"farmaindex_busca":false,"farmaindex_busca_error":null,"farmaindex_detalhe":false,"drogasil_busca":false,"drogasil_busca_error":null,"drogasil_detalhe":false,"cache_hit":false,"encontrado":false}}
[2026-06-05T20:18:52.231Z] [INFO] Consumidor retirou lote do staging de trier {"importacao_id":62,"staged_itens_lote":4,"staged_itens_restantes":52955,"sample_eans":["7898254250011","7891106905916","7896641802928","7896226504957"]}
[2026-06-05T20:18:52.232Z] [INFO] Iniciando checagem de existencia no Banco Unico {"total_eans_consulta":4,"batches":1,"batch_size":100,"sample_eans":["7898254250011","7891106905916","7896641802928","7896226504957"]}
[2026-06-05T20:18:52.232Z] [INFO] Consultando batch de EANs no Banco Unico {"batch_index":1,"batch_total":1,"eans_no_batch":4,"sample_eans":["7898254250011","7891106905916","7896641802928","7896226504957"]}
[2026-06-05T20:18:52.259Z] [INFO] Resultado do batch consultado no Banco Unico {"batch_index":1,"encontrados":2,"faltantes":2,"found_eans_sample":["7891106905916","7896226504957"]}
[2026-06-05T20:18:52.260Z] [INFO] Checagem de existencia no Banco Unico concluida {"total_consultados":4,"total_existentes":2,"total_ausentes":2,"existing_eans_sample":["7891106905916","7896226504957"]}
[2026-06-05T20:18:52.391Z] [INFO] Resumo da triagem antes do enriquecimento {"importacao_id":62,"staged_total":4,"validos_unicos":4,"invalidos":0,"duplicados_no_lote":0,"existentes_no_banco_unico":2,"elegiveis_enriquecimento":2,"sample_eans_elegiveis":["7898254250011","7896641802928"],"acumulado":{"invalidos":21,"duplicados_no_lote":0,"existentes_no_banco_unico":235,"elegiveis_processamento":545}}
[2026-06-05T20:18:52.423Z] [INFO] Iniciando enriquecimento externo {"importacao_id":62,"item_id":1037546,"ean":"7898254250011"}
[2026-06-05T20:18:52.428Z] [INFO] Iniciando enriquecimento externo {"importacao_id":62,"item_id":1037549,"ean":"7896641802928"}
[2026-06-05T20:18:53.850Z] [INFO] Enriquecimento concluido {"importacao_id":62,"item_id":1037546,"ean":"7898254250011","enriched":false,"requires_approval":true,"fontes_consultadas":{"convertize_busca":false,"convertize_busca_error":null,"convertize_detalhe":false,"farmaindex_busca":false,"farmaindex_busca_error":null,"farmaindex_detalhe":false,"drogasil_busca":false,"drogasil_busca_error":null,"drogasil_detalhe":false,"cache_hit":false,"encontrado":false}}
[2026-06-05T20:18:53.874Z] [INFO] Enriquecimento concluido {"importacao_id":62,"item_id":1037549,"ean":"7896641802928","enriched":false,"requires_approval":true,"fontes_consultadas":{"convertize_busca":false,"convertize_busca_error":null,"convertize_detalhe":false,"farmaindex_busca":false,"farmaindex_busca_error":null,"farmaindex_detalhe":false,"drogasil_busca":false,"drogasil_busca_error":null,"drogasil_detalhe":false,"cache_hit":false,"encontrado":false}}
[2026-06-05T20:18:53.969Z] [INFO] Consumidor retirou lote do staging de trier {"importacao_id":62,"staged_itens_lote":4,"staged_itens_restantes":52951,"sample_eans":["7896014140497","7896226504964","7896637023139","7896637022446"]}
[2026-06-05T20:18:53.970Z] [INFO] Iniciando checagem de existencia no Banco Unico {"total_eans_consulta":4,"batches":1,"batch_size":100,"sample_eans":["7896014140497","7896226504964","7896637023139","7896637022446"]}
[2026-06-05T20:18:53.970Z] [INFO] Consultando batch de EANs no Banco Unico {"batch_index":1,"batch_total":1,"eans_no_batch":4,"sample_eans":["7896014140497","7896226504964","7896637023139","7896637022446"]}
[2026-06-05T20:18:54.001Z] [INFO] Resultado do batch consultado no Banco Unico {"batch_index":1,"encontrados":4,"faltantes":0,"found_eans_sample":["7896014140497","7896226504964","7896637023139","7896637022446"]}
[2026-06-05T20:18:54.002Z] [INFO] Checagem de existencia no Banco Unico concluida {"total_consultados":4,"total_existentes":4,"total_ausentes":0,"existing_eans_sample":["7896014140497","7896226504964","7896637023139","7896637022446"]}
[2026-06-05T20:18:54.249Z] [INFO] Resumo da triagem antes do enriquecimento {"importacao_id":62,"staged_total":4,"validos_unicos":4,"invalidos":0,"duplicados_no_lote":0,"existentes_no_banco_unico":4,"elegiveis_enriquecimento":0,"sample_eans_elegiveis":[],"acumulado":{"invalidos":21,"duplicados_no_lote":0,"existentes_no_banco_unico":239,"elegiveis_processamento":545}}
[2026-06-05T20:18:54.249Z] [INFO] Consumidor retirou lote do staging de trier {"importacao_id":62,"staged_itens_lote":4,"staged_itens_restantes":52947,"sample_eans":["7896637023665","7896637023658","7896512909190","7898904856037"]}
[2026-06-05T20:18:54.250Z] [INFO] Iniciando checagem de existencia no Banco Unico {"total_eans_consulta":4,"batches":1,"batch_size":100,"sample_eans":["7896637023665","7896637023658","7896512909190","7898904856037"]}
[2026-06-05T20:18:54.250Z] [INFO] Consultando batch de EANs no Banco Unico {"batch_index":1,"batch_total":1,"eans_no_batch":4,"sample_eans":["7896637023665","7896637023658","7896512909190","7898904856037"]}
[2026-06-05T20:18:54.285Z] [INFO] Resultado do batch consultado no Banco Unico {"batch_index":1,"encontrados":3,"faltantes":1,"found_eans_sample":["7896637023665","7896637023658","7896512909190"]}
[2026-06-05T20:18:54.285Z] [INFO] Checagem de existencia no Banco Unico concluida {"total_consultados":4,"total_existentes":3,"total_ausentes":1,"existing_eans_sample":["7896637023665","7896637023658","7896512909190"]}
[2026-06-05T20:18:54.465Z] [INFO] Resumo da triagem antes do enriquecimento {"importacao_id":62,"staged_total":4,"validos_unicos":4,"invalidos":0,"duplicados_no_lote":0,"existentes_no_banco_unico":3,"elegiveis_enriquecimento":1,"sample_eans_elegiveis":["7898904856037"],"acumulado":{"invalidos":21,"duplicados_no_lote":0,"existentes_no_banco_unico":242,"elegiveis_processamento":546}}
[2026-06-05T20:18:54.496Z] [INFO] Iniciando enriquecimento externo {"importacao_id":62,"item_id":1037561,"ean":"7898904856037"}
[2026-06-05T20:18:57.993Z] [INFO] Enriquecimento concluido {"importacao_id":62,"item_id":1037561,"ean":"7898904856037","enriched":false,"requires_approval":true,"fontes_consultadas":{"convertize_busca":false,"convertize_busca_error":null,"convertize_detalhe":false,"farmaindex_busca":false,"farmaindex_busca_error":null,"farmaindex_detalhe":false,"drogasil_busca":false,"drogasil_busca_error":null,"drogasil_detalhe":false,"cache_hit":false,"encontrado":false}}
[2026-06-05T20:18:58.118Z] [INFO] Consumidor retirou lote do staging de trier {"importacao_id":62,"staged_itens_lote":4,"staged_itens_restantes":52943,"sample_eans":["7898904856327","7896641802904","7898904856068","7898904856358"]}
[2026-06-05T20:18:58.119Z] [INFO] Iniciando checagem de existencia no Banco Unico {"total_eans_consulta":4,"batches":1,"batch_size":100,"sample_eans":["7898904856327","7896641802904","7898904856068","7898904856358"]}
[2026-06-05T20:18:58.119Z] [INFO] Consultando batch de EANs no Banco Unico {"batch_index":1,"batch_total":1,"eans_no_batch":4,"sample_eans":["7898904856327","7896641802904","7898904856068","7898904856358"]}
[2026-06-05T20:18:58.150Z] [INFO] Resultado do batch consultado no Banco Unico {"batch_index":1,"encontrados":0,"faltantes":4,"found_eans_sample":[]}
[2026-06-05T20:18:58.151Z] [INFO] Checagem de existencia no Banco Unico concluida {"total_consultados":4,"total_existentes":0,"total_ausentes":4,"existing_eans_sample":[]}
[2026-06-05T20:18:58.152Z] [INFO] Resumo da triagem antes do enriquecimento {"importacao_id":62,"staged_total":4,"validos_unicos":4,"invalidos":0,"duplicados_no_lote":0,"existentes_no_banco_unico":0,"elegiveis_enriquecimento":4,"sample_eans_elegiveis":["7898904856327","7896641802904","7898904856068","7898904856358"],"acumulado":{"invalidos":21,"duplicados_no_lote":0,"existentes_no_banco_unico":242,"elegiveis_processamento":550}}
[2026-06-05T20:18:58.183Z] [INFO] Iniciando enriquecimento externo {"importacao_id":62,"item_id":1037558,"ean":"7896641802904"}
[2026-06-05T20:18:58.186Z] [INFO] Iniciando enriquecimento externo {"importacao_id":62,"item_id":1037560,"ean":"7898904856327"}
[2026-06-05T20:18:58.201Z] [INFO] Iniciando enriquecimento externo {"importacao_id":62,"item_id":1037556,"ean":"7898904856068"}
[2026-06-05T20:18:58.209Z] [INFO] Iniciando enriquecimento externo {"importacao_id":62,"item_id":1037557,"ean":"7898904856358"}
[2026-06-05T20:19:02.785Z] [INFO] Enriquecimento concluido {"importacao_id":62,"item_id":1037560,"ean":"7898904856327","enriched":false,"requires_approval":true,"fontes_consultadas":{"convertize_busca":false,"convertize_busca_error":null,"convertize_detalhe":false,"farmaindex_busca":false,"farmaindex_busca_error":null,"farmaindex_detalhe":false,"drogasil_busca":false,"drogasil_busca_error":null,"drogasil_detalhe":false,"cache_hit":false,"encontrado":false}}
[2026-06-05T20:19:03.306Z] [INFO] Enriquecimento concluido {"importacao_id":62,"item_id":1037556,"ean":"7898904856068","enriched":false,"requires_approval":true,"fontes_consultadas":{"convertize_busca":false,"convertize_busca_error":null,"convertize_detalhe":false,"farmaindex_busca":false,"farmaindex_busca_error":null,"farmaindex_detalhe":false,"drogasil_busca":false,"drogasil_busca_error":null,"drogasil_detalhe":false,"cache_hit":false,"encontrado":false}}
[2026-06-05T20:19:03.454Z] [INFO] Enriquecimento concluido {"importacao_id":62,"item_id":1037558,"ean":"7896641802904","enriched":false,"requires_approval":true,"fontes_consultadas":{"convertize_busca":false,"convertize_busca_error":null,"convertize_detalhe":false,"farmaindex_busca":false,"farmaindex_busca_error":null,"farmaindex_detalhe":false,"drogasil_busca":false,"drogasil_busca_error":null,"drogasil_detalhe":false,"cache_hit":false,"encontrado":false}}
[2026-06-05T20:19:03.604Z] [INFO] Enriquecimento concluido {"importacao_id":62,"item_id":1037557,"ean":"7898904856358","enriched":false,"requires_approval":true,"fontes_consultadas":{"convertize_busca":false,"convertize_busca_error":null,"convertize_detalhe":false,"farmaindex_busca":false,"farmaindex_busca_error":null,"farmaindex_detalhe":false,"drogasil_busca":false,"drogasil_busca_error":null,"drogasil_detalhe":false,"cache_hit":false,"encontrado":false}}
[2026-06-05T20:19:03.676Z] [INFO] Consumidor retirou lote do staging de trier {"importacao_id":62,"staged_itens_lote":4,"staged_itens_restantes":52939,"sample_eans":["7898904856150","7898904856372","7898904856266","7898904856273"]}
[2026-06-05T20:19:03.677Z] [INFO] Iniciando checagem de existencia no Banco Unico {"total_eans_consulta":4,"batches":1,"batch_size":100,"sample_eans":["7898904856150","7898904856372","7898904856266","7898904856273"]}
[2026-06-05T20:19:03.677Z] [INFO] Consultando batch de EANs no Banco Unico {"batch_index":1,"batch_total":1,"eans_no_batch":4,"sample_eans":["7898904856150","7898904856372","7898904856266","7898904856273"]}
[2026-06-05T20:19:03.786Z] [INFO] Resultado do batch consultado no Banco Unico {"batch_index":1,"encontrados":0,"faltantes":4,"found_eans_sample":[]}
[2026-06-05T20:19:03.787Z] [INFO] Checagem de existencia no Banco Unico concluida {"total_consultados":4,"total_existentes":0,"total_ausentes":4,"existing_eans_sample":[]}
[2026-06-05T20:19:03.787Z] [INFO] Resumo da triagem antes do enriquecimento {"importacao_id":62,"staged_total":4,"validos_unicos":4,"invalidos":0,"duplicados_no_lote":0,"existentes_no_banco_unico":0,"elegiveis_enriquecimento":4,"sample_eans_elegiveis":["7898904856150","7898904856372","7898904856266","7898904856273"],"acumulado":{"invalidos":21,"duplicados_no_lote":0,"existentes_no_banco_unico":242,"elegiveis_processamento":554}}
[2026-06-05T20:19:03.811Z] [INFO] Iniciando enriquecimento externo {"importacao_id":62,"item_id":1037562,"ean":"7898904856372"}
[2026-06-05T20:19:03.815Z] [INFO] Iniciando enriquecimento externo {"importacao_id":62,"item_id":1037563,"ean":"7898904856150"}
[2026-06-05T20:19:03.821Z] [INFO] Iniciando enriquecimento externo {"importacao_id":62,"item_id":1037565,"ean":"7898904856266"}
[2026-06-05T20:19:03.851Z] [INFO] Iniciando enriquecimento externo {"importacao_id":62,"item_id":1037564,"ean":"7898904856273"}
[2026-06-05T20:19:06.458Z] [INFO] Enriquecimento concluido {"importacao_id":62,"item_id":1037564,"ean":"7898904856273","enriched":false,"requires_approval":true,"fontes_consultadas":{"convertize_busca":false,"convertize_busca_error":null,"convertize_detalhe":false,"farmaindex_busca":false,"farmaindex_busca_error":null,"farmaindex_detalhe":false,"drogasil_busca":false,"drogasil_busca_error":null,"drogasil_detalhe":false,"cache_hit":false,"encontrado":false}}
[2026-06-05T20:19:06.653Z] [INFO] Enriquecimento concluido {"importacao_id":62,"item_id":1037565,"ean":"7898904856266","enriched":false,"requires_approval":true,"fontes_consultadas":{"convertize_busca":false,"convertize_busca_error":null,"convertize_detalhe":false,"farmaindex_busca":false,"farmaindex_busca_error":null,"farmaindex_detalhe":false,"drogasil_busca":false,"drogasil_busca_error":null,"drogasil_detalhe":false,"cache_hit":false,"encontrado":false}}
[2026-06-05T20:19:06.668Z] [INFO] Enriquecimento concluido {"importacao_id":62,"item_id":1037562,"ean":"7898904856372","enriched":false,"requires_approval":true,"fontes_consultadas":{"convertize_busca":false,"convertize_busca_error":null,"convertize_detalhe":false,"farmaindex_busca":false,"farmaindex_busca_error":null,"farmaindex_detalhe":false,"drogasil_busca":false,"drogasil_busca_error":null,"drogasil_detalhe":false,"cache_hit":false,"encontrado":false}}
[2026-06-05T20:19:06.751Z] [INFO] Enriquecimento concluido {"importacao_id":62,"item_id":1037563,"ean":"7898904856150","enriched":false,"requires_approval":true,"fontes_consultadas":{"convertize_busca":false,"convertize_busca_error":null,"convertize_detalhe":false,"farmaindex_busca":false,"farmaindex_busca_error":null,"farmaindex_detalhe":false,"drogasil_busca":false,"drogasil_busca_error":null,"drogasil_detalhe":false,"cache_hit":false,"encontrado":false}}
[2026-06-05T20:19:06.845Z] [INFO] Consumidor retirou lote do staging de trier {"importacao_id":62,"staged_itens_lote":4,"staged_itens_restantes":52935,"sample_eans":["7898904856198","7898904856259","7896931442032","7896281150045"]}
[2026-06-05T20:19:06.846Z] [INFO] Iniciando checagem de existencia no Banco Unico {"total_eans_consulta":4,"batches":1,"batch_size":100,"sample_eans":["7898904856198","7898904856259","7896931442032","7896281150045"]}
[2026-06-05T20:19:06.846Z] [INFO] Consultando batch de EANs no Banco Unico {"batch_index":1,"batch_total":1,"eans_no_batch":4,"sample_eans":["7898904856198","7898904856259","7896931442032","7896281150045"]}
[2026-06-05T20:19:06.893Z] [INFO] Resultado do batch consultado no Banco Unico {"batch_index":1,"encontrados":0,"faltantes":4,"found_eans_sample":[]}
[2026-06-05T20:19:06.894Z] [INFO] Checagem de existencia no Banco Unico concluida {"total_consultados":4,"total_existentes":0,"total_ausentes":4,"existing_eans_sample":[]}
[2026-06-05T20:19:06.894Z] [INFO] Resumo da triagem antes do enriquecimento {"importacao_id":62,"staged_total":4,"validos_unicos":4,"invalidos":0,"duplicados_no_lote":0,"existentes_no_banco_unico":0,"elegiveis_enriquecimento":4,"sample_eans_elegiveis":["7898904856198","7898904856259","7896931442032","7896281150045"],"acumulado":{"invalidos":21,"duplicados_no_lote":0,"existentes_no_banco_unico":242,"elegiveis_processamento":558}}
[2026-06-05T20:19:06.918Z] [INFO] Iniciando enriquecimento externo {"importacao_id":62,"item_id":1037566,"ean":"7896931442032"}
[2026-06-05T20:19:06.922Z] [INFO] Iniciando enriquecimento externo {"importacao_id":62,"item_id":1037569,"ean":"7896281150045"}
[2026-06-05T20:19:06.925Z] [INFO] Iniciando enriquecimento externo {"importacao_id":62,"item_id":1037573,"ean":"7898904856198"}
[2026-06-05T20:19:06.927Z] [INFO] Iniciando enriquecimento externo {"importacao_id":62,"item_id":1037567,"ean":"7898904856259"}
[2026-06-05T20:19:08.433Z] [INFO] Enriquecimento concluido {"importacao_id":62,"item_id":1037566,"ean":"7896931442032","enriched":false,"requires_approval":true,"fontes_consultadas":{"convertize_busca":false,"convertize_busca_error":null,"convertize_detalhe":false,"farmaindex_busca":false,"farmaindex_busca_error":null,"farmaindex_detalhe":false,"drogasil_busca":false,"drogasil_busca_error":null,"drogasil_detalhe":false,"cache_hit":false,"encontrado":false}}
[2026-06-05T20:19:08.540Z] [INFO] Enriquecimento concluido {"importacao_id":62,"item_id":1037569,"ean":"7896281150045","enriched":false,"requires_approval":true,"fontes_consultadas":{"convertize_busca":false,"convertize_busca_error":null,"convertize_detalhe":false,"farmaindex_busca":false,"farmaindex_busca_error":null,"farmaindex_detalhe":false,"drogasil_busca":false,"drogasil_busca_error":null,"drogasil_detalhe":false,"cache_hit":false,"encontrado":false}}
[2026-06-05T20:19:08.667Z] [INFO] Enriquecimento concluido {"importacao_id":62,"item_id":1037567,"ean":"7898904856259","enriched":false,"requires_approval":true,"fontes_consultadas":{"convertize_busca":false,"convertize_busca_error":null,"convertize_detalhe":false,"farmaindex_busca":false,"farmaindex_busca_error":null,"farmaindex_detalhe":false,"drogasil_busca":false,"drogasil_busca_error":null,"drogasil_detalhe":false,"cache_hit":false,"encontrado":false}}
[2026-06-05T20:19:08.799Z] [INFO] Enriquecimento concluido {"importacao_id":62,"item_id":1037573,"ean":"7898904856198","enriched":false,"requires_approval":true,"fontes_consultadas":{"convertize_busca":false,"convertize_busca_error":null,"convertize_detalhe":false,"farmaindex_busca":false,"farmaindex_busca_error":null,"farmaindex_detalhe":false,"drogasil_busca":false,"drogasil_busca_error":null,"drogasil_detalhe":false,"cache_hit":false,"encontrado":false}}
[2026-06-05T20:19:08.903Z] [INFO] Consumidor retirou lote do staging de trier {"importacao_id":62,"staged_itens_lote":4,"staged_itens_restantes":52931,"sample_eans":["7891134001802","7892953104712","7896046303013","7896046301101"]}
[2026-06-05T20:19:08.903Z] [INFO] Iniciando checagem de existencia no Banco Unico {"total_eans_consulta":4,"batches":1,"batch_size":100,"sample_eans":["7891134001802","7892953104712","7896046303013","7896046301101"]}
[2026-06-05T20:19:08.904Z] [INFO] Consultando batch de EANs no Banco Unico {"batch_index":1,"batch_total":1,"eans_no_batch":4,"sample_eans":["7891134001802","7892953104712","7896046303013","7896046301101"]}
[2026-06-05T20:19:08.939Z] [INFO] Resultado do batch consultado no Banco Unico {"batch_index":1,"encontrados":3,"faltantes":1,"found_eans_sample":["7891134001802","7896046303013","7896046301101"]}
[2026-06-05T20:19:08.940Z] [INFO] Checagem de existencia no Banco Unico concluida {"total_consultados":4,"total_existentes":3,"total_ausentes":1,"existing_eans_sample":["7891134001802","7896046303013","7896046301101"]}
[2026-06-05T20:19:09.148Z] [INFO] Resumo da triagem antes do enriquecimento {"importacao_id":62,"staged_total":4,"validos_unicos":4,"invalidos":0,"duplicados_no_lote":0,"existentes_no_banco_unico":3,"elegiveis_enriquecimento":1,"sample_eans_elegiveis":["7892953104712"],"acumulado":{"invalidos":21,"duplicados_no_lote":0,"existentes_no_banco_unico":245,"elegiveis_processamento":559}}
[2026-06-05T20:19:09.183Z] [INFO] Iniciando enriquecimento externo {"importacao_id":62,"item_id":1037568,"ean":"7892953104712"}
[2026-06-05T20:19:10.279Z] [INFO] Enriquecimento concluido {"importacao_id":62,"item_id":1037568,"ean":"7892953104712","enriched":false,"requires_approval":true,"fontes_consultadas":{"convertize_busca":false,"convertize_busca_error":null,"convertize_detalhe":false,"farmaindex_busca":false,"farmaindex_busca_error":null,"farmaindex_detalhe":false,"drogasil_busca":false,"drogasil_busca_error":null,"drogasil_detalhe":false,"cache_hit":false,"encontrado":false}}
[2026-06-05T20:19:10.382Z] [INFO] Consumidor retirou lote do staging de trier {"importacao_id":62,"staged_itens_lote":4,"staged_itens_restantes":52927,"sample_eans":["7896676432916","3433422406919","7891134005183","7891134005176"]}
[2026-06-05T20:19:10.383Z] [INFO] Iniciando checagem de existencia no Banco Unico {"total_eans_consulta":4,"batches":1,"batch_size":100,"sample_eans":["7896676432916","3433422406919","7891134005183","7891134005176"]}
[2026-06-05T20:19:10.383Z] [INFO] Consultando batch de EANs no Banco Unico {"batch_index":1,"batch_total":1,"eans_no_batch":4,"sample_eans":["7896676432916","3433422406919","7891134005183","7891134005176"]}
[2026-06-05T20:19:10.426Z] [INFO] Resultado do batch consultado no Banco Unico {"batch_index":1,"encontrados":1,"faltantes":3,"found_eans_sample":["7896676432916"]}
[2026-06-05T20:19:10.427Z] [INFO] Checagem de existencia no Banco Unico concluida {"total_consultados":4,"total_existentes":1,"total_ausentes":3,"existing_eans_sample":["7896676432916"]}
[2026-06-05T20:19:10.492Z] [INFO] Resumo da triagem antes do enriquecimento {"importacao_id":62,"staged_total":4,"validos_unicos":4,"invalidos":0,"duplicados_no_lote":0,"existentes_no_banco_unico":1,"elegiveis_enriquecimento":3,"sample_eans_elegiveis":["3433422406919","7891134005183","7891134005176"],"acumulado":{"invalidos":21,"duplicados_no_lote":0,"existentes_no_banco_unico":246,"elegiveis_processamento":562}}
[2026-06-05T20:19:10.520Z] [INFO] Iniciando enriquecimento externo {"importacao_id":62,"item_id":1037575,"ean":"3433422406919"}
[2026-06-05T20:19:10.524Z] [INFO] Iniciando enriquecimento externo {"importacao_id":62,"item_id":1037577,"ean":"7891134005183"}
[2026-06-05T20:19:10.528Z] [INFO] Iniciando enriquecimento externo {"importacao_id":62,"item_id":1037578,"ean":"7891134005176"}
[2026-06-05T20:19:12.856Z] [INFO] Enriquecimento concluido {"importacao_id":62,"item_id":1037575,"ean":"3433422406919","enriched":false,"requires_approval":true,"fontes_consultadas":{"convertize_busca":false,"convertize_busca_error":null,"convertize_detalhe":false,"farmaindex_busca":false,"farmaindex_busca_error":null,"farmaindex_detalhe":false,"drogasil_busca":false,"drogasil_busca_error":null,"drogasil_detalhe":false,"cache_hit":false,"encontrado":false}}
[2026-06-05T20:19:12.877Z] [INFO] Enriquecimento concluido {"importacao_id":62,"item_id":1037578,"ean":"7891134005176","enriched":false,"requires_approval":true,"fontes_consultadas":{"convertize_busca":false,"convertize_busca_error":null,"convertize_detalhe":false,"farmaindex_busca":false,"farmaindex_busca_error":null,"farmaindex_detalhe":false,"drogasil_busca":false,"drogasil_busca_error":null,"drogasil_detalhe":false,"cache_hit":false,"encontrado":false}}
[2026-06-05T20:19:12.903Z] [INFO] Enriquecimento concluido {"importacao_id":62,"item_id":1037577,"ean":"7891134005183","enriched":false,"requires_approval":true,"fontes_consultadas":{"convertize_busca":false,"convertize_busca_error":null,"convertize_detalhe":false,"farmaindex_busca":false,"farmaindex_busca_error":null,"farmaindex_detalhe":false,"drogasil_busca":false,"drogasil_busca_error":null,"drogasil_detalhe":false,"cache_hit":false,"encontrado":false}}
[2026-06-05T20:19:12.993Z] [INFO] Consumidor retirou lote do staging de trier {"importacao_id":62,"staged_itens_lote":4,"staged_itens_restantes":52923,"sample_eans":["7891134004285","7896261012332","7894916503358","7891024134504"]}
[2026-06-05T20:19:12.994Z] [INFO] Iniciando checagem de existencia no Banco Unico {"total_eans_consulta":4,"batches":1,"batch_size":100,"sample_eans":["7891134004285","7896261012332","7894916503358","7891024134504"]}
[2026-06-05T20:19:12.994Z] [INFO] Consultando batch de EANs no Banco Unico {"batch_index":1,"batch_total":1,"eans_no_batch":4,"sample_eans":["7891134004285","7896261012332","7894916503358","7891024134504"]}
[2026-06-05T20:19:13.032Z] [INFO] Resultado do batch consultado no Banco Unico {"batch_index":1,"encontrados":2,"faltantes":2,"found_eans_sample":["7896261012332","7894916503358"]}
[2026-06-05T20:19:13.033Z] [INFO] Checagem de existencia no Banco Unico concluida {"total_consultados":4,"total_existentes":2,"total_ausentes":2,"existing_eans_sample":["7896261012332","7894916503358"]}
[2026-06-05T20:19:13.130Z] [INFO] Resumo da triagem antes do enriquecimento {"importacao_id":62,"staged_total":4,"validos_unicos":4,"invalidos":0,"duplicados_no_lote":0,"existentes_no_banco_unico":2,"elegiveis_enriquecimento":2,"sample_eans_elegiveis":["7891134004285","7891024134504"],"acumulado":{"invalidos":21,"duplicados_no_lote":0,"existentes_no_banco_unico":248,"elegiveis_processamento":564}}
[2026-06-05T20:19:13.155Z] [INFO] Iniciando enriquecimento externo {"importacao_id":62,"item_id":1037576,"ean":"7891134004285"}
[2026-06-05T20:19:13.189Z] [INFO] Iniciando enriquecimento externo {"importacao_id":62,"item_id":1037587,"ean":"7891024134504"}
[2026-06-05T20:19:14.514Z] [INFO] Enriquecimento concluido {"importacao_id":62,"item_id":1037576,"ean":"7891134004285","enriched":false,"requires_approval":true,"fontes_consultadas":{"convertize_busca":false,"convertize_busca_error":null,"convertize_detalhe":false,"farmaindex_busca":false,"farmaindex_busca_error":null,"farmaindex_detalhe":false,"drogasil_busca":false,"drogasil_busca_error":null,"drogasil_detalhe":false,"cache_hit":false,"encontrado":false}}
[2026-06-05T20:19:14.621Z] [INFO] Enriquecimento concluido {"importacao_id":62,"item_id":1037587,"ean":"7891024134504","enriched":false,"requires_approval":true,"fontes_consultadas":{"convertize_busca":false,"convertize_busca_error":null,"convertize_detalhe":false,"farmaindex_busca":false,"farmaindex_busca_error":null,"farmaindex_detalhe":false,"drogasil_busca":false,"drogasil_busca_error":null,"drogasil_detalhe":false,"cache_hit":false,"encontrado":false}}
[2026-06-05T20:19:14.720Z] [INFO] Consumidor retirou lote do staging de trier {"importacao_id":62,"staged_itens_lote":4,"staged_itens_restantes":52919,"sample_eans":["53200001292","7896251802158","7891158023811","7897655402036"]}
[2026-06-05T20:19:14.721Z] [INFO] Iniciando checagem de existencia no Banco Unico {"total_eans_consulta":3,"batches":1,"batch_size":100,"sample_eans":["7896251802158","7891158023811","7897655402036"]}
[2026-06-05T20:19:14.721Z] [INFO] Consultando batch de EANs no Banco Unico {"batch_index":1,"batch_total":1,"eans_no_batch":3,"sample_eans":["7896251802158","7891158023811","7897655402036"]}
[2026-06-05T20:19:14.758Z] [INFO] Resultado do batch consultado no Banco Unico {"batch_index":1,"encontrados":1,"faltantes":2,"found_eans_sample":["7897655402036"]}
[2026-06-05T20:19:14.758Z] [INFO] Checagem de existencia no Banco Unico concluida {"total_consultados":3,"total_existentes":1,"total_ausentes":2,"existing_eans_sample":["7897655402036"]}
[2026-06-05T20:19:14.820Z] [INFO] Resumo da triagem antes do enriquecimento {"importacao_id":62,"staged_total":4,"validos_unicos":3,"invalidos":1,"duplicados_no_lote":0,"existentes_no_banco_unico":1,"elegiveis_enriquecimento":3,"sample_eans_elegiveis":["53200001292","7896251802158","7891158023811"],"acumulado":{"invalidos":22,"duplicados_no_lote":0,"existentes_no_banco_unico":249,"elegiveis_processamento":567}}
[2026-06-05T20:19:14.856Z] [INFO] Iniciando enriquecimento externo {"importacao_id":62,"item_id":1037582,"ean":"7891158023811"}
[2026-06-05T20:19:14.871Z] [INFO] Iniciando enriquecimento externo {"importacao_id":62,"item_id":1037579,"ean":"7896251802158"}
[2026-06-05T20:19:16.503Z] [INFO] Enriquecimento concluido {"importacao_id":62,"item_id":1037582,"ean":"7891158023811","enriched":false,"requires_approval":true,"fontes_consultadas":{"convertize_busca":false,"convertize_busca_error":null,"convertize_detalhe":false,"farmaindex_busca":false,"farmaindex_busca_error":null,"farmaindex_detalhe":false,"drogasil_busca":false,"drogasil_busca_error":null,"drogasil_detalhe":false,"cache_hit":false,"encontrado":false}}
[2026-06-05T20:19:16.507Z] [INFO] Enriquecimento concluido {"importacao_id":62,"item_id":1037579,"ean":"7896251802158","enriched":false,"requires_approval":true,"fontes_consultadas":{"convertize_busca":false,"convertize_busca_error":null,"convertize_detalhe":false,"farmaindex_busca":false,"farmaindex_busca_error":null,"farmaindex_detalhe":false,"drogasil_busca":false,"drogasil_busca_error":null,"drogasil_detalhe":false,"cache_hit":false,"encontrado":false}}
[2026-06-05T20:19:16.601Z] [INFO] Consumidor retirou lote do staging de trier {"importacao_id":62,"staged_itens_lote":4,"staged_itens_restantes":52915,"sample_eans":["7896004705118","7896004711393","7896004711423","7896004711287"]}
[2026-06-05T20:19:16.602Z] [INFO] Iniciando checagem de existencia no Banco Unico {"total_eans_consulta":4,"batches":1,"batch_size":100,"sample_eans":["7896004705118","7896004711393","7896004711423","7896004711287"]}
[2026-06-05T20:19:16.602Z] [INFO] Consultando batch de EANs no Banco Unico {"batch_index":1,"batch_total":1,"eans_no_batch":4,"sample_eans":["7896004705118","7896004711393","7896004711423","7896004711287"]}
[2026-06-05T20:19:16.647Z] [INFO] Resultado do batch consultado no Banco Unico {"batch_index":1,"encontrados":3,"faltantes":1,"found_eans_sample":["7896004705118","7896004711423","7896004711287"]}
[2026-06-05T20:19:16.648Z] [INFO] Checagem de existencia no Banco Unico concluida {"total_consultados":4,"total_existentes":3,"total_ausentes":1,"existing_eans_sample":["7896004705118","7896004711423","7896004711287"]}
[2026-06-05T20:19:16.836Z] [INFO] Resumo da triagem antes do enriquecimento {"importacao_id":62,"staged_total":4,"validos_unicos":4,"invalidos":0,"duplicados_no_lote":0,"existentes_no_banco_unico":3,"elegiveis_enriquecimento":1,"sample_eans_elegiveis":["7896004711393"],"acumulado":{"invalidos":22,"duplicados_no_lote":0,"existentes_no_banco_unico":252,"elegiveis_processamento":568}}
[2026-06-05T20:19:16.866Z] [INFO] Iniciando enriquecimento externo {"importacao_id":62,"item_id":1037584,"ean":"7896004711393"}
[2026-06-05T20:19:18.082Z] [INFO] Enriquecimento concluido {"importacao_id":62,"item_id":1037584,"ean":"7896004711393","enriched":false,"requires_approval":true,"fontes_consultadas":{"convertize_busca":false,"convertize_busca_error":null,"convertize_detalhe":false,"farmaindex_busca":false,"farmaindex_busca_error":null,"farmaindex_detalhe":false,"drogasil_busca":false,"drogasil_busca_error":null,"drogasil_detalhe":false,"cache_hit":false,"encontrado":false}}
[2026-06-05T20:19:18.174Z] [INFO] Consumidor retirou lote do staging de trier {"importacao_id":62,"staged_itens_lote":4,"staged_itens_restantes":52911,"sample_eans":["7897158710478","7896041379433","7896094201040","7896004734552"]}
[2026-06-05T20:19:18.175Z] [INFO] Iniciando checagem de existencia no Banco Unico {"total_eans_consulta":4,"batches":1,"batch_size":100,"sample_eans":["7897158710478","7896041379433","7896094201040","7896004734552"]}
[2026-06-05T20:19:18.175Z] [INFO] Consultando batch de EANs no Banco Unico {"batch_index":1,"batch_total":1,"eans_no_batch":4,"sample_eans":["7897158710478","7896041379433","7896094201040","7896004734552"]}
[2026-06-05T20:19:18.218Z] [INFO] Resultado do batch consultado no Banco Unico {"batch_index":1,"encontrados":2,"faltantes":2,"found_eans_sample":["7896094201040","7896004734552"]}
[2026-06-05T20:19:18.219Z] [INFO] Checagem de existencia no Banco Unico concluida {"total_consultados":4,"total_existentes":2,"total_ausentes":2,"existing_eans_sample":["7896094201040","7896004734552"]}
[2026-06-05T20:19:18.341Z] [INFO] Resumo da triagem antes do enriquecimento {"importacao_id":62,"staged_total":4,"validos_unicos":4,"invalidos":0,"duplicados_no_lote":0,"existentes_no_banco_unico":2,"elegiveis_enriquecimento":2,"sample_eans_elegiveis":["7897158710478","7896041379433"],"acumulado":{"invalidos":22,"duplicados_no_lote":0,"existentes_no_banco_unico":254,"elegiveis_processamento":570}}
[2026-06-05T20:19:18.366Z] [INFO] Iniciando enriquecimento externo {"importacao_id":62,"item_id":1037589,"ean":"7897158710478"}
[2026-06-05T20:19:18.385Z] [INFO] Iniciando enriquecimento externo {"importacao_id":62,"item_id":1037591,"ean":"7896041379433"}
[2026-06-05T20:19:19.403Z] [INFO] Enriquecimento concluido {"importacao_id":62,"item_id":1037591,"ean":"7896041379433","enriched":false,"requires_approval":true,"fontes_consultadas":{"convertize_busca":false,"convertize_busca_error":null,"convertize_detalhe":false,"farmaindex_busca":false,"farmaindex_busca_error":null,"farmaindex_detalhe":false,"drogasil_busca":false,"drogasil_busca_error":null,"drogasil_detalhe":false,"cache_hit":false,"encontrado":false}}
[2026-06-05T20:19:19.556Z] [INFO] Enriquecimento concluido {"importacao_id":62,"item_id":1037589,"ean":"7897158710478","enriched":false,"requires_approval":true,"fontes_consultadas":{"convertize_busca":false,"convertize_busca_error":null,"convertize_detalhe":false,"farmaindex_busca":false,"farmaindex_busca_error":null,"farmaindex_detalhe":false,"drogasil_busca":false,"drogasil_busca_error":null,"drogasil_detalhe":false,"cache_hit":false,"encontrado":false}}
[2026-06-05T20:19:19.649Z] [INFO] Consumidor retirou lote do staging de trier {"importacao_id":62,"staged_itens_lote":4,"staged_itens_restantes":52907,"sample_eans":["7897158710461","7896422515672","7896422517041"]}
[2026-06-05T20:19:19.650Z] [INFO] Iniciando checagem de existencia no Banco Unico {"total_eans_consulta":3,"batches":1,"batch_size":100,"sample_eans":["7897158710461","7896422515672","7896422517041"]}
[2026-06-05T20:19:19.650Z] [INFO] Consultando batch de EANs no Banco Unico {"batch_index":1,"batch_total":1,"eans_no_batch":3,"sample_eans":["7897158710461","7896422515672","7896422517041"]}
[2026-06-05T20:19:19.691Z] [INFO] Resultado do batch consultado no Banco Unico {"batch_index":1,"encontrados":2,"faltantes":1,"found_eans_sample":["7896422515672","7896422517041"]}
[2026-06-05T20:19:19.692Z] [INFO] Checagem de existencia no Banco Unico concluida {"total_consultados":3,"total_existentes":2,"total_ausentes":1,"existing_eans_sample":["7896422515672","7896422517041"]}
[2026-06-05T20:19:19.815Z] [INFO] Resumo da triagem antes do enriquecimento {"importacao_id":62,"staged_total":4,"validos_unicos":3,"invalidos":1,"duplicados_no_lote":0,"existentes_no_banco_unico":2,"elegiveis_enriquecimento":2,"sample_eans_elegiveis":["7897158710461"],"acumulado":{"invalidos":23,"duplicados_no_lote":0,"existentes_no_banco_unico":256,"elegiveis_processamento":572}}
[2026-06-05T20:19:19.844Z] [INFO] Iniciando enriquecimento externo {"importacao_id":62,"item_id":1037597,"ean":"7897158710461"}
[2026-06-05T20:19:22.510Z] [INFO] Enriquecimento concluido {"importacao_id":62,"item_id":1037597,"ean":"7897158710461","enriched":false,"requires_approval":true,"fontes_consultadas":{"convertize_busca":false,"convertize_busca_error":null,"convertize_detalhe":false,"farmaindex_busca":false,"farmaindex_busca_error":null,"farmaindex_detalhe":false,"drogasil_busca":false,"drogasil_busca_error":null,"drogasil_detalhe":false,"cache_hit":false,"encontrado":false}}
[2026-06-05T20:19:22.619Z] [INFO] Consumidor retirou lote do staging de trier {"importacao_id":62,"staged_itens_lote":4,"staged_itens_restantes":52903,"sample_eans":["7896004711706","7896004711690","7895296262026","7895296262040"]}
[2026-06-05T20:19:22.620Z] [INFO] Iniciando checagem de existencia no Banco Unico {"total_eans_consulta":4,"batches":1,"batch_size":100,"sample_eans":["7896004711706","7896004711690","7895296262026","7895296262040"]}
[2026-06-05T20:19:22.621Z] [INFO] Consultando batch de EANs no Banco Unico {"batch_index":1,"batch_total":1,"eans_no_batch":4,"sample_eans":["7896004711706","7896004711690","7895296262026","7895296262040"]}
[2026-06-05T20:19:22.656Z] [INFO] Resultado do batch consultado no Banco Unico {"batch_index":1,"encontrados":4,"faltantes":0,"found_eans_sample":["7896004711706","7896004711690","7895296262026","7895296262040"]}
[2026-06-05T20:19:22.657Z] [INFO] Checagem de existencia no Banco Unico concluida {"total_consultados":4,"total_existentes":4,"total_ausentes":0,"existing_eans_sample":["7896004711706","7896004711690","7895296262026","7895296262040"]}
[2026-06-05T20:19:22.886Z] [INFO] Resumo da triagem antes do enriquecimento {"importacao_id":62,"staged_total":4,"validos_unicos":4,"invalidos":0,"duplicados_no_lote":0,"existentes_no_banco_unico":4,"elegiveis_enriquecimento":0,"sample_eans_elegiveis":[],"acumulado":{"invalidos":23,"duplicados_no_lote":0,"existentes_no_banco_unico":260,"elegiveis_processamento":572}}
[2026-06-05T20:19:22.887Z] [INFO] Consumidor retirou lote do staging de trier {"importacao_id":62,"staged_itens_lote":4,"staged_itens_restantes":52899,"sample_eans":["7895296235013","7896094201057","7896004712048","7896004712284"]}
[2026-06-05T20:19:22.887Z] [INFO] Iniciando checagem de existencia no Banco Unico {"total_eans_consulta":4,"batches":1,"batch_size":100,"sample_eans":["7895296235013","7896094201057","7896004712048","7896004712284"]}
[2026-06-05T20:19:22.887Z] [INFO] Consultando batch de EANs no Banco Unico {"batch_index":1,"batch_total":1,"eans_no_batch":4,"sample_eans":["7895296235013","7896094201057","7896004712048","7896004712284"]}
[2026-06-05T20:19:22.926Z] [INFO] Resultado do batch consultado no Banco Unico {"batch_index":1,"encontrados":2,"faltantes":2,"found_eans_sample":["7896094201057","7896004712048"]}
[2026-06-05T20:19:22.926Z] [INFO] Checagem de existencia no Banco Unico concluida {"total_consultados":4,"total_existentes":2,"total_ausentes":2,"existing_eans_sample":["7896094201057","7896004712048"]}
[2026-06-05T20:19:23.026Z] [INFO] Resumo da triagem antes do enriquecimento {"importacao_id":62,"staged_total":4,"validos_unicos":4,"invalidos":0,"duplicados_no_lote":0,"existentes_no_banco_unico":2,"elegiveis_enriquecimento":2,"sample_eans_elegiveis":["7895296235013","7896004712284"],"acumulado":{"invalidos":23,"duplicados_no_lote":0,"existentes_no_banco_unico":262,"elegiveis_processamento":574}}
[2026-06-05T20:19:23.052Z] [INFO] Iniciando enriquecimento externo {"importacao_id":62,"item_id":1037605,"ean":"7895296235013"}
[2026-06-05T20:19:23.063Z] [INFO] Iniciando enriquecimento externo {"importacao_id":62,"item_id":1037606,"ean":"7896004712284"}
[2026-06-05T20:19:24.164Z] [INFO] Enriquecimento concluido {"importacao_id":62,"item_id":1037605,"ean":"7895296235013","enriched":false,"requires_approval":true,"fontes_consultadas":{"convertize_busca":false,"convertize_busca_error":null,"convertize_detalhe":false,"farmaindex_busca":false,"farmaindex_busca_error":null,"farmaindex_detalhe":false,"drogasil_busca":false,"drogasil_busca_error":null,"drogasil_detalhe":false,"cache_hit":false,"encontrado":false}}
[2026-06-05T20:19:24.824Z] [INFO] Enriquecimento concluido {"importacao_id":62,"item_id":1037606,"ean":"7896004712284","enriched":false,"requires_approval":true,"fontes_consultadas":{"convertize_busca":false,"convertize_busca_error":null,"convertize_detalhe":false,"farmaindex_busca":false,"farmaindex_busca_error":null,"farmaindex_detalhe":false,"drogasil_busca":false,"drogasil_busca_error":null,"drogasil_detalhe":false,"cache_hit":false,"encontrado":false}}
[2026-06-05T20:19:24.918Z] [INFO] Consumidor retirou lote do staging de trier {"importacao_id":62,"staged_itens_lote":4,"staged_itens_restantes":52895,"sample_eans":["7896004706733","7896004705347","7896004705323","7896033297011"]}
[2026-06-05T20:19:24.919Z] [INFO] Iniciando checagem de existencia no Banco Unico {"total_eans_consulta":4,"batches":1,"batch_size":100,"sample_eans":["7896004706733","7896004705347","7896004705323","7896033297011"]}
[2026-06-05T20:19:24.920Z] [INFO] Consultando batch de EANs no Banco Unico {"batch_index":1,"batch_total":1,"eans_no_batch":4,"sample_eans":["7896004706733","7896004705347","7896004705323","7896033297011"]}
[2026-06-05T20:19:24.958Z] [INFO] Resultado do batch consultado no Banco Unico {"batch_index":1,"encontrados":3,"faltantes":1,"found_eans_sample":["7896004706733","7896004705347","7896004705323"]}
[2026-06-05T20:19:24.959Z] [INFO] Checagem de existencia no Banco Unico concluida {"total_consultados":4,"total_existentes":3,"total_ausentes":1,"existing_eans_sample":["7896004706733","7896004705347","7896004705323"]}
[2026-06-05T20:19:25.148Z] [INFO] Resumo da triagem antes do enriquecimento {"importacao_id":62,"staged_total":4,"validos_unicos":4,"invalidos":0,"duplicados_no_lote":0,"existentes_no_banco_unico":3,"elegiveis_enriquecimento":1,"sample_eans_elegiveis":["7896033297011"],"acumulado":{"invalidos":23,"duplicados_no_lote":0,"existentes_no_banco_unico":265,"elegiveis_processamento":575}}
[2026-06-05T20:19:25.180Z] [INFO] Iniciando enriquecimento externo {"importacao_id":62,"item_id":1037608,"ean":"7896033297011"}
[2026-06-05T20:19:29.738Z] [INFO] Enriquecimento concluido {"importacao_id":62,"item_id":1037608,"ean":"7896033297011","enriched":false,"requires_approval":true,"fontes_consultadas":{"convertize_busca":false,"convertize_busca_error":null,"convertize_detalhe":false,"farmaindex_busca":false,"farmaindex_busca_error":null,"farmaindex_detalhe":false,"drogasil_busca":false,"drogasil_busca_error":null,"drogasil_detalhe":false,"cache_hit":false,"encontrado":false}}
[2026-06-05T20:19:29.899Z] [INFO] Consumidor retirou lote do staging de trier {"importacao_id":62,"staged_itens_lote":4,"staged_itens_restantes":52891,"sample_eans":["7896033258111","7896033240628","7896033243117","7896033291217"]}
[2026-06-05T20:19:29.899Z] [INFO] Iniciando checagem de existencia no Banco Unico {"total_eans_consulta":4,"batches":1,"batch_size":100,"sample_eans":["7896033258111","7896033240628","7896033243117","7896033291217"]}
[2026-06-05T20:19:29.900Z] [INFO] Consultando batch de EANs no Banco Unico {"batch_index":1,"batch_total":1,"eans_no_batch":4,"sample_eans":["7896033258111","7896033240628","7896033243117","7896033291217"]}
[2026-06-05T20:19:29.940Z] [INFO] Resultado do batch consultado no Banco Unico {"batch_index":1,"encontrados":2,"faltantes":2,"found_eans_sample":["7896033240628","7896033243117"]}
[2026-06-05T20:19:29.940Z] [INFO] Checagem de existencia no Banco Unico concluida {"total_consultados":4,"total_existentes":2,"total_ausentes":2,"existing_eans_sample":["7896033240628","7896033243117"]}
[2026-06-05T20:19:30.063Z] [INFO] Resumo da triagem antes do enriquecimento {"importacao_id":62,"staged_total":4,"validos_unicos":4,"invalidos":0,"duplicados_no_lote":0,"existentes_no_banco_unico":2,"elegiveis_enriquecimento":2,"sample_eans_elegiveis":["7896033258111","7896033291217"],"acumulado":{"invalidos":23,"duplicados_no_lote":0,"existentes_no_banco_unico":267,"elegiveis_processamento":577}}
[2026-06-05T20:19:30.097Z] [INFO] Iniciando enriquecimento externo {"importacao_id":62,"item_id":1037609,"ean":"7896033258111"}
[2026-06-05T20:19:30.108Z] [INFO] Iniciando enriquecimento externo {"importacao_id":62,"item_id":1037614,"ean":"7896033291217"}
[2026-06-05T20:19:31.797Z] [INFO] Enriquecimento concluido {"importacao_id":62,"item_id":1037609,"ean":"7896033258111","enriched":false,"requires_approval":true,"fontes_consultadas":{"convertize_busca":false,"convertize_busca_error":null,"convertize_detalhe":false,"farmaindex_busca":false,"farmaindex_busca_error":null,"farmaindex_detalhe":false,"drogasil_busca":false,"drogasil_busca_error":null,"drogasil_detalhe":false,"cache_hit":false,"encontrado":false}}
[2026-06-05T20:19:32.459Z] [INFO] Enriquecimento concluido {"importacao_id":62,"item_id":1037614,"ean":"7896033291217","enriched":false,"requires_approval":true,"fontes_consultadas":{"convertize_busca":false,"convertize_busca_error":null,"convertize_detalhe":false,"farmaindex_busca":false,"farmaindex_busca_error":null,"farmaindex_detalhe":false,"drogasil_busca":false,"drogasil_busca_error":null,"drogasil_detalhe":false,"cache_hit":false,"encontrado":false}}
[2026-06-05T20:19:32.566Z] [INFO] Consumidor retirou lote do staging de trier {"importacao_id":62,"staged_itens_lote":4,"staged_itens_restantes":52887,"sample_eans":["7897759000176","7501001302177","7898237274317","7891268148329"]}
[2026-06-05T20:19:32.566Z] [INFO] Iniciando checagem de existencia no Banco Unico {"total_eans_consulta":4,"batches":1,"batch_size":100,"sample_eans":["7897759000176","7501001302177","7898237274317","7891268148329"]}
[2026-06-05T20:19:32.567Z] [INFO] Consultando batch de EANs no Banco Unico {"batch_index":1,"batch_total":1,"eans_no_batch":4,"sample_eans":["7897759000176","7501001302177","7898237274317","7891268148329"]}
[2026-06-05T20:19:32.609Z] [INFO] Resultado do batch consultado no Banco Unico {"batch_index":1,"encontrados":1,"faltantes":3,"found_eans_sample":["7891268148329"]}
[2026-06-05T20:19:32.610Z] [INFO] Checagem de existencia no Banco Unico concluida {"total_consultados":4,"total_existentes":1,"total_ausentes":3,"existing_eans_sample":["7891268148329"]}
[2026-06-05T20:19:32.659Z] [INFO] Resumo da triagem antes do enriquecimento {"importacao_id":62,"staged_total":4,"validos_unicos":4,"invalidos":0,"duplicados_no_lote":0,"existentes_no_banco_unico":1,"elegiveis_enriquecimento":3,"sample_eans_elegiveis":["7897759000176","7501001302177","7898237274317"],"acumulado":{"invalidos":23,"duplicados_no_lote":0,"existentes_no_banco_unico":268,"elegiveis_processamento":580}}
[2026-06-05T20:19:32.683Z] [INFO] Iniciando enriquecimento externo {"importacao_id":62,"item_id":1037613,"ean":"7897759000176"}
[2026-06-05T20:19:32.689Z] [INFO] Iniciando enriquecimento externo {"importacao_id":62,"item_id":1037616,"ean":"7898237274317"}
[2026-06-05T20:19:32.725Z] [INFO] Iniciando enriquecimento externo {"importacao_id":62,"item_id":1037615,"ean":"7501001302177"}
[2026-06-05T20:19:35.830Z] [INFO] Enriquecimento concluido {"importacao_id":62,"item_id":1037616,"ean":"7898237274317","enriched":false,"requires_approval":true,"fontes_consultadas":{"convertize_busca":false,"convertize_busca_error":null,"convertize_detalhe":false,"farmaindex_busca":false,"farmaindex_busca_error":null,"farmaindex_detalhe":false,"drogasil_busca":false,"drogasil_busca_error":null,"drogasil_detalhe":false,"cache_hit":false,"encontrado":false}}
[2026-06-05T20:19:35.872Z] [INFO] Enriquecimento concluido {"importacao_id":62,"item_id":1037613,"ean":"7897759000176","enriched":false,"requires_approval":true,"fontes_consultadas":{"convertize_busca":false,"convertize_busca_error":null,"convertize_detalhe":false,"farmaindex_busca":false,"farmaindex_busca_error":null,"farmaindex_detalhe":false,"drogasil_busca":false,"drogasil_busca_error":null,"drogasil_detalhe":false,"cache_hit":false,"encontrado":false}}
[2026-06-05T20:19:36.341Z] [INFO] Enriquecimento concluido {"importacao_id":62,"item_id":1037615,"ean":"7501001302177","enriched":false,"requires_approval":true,"fontes_consultadas":{"convertize_busca":false,"convertize_busca_error":null,"convertize_detalhe":false,"farmaindex_busca":false,"farmaindex_busca_error":null,"farmaindex_detalhe":false,"drogasil_busca":false,"drogasil_busca_error":null,"drogasil_detalhe":false,"cache_hit":false,"encontrado":false}}
[2026-06-05T20:19:36.442Z] [INFO] Consumidor retirou lote do staging de trier {"importacao_id":62,"staged_itens_lote":4,"staged_itens_restantes":52883,"sample_eans":["7896229958016","7896229958023","7896229958030","7896229934034"]}
[2026-06-05T20:19:36.443Z] [INFO] Iniciando checagem de existencia no Banco Unico {"total_eans_consulta":4,"batches":1,"batch_size":100,"sample_eans":["7896229958016","7896229958023","7896229958030","7896229934034"]}
[2026-06-05T20:19:36.443Z] [INFO] Consultando batch de EANs no Banco Unico {"batch_index":1,"batch_total":1,"eans_no_batch":4,"sample_eans":["7896229958016","7896229958023","7896229958030","7896229934034"]}
[2026-06-05T20:19:36.478Z] [INFO] Resultado do batch consultado no Banco Unico {"batch_index":1,"encontrados":0,"faltantes":4,"found_eans_sample":[]}
[2026-06-05T20:19:36.479Z] [INFO] Checagem de existencia no Banco Unico concluida {"total_consultados":4,"total_existentes":0,"total_ausentes":4,"existing_eans_sample":[]}
[2026-06-05T20:19:36.479Z] [INFO] Resumo da triagem antes do enriquecimento {"importacao_id":62,"staged_total":4,"validos_unicos":4,"invalidos":0,"duplicados_no_lote":0,"existentes_no_banco_unico":0,"elegiveis_enriquecimento":4,"sample_eans_elegiveis":["7896229958016","7896229958023","7896229958030","7896229934034"],"acumulado":{"invalidos":23,"duplicados_no_lote":0,"existentes_no_banco_unico":268,"elegiveis_processamento":584}}
[2026-06-05T20:19:36.505Z] [INFO] Iniciando enriquecimento externo {"importacao_id":62,"item_id":1037617,"ean":"7896229958030"}
[2026-06-05T20:19:36.512Z] [INFO] Iniciando enriquecimento externo {"importacao_id":62,"item_id":1037619,"ean":"7896229958023"}
[2026-06-05T20:19:36.514Z] [INFO] Iniciando enriquecimento externo {"importacao_id":62,"item_id":1037618,"ean":"7896229958016"}
[2026-06-05T20:19:36.525Z] [INFO] Iniciando enriquecimento externo {"importacao_id":62,"item_id":1037626,"ean":"7896229934034"}
[2026-06-05T20:19:38.088Z] [INFO] Enriquecimento concluido {"importacao_id":62,"item_id":1037617,"ean":"7896229958030","enriched":false,"requires_approval":true,"fontes_consultadas":{"convertize_busca":false,"convertize_busca_error":null,"convertize_detalhe":false,"farmaindex_busca":false,"farmaindex_busca_error":null,"farmaindex_detalhe":false,"drogasil_busca":false,"drogasil_busca_error":null,"drogasil_detalhe":false,"cache_hit":false,"encontrado":false}}
[2026-06-05T20:19:38.859Z] [INFO] Enriquecimento concluido {"importacao_id":62,"item_id":1037626,"ean":"7896229934034","enriched":false,"requires_approval":true,"fontes_consultadas":{"convertize_busca":false,"convertize_busca_error":null,"convertize_detalhe":false,"farmaindex_busca":false,"farmaindex_busca_error":null,"farmaindex_detalhe":false,"drogasil_busca":false,"drogasil_busca_error":null,"drogasil_detalhe":false,"cache_hit":false,"encontrado":false}}
[2026-06-05T20:19:39.027Z] [INFO] Enriquecimento concluido {"importacao_id":62,"item_id":1037619,"ean":"7896229958023","enriched":false,"requires_approval":true,"fontes_consultadas":{"convertize_busca":false,"convertize_busca_error":null,"convertize_detalhe":false,"farmaindex_busca":false,"farmaindex_busca_error":null,"farmaindex_detalhe":false,"drogasil_busca":false,"drogasil_busca_error":null,"drogasil_detalhe":false,"cache_hit":false,"encontrado":false}}
[2026-06-05T20:19:41.232Z] [INFO] Enriquecimento concluido {"importacao_id":62,"item_id":1037618,"ean":"7896229958016","enriched":false,"requires_approval":true,"fontes_consultadas":{"convertize_busca":false,"convertize_busca_error":null,"convertize_detalhe":false,"farmaindex_busca":false,"farmaindex_busca_error":null,"farmaindex_detalhe":false,"drogasil_busca":false,"drogasil_busca_error":null,"drogasil_detalhe":false,"cache_hit":false,"encontrado":false}}
[2026-06-05T20:19:41.341Z] [INFO] Consumidor retirou lote do staging de trier {"importacao_id":62,"staged_itens_lote":4,"staged_itens_restantes":52879,"sample_eans":["7896229934010","7896229934027","3014260318321","7896241274903"]}
[2026-06-05T20:19:41.341Z] [INFO] Iniciando checagem de existencia no Banco Unico {"total_eans_consulta":4,"batches":1,"batch_size":100,"sample_eans":["7896229934010","7896229934027","3014260318321","7896241274903"]}
[2026-06-05T20:19:41.342Z] [INFO] Consultando batch de EANs no Banco Unico {"batch_index":1,"batch_total":1,"eans_no_batch":4,"sample_eans":["7896229934010","7896229934027","3014260318321","7896241274903"]}
[2026-06-05T20:19:41.379Z] [INFO] Resultado do batch consultado no Banco Unico {"batch_index":1,"encontrados":1,"faltantes":3,"found_eans_sample":["7896241274903"]}
[2026-06-05T20:19:41.379Z] [INFO] Checagem de existencia no Banco Unico concluida {"total_consultados":4,"total_existentes":1,"total_ausentes":3,"existing_eans_sample":["7896241274903"]}
[2026-06-05T20:19:41.429Z] [INFO] Resumo da triagem antes do enriquecimento {"importacao_id":62,"staged_total":4,"validos_unicos":4,"invalidos":0,"duplicados_no_lote":0,"existentes_no_banco_unico":1,"elegiveis_enriquecimento":3,"sample_eans_elegiveis":["7896229934010","7896229934027","3014260318321"],"acumulado":{"invalidos":23,"duplicados_no_lote":0,"existentes_no_banco_unico":269,"elegiveis_processamento":587}}
[2026-06-05T20:19:41.454Z] [INFO] Iniciando enriquecimento externo {"importacao_id":62,"item_id":1037627,"ean":"7896229934027"}
[2026-06-05T20:19:41.461Z] [INFO] Iniciando enriquecimento externo {"importacao_id":62,"item_id":1037621,"ean":"7896229934010"}
[2026-06-05T20:19:41.465Z] [INFO] Iniciando enriquecimento externo {"importacao_id":62,"item_id":1037625,"ean":"3014260318321"}
[2026-06-05T20:19:43.396Z] [INFO] Enriquecimento concluido {"importacao_id":62,"item_id":1037627,"ean":"7896229934027","enriched":false,"requires_approval":true,"fontes_consultadas":{"convertize_busca":false,"convertize_busca_error":null,"convertize_detalhe":false,"farmaindex_busca":false,"farmaindex_busca_error":null,"farmaindex_detalhe":false,"drogasil_busca":false,"drogasil_busca_error":null,"drogasil_detalhe":false,"cache_hit":false,"encontrado":false}}
[2026-06-05T20:19:43.787Z] [INFO] Enriquecimento concluido {"importacao_id":62,"item_id":1037625,"ean":"3014260318321","enriched":false,"requires_approval":true,"fontes_consultadas":{"convertize_busca":false,"convertize_busca_error":null,"convertize_detalhe":false,"farmaindex_busca":false,"farmaindex_busca_error":null,"farmaindex_detalhe":false,"drogasil_busca":false,"drogasil_busca_error":null,"drogasil_detalhe":false,"cache_hit":false,"encontrado":false}}
[2026-06-05T20:19:43.968Z] [INFO] Enriquecimento concluido {"importacao_id":62,"item_id":1037621,"ean":"7896229934010","enriched":false,"requires_approval":true,"fontes_consultadas":{"convertize_busca":false,"convertize_busca_error":null,"convertize_detalhe":false,"farmaindex_busca":false,"farmaindex_busca_error":null,"farmaindex_detalhe":false,"drogasil_busca":false,"drogasil_busca_error":null,"drogasil_detalhe":false,"cache_hit":false,"encontrado":false}}
[2026-06-05T20:19:44.066Z] [INFO] Consumidor retirou lote do staging de trier {"importacao_id":62,"staged_itens_lote":4,"staged_itens_restantes":52875,"sample_eans":["3014260318338","3014260298807","3014260298814","7896004711744"]}
[2026-06-05T20:19:44.066Z] [INFO] Iniciando checagem de existencia no Banco Unico {"total_eans_consulta":4,"batches":1,"batch_size":100,"sample_eans":["3014260318338","3014260298807","3014260298814","7896004711744"]}
[2026-06-05T20:19:44.067Z] [INFO] Consultando batch de EANs no Banco Unico {"batch_index":1,"batch_total":1,"eans_no_batch":4,"sample_eans":["3014260318338","3014260298807","3014260298814","7896004711744"]}
[2026-06-05T20:19:44.105Z] [INFO] Resultado do batch consultado no Banco Unico {"batch_index":1,"encontrados":1,"faltantes":3,"found_eans_sample":["7896004711744"]}
[2026-06-05T20:19:44.106Z] [INFO] Checagem de existencia no Banco Unico concluida {"total_consultados":4,"total_existentes":1,"total_ausentes":3,"existing_eans_sample":["7896004711744"]}
[2026-06-05T20:19:44.173Z] [INFO] Resumo da triagem antes do enriquecimento {"importacao_id":62,"staged_total":4,"validos_unicos":4,"invalidos":0,"duplicados_no_lote":0,"existentes_no_banco_unico":1,"elegiveis_enriquecimento":3,"sample_eans_elegiveis":["3014260318338","3014260298807","3014260298814"],"acumulado":{"invalidos":23,"duplicados_no_lote":0,"existentes_no_banco_unico":270,"elegiveis_processamento":590}}
[2026-06-05T20:19:44.201Z] [INFO] Iniciando enriquecimento externo {"importacao_id":62,"item_id":1037633,"ean":"3014260298814"}
[2026-06-05T20:19:44.205Z] [INFO] Iniciando enriquecimento externo {"importacao_id":62,"item_id":1037623,"ean":"3014260318338"}
[2026-06-05T20:19:44.208Z] [INFO] Iniciando enriquecimento externo {"importacao_id":62,"item_id":1037624,"ean":"3014260298807"}
[2026-06-05T20:19:46.317Z] [INFO] Enriquecimento concluido {"importacao_id":62,"item_id":1037623,"ean":"3014260318338","enriched":false,"requires_approval":true,"fontes_consultadas":{"convertize_busca":false,"convertize_busca_error":null,"convertize_detalhe":false,"farmaindex_busca":false,"farmaindex_busca_error":null,"farmaindex_detalhe":false,"drogasil_busca":false,"drogasil_busca_error":null,"drogasil_detalhe":false,"cache_hit":false,"encontrado":false}}
[2026-06-05T20:19:46.320Z] [INFO] Enriquecimento concluido {"importacao_id":62,"item_id":1037624,"ean":"3014260298807","enriched":false,"requires_approval":true,"fontes_consultadas":{"convertize_busca":false,"convertize_busca_error":null,"convertize_detalhe":false,"farmaindex_busca":false,"farmaindex_busca_error":null,"farmaindex_detalhe":false,"drogasil_busca":false,"drogasil_busca_error":null,"drogasil_detalhe":false,"cache_hit":false,"encontrado":false}}
[2026-06-05T20:19:46.322Z] [INFO] Enriquecimento concluido {"importacao_id":62,"item_id":1037633,"ean":"3014260298814","enriched":false,"requires_approval":true,"fontes_consultadas":{"convertize_busca":false,"convertize_busca_error":null,"convertize_detalhe":false,"farmaindex_busca":false,"farmaindex_busca_error":null,"farmaindex_detalhe":false,"drogasil_busca":false,"drogasil_busca_error":null,"drogasil_detalhe":false,"cache_hit":false,"encontrado":false}}
[2026-06-05T20:19:46.434Z] [INFO] Consumidor retirou lote do staging de trier {"importacao_id":62,"staged_itens_lote":4,"staged_itens_restantes":52871,"sample_eans":["7896004703626","7896004712208","7896004711898","7896004711980"]}
[2026-06-05T20:19:46.435Z] [INFO] Iniciando checagem de existencia no Banco Unico {"total_eans_consulta":4,"batches":1,"batch_size":100,"sample_eans":["7896004703626","7896004712208","7896004711898","7896004711980"]}
[2026-06-05T20:19:46.435Z] [INFO] Consultando batch de EANs no Banco Unico {"batch_index":1,"batch_total":1,"eans_no_batch":4,"sample_eans":["7896004703626","7896004712208","7896004711898","7896004711980"]}
[2026-06-05T20:19:46.472Z] [INFO] Resultado do batch consultado no Banco Unico {"batch_index":1,"encontrados":1,"faltantes":3,"found_eans_sample":["7896004703626"]}
[2026-06-05T20:19:46.472Z] [INFO] Checagem de existencia no Banco Unico concluida {"total_consultados":4,"total_existentes":1,"total_ausentes":3,"existing_eans_sample":["7896004703626"]}
[2026-06-05T20:19:46.536Z] [INFO] Resumo da triagem antes do enriquecimento {"importacao_id":62,"staged_total":4,"validos_unicos":4,"invalidos":0,"duplicados_no_lote":0,"existentes_no_banco_unico":1,"elegiveis_enriquecimento":3,"sample_eans_elegiveis":["7896004712208","7896004711898","7896004711980"],"acumulado":{"invalidos":23,"duplicados_no_lote":0,"existentes_no_banco_unico":271,"elegiveis_processamento":593}}
[2026-06-05T20:19:46.560Z] [INFO] Iniciando enriquecimento externo {"importacao_id":62,"item_id":1037634,"ean":"7896004712208"}
[2026-06-05T20:19:46.569Z] [INFO] Iniciando enriquecimento externo {"importacao_id":62,"item_id":1037637,"ean":"7896004711898"}
[2026-06-05T20:19:46.571Z] [INFO] Iniciando enriquecimento externo {"importacao_id":62,"item_id":1037630,"ean":"7896004711980"}
[2026-06-05T20:19:48.938Z] [INFO] Enriquecimento concluido {"importacao_id":62,"item_id":1037634,"ean":"7896004712208","enriched":false,"requires_approval":true,"fontes_consultadas":{"convertize_busca":false,"convertize_busca_error":null,"convertize_detalhe":false,"farmaindex_busca":false,"farmaindex_busca_error":null,"farmaindex_detalhe":false,"drogasil_busca":false,"drogasil_busca_error":null,"drogasil_detalhe":false,"cache_hit":false,"encontrado":false}}
[2026-06-05T20:19:49.379Z] [INFO] Enriquecimento concluido {"importacao_id":62,"item_id":1037637,"ean":"7896004711898","enriched":false,"requires_approval":true,"fontes_consultadas":{"convertize_busca":false,"convertize_busca_error":null,"convertize_detalhe":false,"farmaindex_busca":false,"farmaindex_busca_error":null,"farmaindex_detalhe":false,"drogasil_busca":false,"drogasil_busca_error":null,"drogasil_detalhe":false,"cache_hit":false,"encontrado":false}}
[2026-06-05T20:19:49.467Z] [INFO] Enriquecimento concluido {"importacao_id":62,"item_id":1037630,"ean":"7896004711980","enriched":false,"requires_approval":true,"fontes_consultadas":{"convertize_busca":false,"convertize_busca_error":null,"convertize_detalhe":false,"farmaindex_busca":false,"farmaindex_busca_error":null,"farmaindex_detalhe":false,"drogasil_busca":false,"drogasil_busca_error":null,"drogasil_detalhe":false,"cache_hit":false,"encontrado":false}}
[2026-06-05T20:19:49.559Z] [INFO] Consumidor retirou lote do staging de trier {"importacao_id":62,"staged_itens_lote":4,"staged_itens_restantes":52867,"sample_eans":["7896422511704","7896004712079","7896020154532","7896004709307"]}
[2026-06-05T20:19:49.560Z] [INFO] Iniciando checagem de existencia no Banco Unico {"total_eans_consulta":4,"batches":1,"batch_size":100,"sample_eans":["7896422511704","7896004712079","7896020154532","7896004709307"]}
[2026-06-05T20:19:49.561Z] [INFO] Consultando batch de EANs no Banco Unico {"batch_index":1,"batch_total":1,"eans_no_batch":4,"sample_eans":["7896422511704","7896004712079","7896020154532","7896004709307"]}
[2026-06-05T20:19:49.598Z] [INFO] Resultado do batch consultado no Banco Unico {"batch_index":1,"encontrados":1,"faltantes":3,"found_eans_sample":["7896004709307"]}
[2026-06-05T20:19:49.599Z] [INFO] Checagem de existencia no Banco Unico concluida {"total_consultados":4,"total_existentes":1,"total_ausentes":3,"existing_eans_sample":["7896004709307"]}
[2026-06-05T20:19:49.666Z] [INFO] Resumo da triagem antes do enriquecimento {"importacao_id":62,"staged_total":4,"validos_unicos":4,"invalidos":0,"duplicados_no_lote":0,"existentes_no_banco_unico":1,"elegiveis_enriquecimento":3,"sample_eans_elegiveis":["7896422511704","7896004712079","7896020154532"],"acumulado":{"invalidos":23,"duplicados_no_lote":0,"existentes_no_banco_unico":272,"elegiveis_processamento":596}}
[2026-06-05T20:19:49.693Z] [INFO] Iniciando enriquecimento externo {"importacao_id":62,"item_id":1037628,"ean":"7896422511704"}
[2026-06-05T20:19:49.699Z] [INFO] Iniciando enriquecimento externo {"importacao_id":62,"item_id":1037635,"ean":"7896020154532"}
[2026-06-05T20:19:49.701Z] [INFO] Iniciando enriquecimento externo {"importacao_id":62,"item_id":1037629,"ean":"7896004712079"}
[2026-06-05T20:19:51.998Z] [INFO] Enriquecimento concluido {"importacao_id":62,"item_id":1037635,"ean":"7896020154532","enriched":false,"requires_approval":true,"fontes_consultadas":{"convertize_busca":false,"convertize_busca_error":null,"convertize_detalhe":false,"farmaindex_busca":false,"farmaindex_busca_error":null,"farmaindex_detalhe":false,"drogasil_busca":false,"drogasil_busca_error":null,"drogasil_detalhe":false,"cache_hit":false,"encontrado":false}}
[2026-06-05T20:19:52.298Z] [INFO] Enriquecimento concluido {"importacao_id":62,"item_id":1037628,"ean":"7896422511704","enriched":false,"requires_approval":true,"fontes_consultadas":{"convertize_busca":false,"convertize_busca_error":null,"convertize_detalhe":false,"farmaindex_busca":false,"farmaindex_busca_error":null,"farmaindex_detalhe":false,"drogasil_busca":false,"drogasil_busca_error":null,"drogasil_detalhe":false,"cache_hit":false,"encontrado":false}}
[2026-06-05T20:19:52.342Z] [INFO] Enriquecimento concluido {"importacao_id":62,"item_id":1037629,"ean":"7896004712079","enriched":false,"requires_approval":true,"fontes_consultadas":{"convertize_busca":false,"convertize_busca_error":null,"convertize_detalhe":false,"farmaindex_busca":false,"farmaindex_busca_error":null,"farmaindex_detalhe":false,"drogasil_busca":false,"drogasil_busca_error":null,"drogasil_detalhe":false,"cache_hit":false,"encontrado":false}}
[2026-06-05T20:19:52.433Z] [INFO] Consumidor retirou lote do staging de trier {"importacao_id":62,"staged_itens_lote":4,"staged_itens_restantes":52863,"sample_eans":["7896004709291","7896004711966","7896004712307","7896004711973"]}
[2026-06-05T20:19:52.433Z] [INFO] Iniciando checagem de existencia no Banco Unico {"total_eans_consulta":4,"batches":1,"batch_size":100,"sample_eans":["7896004709291","7896004711966","7896004712307","7896004711973"]}
[2026-06-05T20:19:52.434Z] [INFO] Consultando batch de EANs no Banco Unico {"batch_index":1,"batch_total":1,"eans_no_batch":4,"sample_eans":["7896004709291","7896004711966","7896004712307","7896004711973"]}
[2026-06-05T20:19:52.472Z] [INFO] Resultado do batch consultado no Banco Unico {"batch_index":1,"encontrados":1,"faltantes":3,"found_eans_sample":["7896004709291"]}
[2026-06-05T20:19:52.473Z] [INFO] Checagem de existencia no Banco Unico concluida {"total_consultados":4,"total_existentes":1,"total_ausentes":3,"existing_eans_sample":["7896004709291"]}
[2026-06-05T20:19:52.536Z] [INFO] Resumo da triagem antes do enriquecimento {"importacao_id":62,"staged_total":4,"validos_unicos":4,"invalidos":0,"duplicados_no_lote":0,"existentes_no_banco_unico":1,"elegiveis_enriquecimento":3,"sample_eans_elegiveis":["7896004711966","7896004712307","7896004711973"],"acumulado":{"invalidos":23,"duplicados_no_lote":0,"existentes_no_banco_unico":273,"elegiveis_processamento":599}}
[2026-06-05T20:19:52.569Z] [INFO] Iniciando enriquecimento externo {"importacao_id":62,"item_id":1037639,"ean":"7896004711966"}
[2026-06-05T20:19:52.573Z] [INFO] Iniciando enriquecimento externo {"importacao_id":62,"item_id":1037638,"ean":"7896004712307"}
[2026-06-05T20:19:52.581Z] [INFO] Iniciando enriquecimento externo {"importacao_id":62,"item_id":1037640,"ean":"7896004711973"}
[2026-06-05T20:19:54.744Z] [INFO] Enriquecimento concluido {"importacao_id":62,"item_id":1037639,"ean":"7896004711966","enriched":false,"requires_approval":true,"fontes_consultadas":{"convertize_busca":false,"convertize_busca_error":null,"convertize_detalhe":false,"farmaindex_busca":false,"farmaindex_busca_error":null,"farmaindex_detalhe":false,"drogasil_busca":false,"drogasil_busca_error":null,"drogasil_detalhe":false,"cache_hit":false,"encontrado":false}}
[2026-06-05T20:19:54.794Z] [INFO] Enriquecimento concluido {"importacao_id":62,"item_id":1037640,"ean":"7896004711973","enriched":false,"requires_approval":true,"fontes_consultadas":{"convertize_busca":false,"convertize_busca_error":null,"convertize_detalhe":false,"farmaindex_busca":false,"farmaindex_busca_error":null,"farmaindex_detalhe":false,"drogasil_busca":false,"drogasil_busca_error":null,"drogasil_detalhe":false,"cache_hit":false,"encontrado":false}}
[2026-06-05T20:19:54.823Z] [INFO] Enriquecimento concluido {"importacao_id":62,"item_id":1037638,"ean":"7896004712307","enriched":false,"requires_approval":true,"fontes_consultadas":{"convertize_busca":false,"convertize_busca_error":null,"convertize_detalhe":false,"farmaindex_busca":false,"farmaindex_busca_error":null,"farmaindex_detalhe":false,"drogasil_busca":false,"drogasil_busca_error":null,"drogasil_detalhe":false,"cache_hit":false,"encontrado":false}}
[2026-06-05T20:19:54.928Z] [INFO] Consumidor retirou lote do staging de trier {"importacao_id":62,"staged_itens_lote":4,"staged_itens_restantes":52859,"sample_eans":["7896004712055","7896004711485","7896004711430","7891721238468"]}
[2026-06-05T20:19:54.930Z] [INFO] Iniciando checagem de existencia no Banco Unico {"total_eans_consulta":4,"batches":1,"batch_size":100,"sample_eans":["7896004712055","7896004711485","7896004711430","7891721238468"]}
[2026-06-05T20:19:54.930Z] [INFO] Consultando batch de EANs no Banco Unico {"batch_index":1,"batch_total":1,"eans_no_batch":4,"sample_eans":["7896004712055","7896004711485","7896004711430","7891721238468"]}
[2026-06-05T20:19:54.967Z] [INFO] Resultado do batch consultado no Banco Unico {"batch_index":1,"encontrados":1,"faltantes":3,"found_eans_sample":["7896004711485"]}
[2026-06-05T20:19:54.968Z] [INFO] Checagem de existencia no Banco Unico concluida {"total_consultados":4,"total_existentes":1,"total_ausentes":3,"existing_eans_sample":["7896004711485"]}
[2026-06-05T20:19:55.039Z] [INFO] Resumo da triagem antes do enriquecimento {"importacao_id":62,"staged_total":4,"validos_unicos":4,"invalidos":0,"duplicados_no_lote":0,"existentes_no_banco_unico":1,"elegiveis_enriquecimento":3,"sample_eans_elegiveis":["7896004712055","7896004711430","7891721238468"],"acumulado":{"invalidos":23,"duplicados_no_lote":0,"existentes_no_banco_unico":274,"elegiveis_processamento":602}}
[2026-06-05T20:19:55.064Z] [INFO] Iniciando enriquecimento externo {"importacao_id":62,"item_id":1037645,"ean":"7891721238468"}
[2026-06-05T20:19:55.075Z] [INFO] Iniciando enriquecimento externo {"importacao_id":62,"item_id":1037642,"ean":"7896004712055"}
[2026-06-05T20:19:55.077Z] [INFO] Iniciando enriquecimento externo {"importacao_id":62,"item_id":1037643,"ean":"7896004711430"}
[2026-06-05T20:19:57.302Z] [INFO] Enriquecimento concluido {"importacao_id":62,"item_id":1037645,"ean":"7891721238468","enriched":false,"requires_approval":true,"fontes_consultadas":{"convertize_busca":false,"convertize_busca_error":null,"convertize_detalhe":false,"farmaindex_busca":false,"farmaindex_busca_error":null,"farmaindex_detalhe":false,"drogasil_busca":false,"drogasil_busca_error":null,"drogasil_detalhe":false,"cache_hit":false,"encontrado":false}}
[2026-06-05T20:19:57.337Z] [INFO] Enriquecimento concluido {"importacao_id":62,"item_id":1037643,"ean":"7896004711430","enriched":false,"requires_approval":true,"fontes_consultadas":{"convertize_busca":false,"convertize_busca_error":null,"convertize_detalhe":false,"farmaindex_busca":false,"farmaindex_busca_error":null,"farmaindex_detalhe":false,"drogasil_busca":false,"drogasil_busca_error":null,"drogasil_detalhe":false,"cache_hit":false,"encontrado":false}}
[2026-06-05T20:19:57.597Z] [INFO] Enriquecimento concluido {"importacao_id":62,"item_id":1037642,"ean":"7896004712055","enriched":false,"requires_approval":true,"fontes_consultadas":{"convertize_busca":false,"convertize_busca_error":null,"convertize_detalhe":false,"farmaindex_busca":false,"farmaindex_busca_error":null,"farmaindex_detalhe":false,"drogasil_busca":false,"drogasil_busca_error":null,"drogasil_detalhe":false,"cache_hit":false,"encontrado":false}}
[2026-06-05T20:19:57.691Z] [INFO] Consumidor retirou lote do staging de trier {"importacao_id":62,"staged_itens_lote":4,"staged_itens_restantes":52855,"sample_eans":["7893138000157","7896020154471","7899026412149","7899026412156"]}
[2026-06-05T20:19:57.692Z] [INFO] Iniciando checagem de existencia no Banco Unico {"total_eans_consulta":4,"batches":1,"batch_size":100,"sample_eans":["7893138000157","7896020154471","7899026412149","7899026412156"]}
[2026-06-05T20:19:57.693Z] [INFO] Consultando batch de EANs no Banco Unico {"batch_index":1,"batch_total":1,"eans_no_batch":4,"sample_eans":["7893138000157","7896020154471","7899026412149","7899026412156"]}
[2026-06-05T20:19:57.732Z] [INFO] Resultado do batch consultado no Banco Unico {"batch_index":1,"encontrados":1,"faltantes":3,"found_eans_sample":["7893138000157"]}
[2026-06-05T20:19:57.733Z] [INFO] Checagem de existencia no Banco Unico concluida {"total_consultados":4,"total_existentes":1,"total_ausentes":3,"existing_eans_sample":["7893138000157"]}
[2026-06-05T20:19:57.797Z] [INFO] Resumo da triagem antes do enriquecimento {"importacao_id":62,"staged_total":4,"validos_unicos":4,"invalidos":0,"duplicados_no_lote":0,"existentes_no_banco_unico":1,"elegiveis_enriquecimento":3,"sample_eans_elegiveis":["7896020154471","7899026412149","7899026412156"],"acumulado":{"invalidos":23,"duplicados_no_lote":0,"existentes_no_banco_unico":275,"elegiveis_processamento":605}}
[2026-06-05T20:19:57.822Z] [INFO] Iniciando enriquecimento externo {"importacao_id":62,"item_id":1037652,"ean":"7899026412149"}
[2026-06-05T20:19:57.829Z] [INFO] Iniciando enriquecimento externo {"importacao_id":62,"item_id":1037653,"ean":"7899026412156"}
[2026-06-05T20:19:57.831Z] [INFO] Iniciando enriquecimento externo {"importacao_id":62,"item_id":1037646,"ean":"7896020154471"}
[2026-06-05T20:20:00.048Z] [INFO] Enriquecimento concluido {"importacao_id":62,"item_id":1037653,"ean":"7899026412156","enriched":false,"requires_approval":true,"fontes_consultadas":{"convertize_busca":false,"convertize_busca_error":null,"convertize_detalhe":false,"farmaindex_busca":false,"farmaindex_busca_error":null,"farmaindex_detalhe":false,"drogasil_busca":false,"drogasil_busca_error":null,"drogasil_detalhe":false,"cache_hit":false,"encontrado":false}}
[2026-06-05T20:20:00.175Z] [INFO] Enriquecimento concluido {"importacao_id":62,"item_id":1037646,"ean":"7896020154471","enriched":false,"requires_approval":true,"fontes_consultadas":{"convertize_busca":false,"convertize_busca_error":null,"convertize_detalhe":false,"farmaindex_busca":false,"farmaindex_busca_error":null,"farmaindex_detalhe":false,"drogasil_busca":false,"drogasil_busca_error":null,"drogasil_detalhe":false,"cache_hit":false,"encontrado":false}}
[2026-06-05T20:20:00.234Z] [INFO] Enriquecimento concluido {"importacao_id":62,"item_id":1037652,"ean":"7899026412149","enriched":false,"requires_approval":true,"fontes_consultadas":{"convertize_busca":false,"convertize_busca_error":null,"convertize_detalhe":false,"farmaindex_busca":false,"farmaindex_busca_error":null,"farmaindex_detalhe":false,"drogasil_busca":false,"drogasil_busca_error":null,"drogasil_detalhe":false,"cache_hit":false,"encontrado":false}}
[2026-06-05T20:20:00.325Z] [INFO] Consumidor retirou lote do staging de trier {"importacao_id":62,"staged_itens_lote":4,"staged_itens_restantes":52851,"sample_eans":["7899026412163","7899026412170","7891010249915","70330609730"]}
[2026-06-05T20:20:00.326Z] [INFO] Iniciando checagem de existencia no Banco Unico {"total_eans_consulta":3,"batches":1,"batch_size":100,"sample_eans":["7899026412163","7899026412170","7891010249915"]}
[2026-06-05T20:20:00.326Z] [INFO] Consultando batch de EANs no Banco Unico {"batch_index":1,"batch_total":1,"eans_no_batch":3,"sample_eans":["7899026412163","7899026412170","7891010249915"]}
[2026-06-05T20:20:00.364Z] [INFO] Resultado do batch consultado no Banco Unico {"batch_index":1,"encontrados":0,"faltantes":3,"found_eans_sample":[]}
[2026-06-05T20:20:00.365Z] [INFO] Checagem de existencia no Banco Unico concluida {"total_consultados":3,"total_existentes":0,"total_ausentes":3,"existing_eans_sample":[]}
[2026-06-05T20:20:00.366Z] [INFO] Resumo da triagem antes do enriquecimento {"importacao_id":62,"staged_total":4,"validos_unicos":3,"invalidos":1,"duplicados_no_lote":0,"existentes_no_banco_unico":0,"elegiveis_enriquecimento":4,"sample_eans_elegiveis":["70330609730","7899026412163","7899026412170","7891010249915"],"acumulado":{"invalidos":24,"duplicados_no_lote":0,"existentes_no_banco_unico":275,"elegiveis_processamento":609}}
[2026-06-05T20:20:00.390Z] [INFO] Iniciando enriquecimento externo {"importacao_id":62,"item_id":1037656,"ean":"7899026412170"}
[2026-06-05T20:20:00.399Z] [INFO] Iniciando enriquecimento externo {"importacao_id":62,"item_id":1037647,"ean":"7899026412163"}
[2026-06-05T20:20:00.413Z] [INFO] Iniciando enriquecimento externo {"importacao_id":62,"item_id":1037649,"ean":"7891010249915"}
[2026-06-05T20:20:01.973Z] [INFO] Enriquecimento concluido {"importacao_id":62,"item_id":1037647,"ean":"7899026412163","enriched":false,"requires_approval":true,"fontes_consultadas":{"convertize_busca":false,"convertize_busca_error":null,"convertize_detalhe":false,"farmaindex_busca":false,"farmaindex_busca_error":null,"farmaindex_detalhe":false,"drogasil_busca":false,"drogasil_busca_error":null,"drogasil_detalhe":false,"cache_hit":false,"encontrado":false}}
[2026-06-05T20:20:02.092Z] [INFO] Enriquecimento concluido {"importacao_id":62,"item_id":1037649,"ean":"7891010249915","enriched":false,"requires_approval":true,"fontes_consultadas":{"convertize_busca":false,"convertize_busca_error":null,"convertize_detalhe":false,"farmaindex_busca":false,"farmaindex_busca_error":null,"farmaindex_detalhe":false,"drogasil_busca":false,"drogasil_busca_error":null,"drogasil_detalhe":false,"cache_hit":false,"encontrado":false}}
[2026-06-05T20:20:02.180Z] [INFO] Enriquecimento concluido {"importacao_id":62,"item_id":1037656,"ean":"7899026412170","enriched":false,"requires_approval":true,"fontes_consultadas":{"convertize_busca":false,"convertize_busca_error":null,"convertize_detalhe":false,"farmaindex_busca":false,"farmaindex_busca_error":null,"farmaindex_detalhe":false,"drogasil_busca":false,"drogasil_busca_error":null,"drogasil_detalhe":false,"cache_hit":false,"encontrado":false}}
[2026-06-05T20:20:02.258Z] [INFO] Consumidor retirou lote do staging de trier {"importacao_id":62,"staged_itens_lote":4,"staged_itens_restantes":52847,"sample_eans":["70330609747","7896658020735","7891142144256","7899026415157"]}
[2026-06-05T20:20:02.259Z] [INFO] Iniciando checagem de existencia no Banco Unico {"total_eans_consulta":3,"batches":1,"batch_size":100,"sample_eans":["7896658020735","7891142144256","7899026415157"]}
[2026-06-05T20:20:02.259Z] [INFO] Consultando batch de EANs no Banco Unico {"batch_index":1,"batch_total":1,"eans_no_batch":3,"sample_eans":["7896658020735","7891142144256","7899026415157"]}
[2026-06-05T20:20:02.297Z] [INFO] Resultado do batch consultado no Banco Unico {"batch_index":1,"encontrados":1,"faltantes":2,"found_eans_sample":["7891142144256"]}
[2026-06-05T20:20:02.298Z] [INFO] Checagem de existencia no Banco Unico concluida {"total_consultados":3,"total_existentes":1,"total_ausentes":2,"existing_eans_sample":["7891142144256"]}
[2026-06-05T20:20:02.351Z] [INFO] Resumo da triagem antes do enriquecimento {"importacao_id":62,"staged_total":4,"validos_unicos":3,"invalidos":1,"duplicados_no_lote":0,"existentes_no_banco_unico":1,"elegiveis_enriquecimento":3,"sample_eans_elegiveis":["70330609747","7896658020735","7899026415157"],"acumulado":{"invalidos":25,"duplicados_no_lote":0,"existentes_no_banco_unico":276,"elegiveis_processamento":612}}
[2026-06-05T20:20:02.384Z] [INFO] Iniciando enriquecimento externo {"importacao_id":62,"item_id":1037655,"ean":"7899026415157"}
[2026-06-05T20:20:02.387Z] [INFO] Iniciando enriquecimento externo {"importacao_id":62,"item_id":1037650,"ean":"7896658020735"}
[2026-06-05T20:20:03.693Z] [INFO] Enriquecimento concluido {"importacao_id":62,"item_id":1037655,"ean":"7899026415157","enriched":false,"requires_approval":true,"fontes_consultadas":{"convertize_busca":false,"convertize_busca_error":null,"convertize_detalhe":false,"farmaindex_busca":false,"farmaindex_busca_error":null,"farmaindex_detalhe":false,"drogasil_busca":false,"drogasil_busca_error":null,"drogasil_detalhe":false,"cache_hit":false,"encontrado":false}}
[2026-06-05T20:20:04.303Z] [INFO] Enriquecimento concluido {"importacao_id":62,"item_id":1037650,"ean":"7896658020735","enriched":false,"requires_approval":true,"fontes_consultadas":{"convertize_busca":false,"convertize_busca_error":null,"convertize_detalhe":false,"farmaindex_busca":false,"farmaindex_busca_error":null,"farmaindex_detalhe":false,"drogasil_busca":false,"drogasil_busca_error":null,"drogasil_detalhe":false,"cache_hit":false,"encontrado":false}}
[2026-06-05T20:20:04.408Z] [INFO] Consumidor retirou lote do staging de trier {"importacao_id":62,"staged_itens_lote":4,"staged_itens_restantes":52843,"sample_eans":["7891142128638","7897759001418","7896181904731","7896181911043"]}
[2026-06-05T20:20:04.409Z] [INFO] Iniciando checagem de existencia no Banco Unico {"total_eans_consulta":4,"batches":1,"batch_size":100,"sample_eans":["7891142128638","7897759001418","7896181904731","7896181911043"]}
[2026-06-05T20:20:04.409Z] [INFO] Consultando batch de EANs no Banco Unico {"batch_index":1,"batch_total":1,"eans_no_batch":4,"sample_eans":["7891142128638","7897759001418","7896181904731","7896181911043"]}
[2026-06-05T20:20:04.447Z] [INFO] Resultado do batch consultado no Banco Unico {"batch_index":1,"encontrados":3,"faltantes":1,"found_eans_sample":["7891142128638","7897759001418","7896181911043"]}
[2026-06-05T20:20:04.448Z] [INFO] Checagem de existencia no Banco Unico concluida {"total_consultados":4,"total_existentes":3,"total_ausentes":1,"existing_eans_sample":["7891142128638","7897759001418","7896181911043"]}
[2026-06-05T20:20:04.601Z] [INFO] Resumo da triagem antes do enriquecimento {"importacao_id":62,"staged_total":4,"validos_unicos":4,"invalidos":0,"duplicados_no_lote":0,"existentes_no_banco_unico":3,"elegiveis_enriquecimento":1,"sample_eans_elegiveis":["7896181904731"],"acumulado":{"invalidos":25,"duplicados_no_lote":0,"existentes_no_banco_unico":279,"elegiveis_processamento":613}}
[2026-06-05T20:20:04.627Z] [INFO] Iniciando enriquecimento externo {"importacao_id":62,"item_id":1037663,"ean":"7896181904731"}
[2026-06-05T20:20:05.931Z] [INFO] Enriquecimento concluido {"importacao_id":62,"item_id":1037663,"ean":"7896181904731","enriched":false,"requires_approval":true,"fontes_consultadas":{"convertize_busca":false,"convertize_busca_error":null,"convertize_detalhe":false,"farmaindex_busca":false,"farmaindex_busca_error":null,"farmaindex_detalhe":false,"drogasil_busca":false,"drogasil_busca_error":null,"drogasil_detalhe":false,"cache_hit":false,"encontrado":false}}
[2026-06-05T20:20:06.036Z] [INFO] Consumidor retirou lote do staging de trier {"importacao_id":62,"staged_itens_lote":4,"staged_itens_restantes":52839,"sample_eans":["7896181911340","7896181911432","7896004713595","7896004712888"]}
[2026-06-05T20:20:06.036Z] [INFO] Iniciando checagem de existencia no Banco Unico {"total_eans_consulta":4,"batches":1,"batch_size":100,"sample_eans":["7896181911340","7896181911432","7896004713595","7896004712888"]}
[2026-06-05T20:20:06.036Z] [INFO] Consultando batch de EANs no Banco Unico {"batch_index":1,"batch_total":1,"eans_no_batch":4,"sample_eans":["7896181911340","7896181911432","7896004713595","7896004712888"]}
[2026-06-05T20:20:06.073Z] [INFO] Resultado do batch consultado no Banco Unico {"batch_index":1,"encontrados":2,"faltantes":2,"found_eans_sample":["7896004713595","7896004712888"]}
[2026-06-05T20:20:06.074Z] [INFO] Checagem de existencia no Banco Unico concluida {"total_consultados":4,"total_existentes":2,"total_ausentes":2,"existing_eans_sample":["7896004713595","7896004712888"]}
[2026-06-05T20:20:06.172Z] [INFO] Resumo da triagem antes do enriquecimento {"importacao_id":62,"staged_total":4,"validos_unicos":4,"invalidos":0,"duplicados_no_lote":0,"existentes_no_banco_unico":2,"elegiveis_enriquecimento":2,"sample_eans_elegiveis":["7896181911340","7896181911432"],"acumulado":{"invalidos":25,"duplicados_no_lote":0,"existentes_no_banco_unico":281,"elegiveis_processamento":615}}
[2026-06-05T20:20:06.197Z] [INFO] Iniciando enriquecimento externo {"importacao_id":62,"item_id":1037660,"ean":"7896181911340"}
[2026-06-05T20:20:06.234Z] [INFO] Iniciando enriquecimento externo {"importacao_id":62,"item_id":1037662,"ean":"7896181911432"}
[2026-06-05T20:20:07.392Z] [INFO] Enriquecimento concluido {"importacao_id":62,"item_id":1037660,"ean":"7896181911340","enriched":false,"requires_approval":true,"fontes_consultadas":{"convertize_busca":false,"convertize_busca_error":null,"convertize_detalhe":false,"farmaindex_busca":false,"farmaindex_busca_error":null,"farmaindex_detalhe":false,"drogasil_busca":false,"drogasil_busca_error":null,"drogasil_detalhe":false,"cache_hit":false,"encontrado":false}}
[2026-06-05T20:20:07.394Z] [INFO] Enriquecimento concluido {"importacao_id":62,"item_id":1037662,"ean":"7896181911432","enriched":false,"requires_approval":true,"fontes_consultadas":{"convertize_busca":false,"convertize_busca_error":null,"convertize_detalhe":false,"farmaindex_busca":false,"farmaindex_busca_error":null,"farmaindex_detalhe":false,"drogasil_busca":false,"drogasil_busca_error":null,"drogasil_detalhe":false,"cache_hit":false,"encontrado":false}}
[2026-06-05T20:20:07.496Z] [INFO] Consumidor retirou lote do staging de trier {"importacao_id":62,"staged_itens_lote":4,"staged_itens_restantes":52835,"sample_eans":["7896004712185","7896241285022","7896185916228","93815700982"]}
[2026-06-05T20:20:07.497Z] [INFO] Iniciando checagem de existencia no Banco Unico {"total_eans_consulta":3,"batches":1,"batch_size":100,"sample_eans":["7896004712185","7896241285022","7896185916228"]}
[2026-06-05T20:20:07.497Z] [INFO] Consultando batch de EANs no Banco Unico {"batch_index":1,"batch_total":1,"eans_no_batch":3,"sample_eans":["7896004712185","7896241285022","7896185916228"]}
[2026-06-05T20:20:07.532Z] [INFO] Resultado do batch consultado no Banco Unico {"batch_index":1,"encontrados":1,"faltantes":2,"found_eans_sample":["7896241285022"]}
[2026-06-05T20:20:07.533Z] [INFO] Checagem de existencia no Banco Unico concluida {"total_consultados":3,"total_existentes":1,"total_ausentes":2,"existing_eans_sample":["7896241285022"]}
[2026-06-05T20:20:07.599Z] [INFO] Resumo da triagem antes do enriquecimento {"importacao_id":62,"staged_total":4,"validos_unicos":3,"invalidos":1,"duplicados_no_lote":0,"existentes_no_banco_unico":1,"elegiveis_enriquecimento":3,"sample_eans_elegiveis":["93815700982","7896004712185","7896185916228"],"acumulado":{"invalidos":26,"duplicados_no_lote":0,"existentes_no_banco_unico":282,"elegiveis_processamento":618}}
[2026-06-05T20:20:07.624Z] [INFO] Iniciando enriquecimento externo {"importacao_id":62,"item_id":1037666,"ean":"7896004712185"}
[2026-06-05T20:20:07.630Z] [INFO] Iniciando enriquecimento externo {"importacao_id":62,"item_id":1037673,"ean":"7896185916228"}
[2026-06-05T20:20:08.595Z] [INFO] Enriquecimento concluido {"importacao_id":62,"item_id":1037666,"ean":"7896004712185","enriched":false,"requires_approval":true,"fontes_consultadas":{"convertize_busca":false,"convertize_busca_error":null,"convertize_detalhe":false,"farmaindex_busca":false,"farmaindex_busca_error":null,"farmaindex_detalhe":false,"drogasil_busca":false,"drogasil_busca_error":null,"drogasil_detalhe":false,"cache_hit":false,"encontrado":false}}
[2026-06-05T20:20:10.494Z] [INFO] Enriquecimento concluido {"importacao_id":62,"item_id":1037673,"ean":"7896185916228","enriched":false,"requires_approval":true,"fontes_consultadas":{"convertize_busca":false,"convertize_busca_error":null,"convertize_detalhe":false,"farmaindex_busca":false,"farmaindex_busca_error":null,"farmaindex_detalhe":false,"drogasil_busca":false,"drogasil_busca_error":null,"drogasil_detalhe":false,"cache_hit":false,"encontrado":false}}
[2026-06-05T20:20:10.642Z] [INFO] Consumidor retirou lote do staging de trier {"importacao_id":62,"staged_itens_lote":4,"staged_itens_restantes":52831,"sample_eans":["7896279101073","93815986812","93815995050","93815996484"]}
[2026-06-05T20:20:10.643Z] [INFO] Iniciando checagem de existencia no Banco Unico {"total_eans_consulta":1,"batches":1,"batch_size":100,"sample_eans":["7896279101073"]}
[2026-06-05T20:20:10.643Z] [INFO] Consultando batch de EANs no Banco Unico {"batch_index":1,"batch_total":1,"eans_no_batch":1,"sample_eans":["7896279101073"]}
[2026-06-05T20:20:10.695Z] [INFO] Resultado do batch consultado no Banco Unico {"batch_index":1,"encontrados":0,"faltantes":1,"found_eans_sample":[]}
[2026-06-05T20:20:10.696Z] [INFO] Checagem de existencia no Banco Unico concluida {"total_consultados":1,"total_existentes":0,"total_ausentes":1,"existing_eans_sample":[]}
[2026-06-05T20:20:10.697Z] [INFO] Resumo da triagem antes do enriquecimento {"importacao_id":62,"staged_total":4,"validos_unicos":1,"invalidos":3,"duplicados_no_lote":0,"existentes_no_banco_unico":0,"elegiveis_enriquecimento":4,"sample_eans_elegiveis":["93815986812","93815995050","93815996484","7896279101073"],"acumulado":{"invalidos":29,"duplicados_no_lote":0,"existentes_no_banco_unico":282,"elegiveis_processamento":622}}
[2026-06-05T20:20:10.744Z] [INFO] Iniciando enriquecimento externo {"importacao_id":62,"item_id":1037672,"ean":"7896279101073"}
[2026-06-05T20:20:11.829Z] [INFO] Enriquecimento concluido {"importacao_id":62,"item_id":1037672,"ean":"7896279101073","enriched":false,"requires_approval":true,"fontes_consultadas":{"convertize_busca":false,"convertize_busca_error":null,"convertize_detalhe":false,"farmaindex_busca":false,"farmaindex_busca_error":null,"farmaindex_detalhe":false,"drogasil_busca":false,"drogasil_busca_error":null,"drogasil_detalhe":false,"cache_hit":false,"encontrado":false}}
[2026-06-05T20:20:11.929Z] [INFO] Consumidor retirou lote do staging de trier {"importacao_id":62,"staged_itens_lote":4,"staged_itens_restantes":52827,"sample_eans":["93815996491","7891058015718","7896015516642","7896111919552"]}
[2026-06-05T20:20:11.929Z] [INFO] Iniciando checagem de existencia no Banco Unico {"total_eans_consulta":3,"batches":1,"batch_size":100,"sample_eans":["7891058015718","7896015516642","7896111919552"]}
[2026-06-05T20:20:11.930Z] [INFO] Consultando batch de EANs no Banco Unico {"batch_index":1,"batch_total":1,"eans_no_batch":3,"sample_eans":["7891058015718","7896015516642","7896111919552"]}
[2026-06-05T20:20:11.974Z] [INFO] Resultado do batch consultado no Banco Unico {"batch_index":1,"encontrados":1,"faltantes":2,"found_eans_sample":["7896015516642"]}
[2026-06-05T20:20:11.975Z] [INFO] Checagem de existencia no Banco Unico concluida {"total_consultados":3,"total_existentes":1,"total_ausentes":2,"existing_eans_sample":["7896015516642"]}
[2026-06-05T20:20:12.125Z] [INFO] Resumo da triagem antes do enriquecimento {"importacao_id":62,"staged_total":4,"validos_unicos":3,"invalidos":1,"duplicados_no_lote":0,"existentes_no_banco_unico":1,"elegiveis_enriquecimento":3,"sample_eans_elegiveis":["93815996491","7891058015718","7896111919552"],"acumulado":{"invalidos":30,"duplicados_no_lote":0,"existentes_no_banco_unico":283,"elegiveis_processamento":625}}
[2026-06-05T20:20:12.156Z] [INFO] Iniciando enriquecimento externo {"importacao_id":62,"item_id":1037676,"ean":"7896111919552"}
[2026-06-05T20:20:12.160Z] [INFO] Iniciando enriquecimento externo {"importacao_id":62,"item_id":1037674,"ean":"7891058015718"}
[2026-06-05T20:20:13.281Z] [INFO] Enriquecimento concluido {"importacao_id":62,"item_id":1037674,"ean":"7891058015718","enriched":false,"requires_approval":true,"fontes_consultadas":{"convertize_busca":false,"convertize_busca_error":null,"convertize_detalhe":false,"farmaindex_busca":false,"farmaindex_busca_error":null,"farmaindex_detalhe":false,"drogasil_busca":false,"drogasil_busca_error":null,"drogasil_detalhe":false,"cache_hit":false,"encontrado":false}}
[2026-06-05T20:20:13.497Z] [INFO] Enriquecimento concluido {"importacao_id":62,"item_id":1037676,"ean":"7896111919552","enriched":false,"requires_approval":true,"fontes_consultadas":{"convertize_busca":false,"convertize_busca_error":null,"convertize_detalhe":false,"farmaindex_busca":false,"farmaindex_busca_error":null,"farmaindex_detalhe":false,"drogasil_busca":false,"drogasil_busca_error":null,"drogasil_detalhe":false,"cache_hit":false,"encontrado":false}}
[2026-06-05T20:20:13.596Z] [INFO] Consumidor retirou lote do staging de trier {"importacao_id":62,"staged_itens_lote":4,"staged_itens_restantes":52823,"sample_eans":["7896094902398","7896094902121","7896094902138","7897513907000"]}
[2026-06-05T20:20:13.597Z] [INFO] Iniciando checagem de existencia no Banco Unico {"total_eans_consulta":4,"batches":1,"batch_size":100,"sample_eans":["7896094902398","7896094902121","7896094902138","7897513907000"]}
[2026-06-05T20:20:13.598Z] [INFO] Consultando batch de EANs no Banco Unico {"batch_index":1,"batch_total":1,"eans_no_batch":4,"sample_eans":["7896094902398","7896094902121","7896094902138","7897513907000"]}
[2026-06-05T20:20:13.635Z] [INFO] Resultado do batch consultado no Banco Unico {"batch_index":1,"encontrados":0,"faltantes":4,"found_eans_sample":[]}
[2026-06-05T20:20:13.636Z] [INFO] Checagem de existencia no Banco Unico concluida {"total_consultados":4,"total_existentes":0,"total_ausentes":4,"existing_eans_sample":[]}
[2026-06-05T20:20:13.638Z] [INFO] Resumo da triagem antes do enriquecimento {"importacao_id":62,"staged_total":4,"validos_unicos":4,"invalidos":0,"duplicados_no_lote":0,"existentes_no_banco_unico":0,"elegiveis_enriquecimento":4,"sample_eans_elegiveis":["7896094902398","7896094902121","7896094902138","7897513907000"],"acumulado":{"invalidos":30,"duplicados_no_lote":0,"existentes_no_banco_unico":283,"elegiveis_processamento":629}}
[2026-06-05T20:20:13.662Z] [INFO] Iniciando enriquecimento externo {"importacao_id":62,"item_id":1037683,"ean":"7897513907000"}
[2026-06-05T20:20:13.670Z] [INFO] Iniciando enriquecimento externo {"importacao_id":62,"item_id":1037677,"ean":"7896094902121"}
[2026-06-05T20:20:13.672Z] [INFO] Iniciando enriquecimento externo {"importacao_id":62,"item_id":1037679,"ean":"7896094902138"}
[2026-06-05T20:20:13.677Z] [INFO] Iniciando enriquecimento externo {"importacao_id":62,"item_id":1037678,"ean":"7896094902398"}
[2026-06-05T20:20:16.604Z] [INFO] Enriquecimento concluido {"importacao_id":62,"item_id":1037679,"ean":"7896094902138","enriched":false,"requires_approval":true,"fontes_consultadas":{"convertize_busca":false,"convertize_busca_error":null,"convertize_detalhe":false,"farmaindex_busca":false,"farmaindex_busca_error":null,"farmaindex_detalhe":false,"drogasil_busca":false,"drogasil_busca_error":null,"drogasil_detalhe":false,"cache_hit":false,"encontrado":false}}
[2026-06-05T20:20:16.640Z] [INFO] Enriquecimento concluido {"importacao_id":62,"item_id":1037683,"ean":"7897513907000","enriched":false,"requires_approval":true,"fontes_consultadas":{"convertize_busca":false,"convertize_busca_error":null,"convertize_detalhe":false,"farmaindex_busca":false,"farmaindex_busca_error":null,"farmaindex_detalhe":false,"drogasil_busca":false,"drogasil_busca_error":null,"drogasil_detalhe":false,"cache_hit":false,"encontrado":false}}
[2026-06-05T20:20:16.768Z] [INFO] Enriquecimento concluido {"importacao_id":62,"item_id":1037677,"ean":"7896094902121","enriched":false,"requires_approval":true,"fontes_consultadas":{"convertize_busca":false,"convertize_busca_error":null,"convertize_detalhe":false,"farmaindex_busca":false,"farmaindex_busca_error":null,"farmaindex_detalhe":false,"drogasil_busca":false,"drogasil_busca_error":null,"drogasil_detalhe":false,"cache_hit":false,"encontrado":false}}
[2026-06-05T20:20:16.798Z] [INFO] Enriquecimento concluido {"importacao_id":62,"item_id":1037678,"ean":"7896094902398","enriched":false,"requires_approval":true,"fontes_consultadas":{"convertize_busca":false,"convertize_busca_error":null,"convertize_detalhe":false,"farmaindex_busca":false,"farmaindex_busca_error":null,"farmaindex_detalhe":false,"drogasil_busca":false,"drogasil_busca_error":null,"drogasil_detalhe":false,"cache_hit":false,"encontrado":false}}
[2026-06-05T20:20:16.890Z] [INFO] Consumidor retirou lote do staging de trier {"importacao_id":62,"staged_itens_lote":4,"staged_itens_restantes":52819,"sample_eans":["7896094902145","7891010504755","7897930766082","7896422512145"]}
[2026-06-05T20:20:16.891Z] [INFO] Iniciando checagem de existencia no Banco Unico {"total_eans_consulta":4,"batches":1,"batch_size":100,"sample_eans":["7896094902145","7891010504755","7897930766082","7896422512145"]}
[2026-06-05T20:20:16.891Z] [INFO] Consultando batch de EANs no Banco Unico {"batch_index":1,"batch_total":1,"eans_no_batch":4,"sample_eans":["7896094902145","7891010504755","7897930766082","7896422512145"]}
[2026-06-05T20:20:16.930Z] [INFO] Resultado do batch consultado no Banco Unico {"batch_index":1,"encontrados":3,"faltantes":1,"found_eans_sample":["7891010504755","7897930766082","7896422512145"]}
[2026-06-05T20:20:16.932Z] [INFO] Checagem de existencia no Banco Unico concluida {"total_consultados":4,"total_existentes":3,"total_ausentes":1,"existing_eans_sample":["7891010504755","7897930766082","7896422512145"]}
[2026-06-05T20:20:17.143Z] [INFO] Resumo da triagem antes do enriquecimento {"importacao_id":62,"staged_total":4,"validos_unicos":4,"invalidos":0,"duplicados_no_lote":0,"existentes_no_banco_unico":3,"elegiveis_enriquecimento":1,"sample_eans_elegiveis":["7896094902145"],"acumulado":{"invalidos":30,"duplicados_no_lote":0,"existentes_no_banco_unico":286,"elegiveis_processamento":630}}
[2026-06-05T20:20:17.192Z] [INFO] Iniciando enriquecimento externo {"importacao_id":62,"item_id":1037681,"ean":"7896094902145"}
[2026-06-05T20:20:18.474Z] [INFO] Enriquecimento concluido {"importacao_id":62,"item_id":1037681,"ean":"7896094902145","enriched":false,"requires_approval":true,"fontes_consultadas":{"convertize_busca":false,"convertize_busca_error":null,"convertize_detalhe":false,"farmaindex_busca":false,"farmaindex_busca_error":null,"farmaindex_detalhe":false,"drogasil_busca":false,"drogasil_busca_error":null,"drogasil_detalhe":false,"cache_hit":false,"encontrado":false}}
[2026-06-05T20:20:18.628Z] [INFO] Consumidor retirou lote do staging de trier {"importacao_id":62,"staged_itens_lote":4,"staged_itens_restantes":52815,"sample_eans":["7896422512169","7896422511964","7896422511995","7897930760424"]}
[2026-06-05T20:20:18.628Z] [INFO] Iniciando checagem de existencia no Banco Unico {"total_eans_consulta":4,"batches":1,"batch_size":100,"sample_eans":["7896422512169","7896422511964","7896422511995","7897930760424"]}
[2026-06-05T20:20:18.629Z] [INFO] Consultando batch de EANs no Banco Unico {"batch_index":1,"batch_total":1,"eans_no_batch":4,"sample_eans":["7896422512169","7896422511964","7896422511995","7897930760424"]}
[2026-06-05T20:20:18.666Z] [INFO] Resultado do batch consultado no Banco Unico {"batch_index":1,"encontrados":4,"faltantes":0,"found_eans_sample":["7896422512169","7896422511964","7896422511995","7897930760424"]}
[2026-06-05T20:20:18.667Z] [INFO] Checagem de existencia no Banco Unico concluida {"total_consultados":4,"total_existentes":4,"total_ausentes":0,"existing_eans_sample":["7896422512169","7896422511964","7896422511995","7897930760424"]}
[2026-06-05T20:20:18.924Z] [INFO] Resumo da triagem antes do enriquecimento {"importacao_id":62,"staged_total":4,"validos_unicos":4,"invalidos":0,"duplicados_no_lote":0,"existentes_no_banco_unico":4,"elegiveis_enriquecimento":0,"sample_eans_elegiveis":[],"acumulado":{"invalidos":30,"duplicados_no_lote":0,"existentes_no_banco_unico":290,"elegiveis_processamento":630}}
[2026-06-05T20:20:18.925Z] [INFO] Consumidor retirou lote do staging de trier {"importacao_id":62,"staged_itens_lote":4,"staged_itens_restantes":52811,"sample_eans":["7896676411591","7896676411584","7896279100809","7896676411560"]}
[2026-06-05T20:20:18.925Z] [INFO] Iniciando checagem de existencia no Banco Unico {"total_eans_consulta":4,"batches":1,"batch_size":100,"sample_eans":["7896676411591","7896676411584","7896279100809","7896676411560"]}
[2026-06-05T20:20:18.926Z] [INFO] Consultando batch de EANs no Banco Unico {"batch_index":1,"batch_total":1,"eans_no_batch":4,"sample_eans":["7896676411591","7896676411584","7896279100809","7896676411560"]}
[2026-06-05T20:20:18.966Z] [INFO] Resultado do batch consultado no Banco Unico {"batch_index":1,"encontrados":1,"faltantes":3,"found_eans_sample":["7896676411584"]}
[2026-06-05T20:20:18.966Z] [INFO] Checagem de existencia no Banco Unico concluida {"total_consultados":4,"total_existentes":1,"total_ausentes":3,"existing_eans_sample":["7896676411584"]}
[2026-06-05T20:20:19.035Z] [INFO] Resumo da triagem antes do enriquecimento {"importacao_id":62,"staged_total":4,"validos_unicos":4,"invalidos":0,"duplicados_no_lote":0,"existentes_no_banco_unico":1,"elegiveis_enriquecimento":3,"sample_eans_elegiveis":["7896676411591","7896279100809","7896676411560"],"acumulado":{"invalidos":30,"duplicados_no_lote":0,"existentes_no_banco_unico":291,"elegiveis_processamento":633}}
[2026-06-05T20:20:19.067Z] [INFO] Iniciando enriquecimento externo {"importacao_id":62,"item_id":1037690,"ean":"7896676411591"}
[2026-06-05T20:20:19.070Z] [INFO] Iniciando enriquecimento externo {"importacao_id":62,"item_id":1037691,"ean":"7896279100809"}
[2026-06-05T20:20:19.090Z] [INFO] Iniciando enriquecimento externo {"importacao_id":62,"item_id":1037693,"ean":"7896676411560"}
[2026-06-05T20:20:20.315Z] [INFO] Enriquecimento concluido {"importacao_id":62,"item_id":1037690,"ean":"7896676411591","enriched":false,"requires_approval":true,"fontes_consultadas":{"convertize_busca":false,"convertize_busca_error":null,"convertize_detalhe":false,"farmaindex_busca":false,"farmaindex_busca_error":null,"farmaindex_detalhe":false,"drogasil_busca":false,"drogasil_busca_error":null,"drogasil_detalhe":false,"cache_hit":false,"encontrado":false}}
[2026-06-05T20:20:21.098Z] [INFO] Enriquecimento concluido {"importacao_id":62,"item_id":1037693,"ean":"7896676411560","enriched":false,"requires_approval":true,"fontes_consultadas":{"convertize_busca":false,"convertize_busca_error":null,"convertize_detalhe":false,"farmaindex_busca":false,"farmaindex_busca_error":null,"farmaindex_detalhe":false,"drogasil_busca":false,"drogasil_busca_error":null,"drogasil_detalhe":false,"cache_hit":false,"encontrado":false}}
[2026-06-05T20:20:22.067Z] [INFO] Enriquecimento concluido {"importacao_id":62,"item_id":1037691,"ean":"7896279100809","enriched":true,"requires_approval":false,"fontes_consultadas":{"convertize_busca":false,"convertize_busca_error":null,"convertize_detalhe":false,"farmaindex_busca":false,"farmaindex_busca_error":null,"farmaindex_detalhe":false,"drogasil_busca":true,"drogasil_busca_error":null,"drogasil_detalhe":true,"cache_hit":false,"encontrado":true}}
[2026-06-05T20:20:25.563Z] [INFO] Classificacao mercadologica concluida {"importacao_id":62,"item_id":1037691,"ean":"7896279100809","classificacao_origem":"openai","departamento":null,"categoria":"Cuidados Com Cabelos","subcategoria":"Finalizadores","segmento":"Creme Pentear","subsegmento":"Creme Pentear Regular"}
[2026-06-05T20:20:25.598Z] [INFO] Publicando produto no Banco Unico {"importacao_id":62,"item_id":1037691,"ean":"7896279100809","descricaoProduto":"Muriel Óleo Mineral Vita Capili Siliconado 80ml","categoria":"Cuidados Com Cabelos","subcategoria":"Finalizadores"}
[2026-06-05T20:20:26.437Z] [INFO] Produto publicado no Banco Unico com sucesso {"importacao_id":62,"item_id":1037691,"ean":"7896279100809"}
[2026-06-05T20:20:26.563Z] [INFO] Consumidor retirou lote do staging de trier {"importacao_id":62,"staged_itens_lote":4,"staged_itens_restantes":52807,"sample_eans":["7896676411553","7898146821121","7898146821145","7898146820742"]}
[2026-06-05T20:20:26.563Z] [INFO] Iniciando checagem de existencia no Banco Unico {"total_eans_consulta":4,"batches":1,"batch_size":100,"sample_eans":["7896676411553","7898146821121","7898146821145","7898146820742"]}
[2026-06-05T20:20:26.564Z] [INFO] Consultando batch de EANs no Banco Unico {"batch_index":1,"batch_total":1,"eans_no_batch":4,"sample_eans":["7896676411553","7898146821121","7898146821145","7898146820742"]}
[2026-06-05T20:20:26.599Z] [INFO] Resultado do batch consultado no Banco Unico {"batch_index":1,"encontrados":1,"faltantes":3,"found_eans_sample":["7896676411553"]}
[2026-06-05T20:20:26.600Z] [INFO] Checagem de existencia no Banco Unico concluida {"total_consultados":4,"total_existentes":1,"total_ausentes":3,"existing_eans_sample":["7896676411553"]}
[2026-06-05T20:20:26.649Z] [INFO] Resumo da triagem antes do enriquecimento {"importacao_id":62,"staged_total":4,"validos_unicos":4,"invalidos":0,"duplicados_no_lote":0,"existentes_no_banco_unico":1,"elegiveis_enriquecimento":3,"sample_eans_elegiveis":["7898146821121","7898146821145","7898146820742"],"acumulado":{"invalidos":30,"duplicados_no_lote":0,"existentes_no_banco_unico":292,"elegiveis_processamento":636}}
[2026-06-05T20:20:26.676Z] [INFO] Iniciando enriquecimento externo {"importacao_id":62,"item_id":1037698,"ean":"7898146821121"}
[2026-06-05T20:20:26.682Z] [INFO] Iniciando enriquecimento externo {"importacao_id":62,"item_id":1037700,"ean":"7898146820742"}
[2026-06-05T20:20:26.712Z] [INFO] Iniciando enriquecimento externo {"importacao_id":62,"item_id":1037692,"ean":"7898146821145"}
[2026-06-05T20:20:29.494Z] [INFO] Enriquecimento concluido {"importacao_id":62,"item_id":1037698,"ean":"7898146821121","enriched":false,"requires_approval":true,"fontes_consultadas":{"convertize_busca":false,"convertize_busca_error":null,"convertize_detalhe":false,"farmaindex_busca":false,"farmaindex_busca_error":null,"farmaindex_detalhe":false,"drogasil_busca":false,"drogasil_busca_error":null,"drogasil_detalhe":false,"cache_hit":false,"encontrado":false}}
[2026-06-05T20:20:29.656Z] [INFO] Enriquecimento concluido {"importacao_id":62,"item_id":1037692,"ean":"7898146821145","enriched":false,"requires_approval":true,"fontes_consultadas":{"convertize_busca":false,"convertize_busca_error":null,"convertize_detalhe":false,"farmaindex_busca":false,"farmaindex_busca_error":null,"farmaindex_detalhe":false,"drogasil_busca":false,"drogasil_busca_error":null,"drogasil_detalhe":false,"cache_hit":false,"encontrado":false}}
[2026-06-05T20:20:29.661Z] [INFO] Enriquecimento concluido {"importacao_id":62,"item_id":1037700,"ean":"7898146820742","enriched":false,"requires_approval":true,"fontes_consultadas":{"convertize_busca":false,"convertize_busca_error":null,"convertize_detalhe":false,"farmaindex_busca":false,"farmaindex_busca_error":null,"farmaindex_detalhe":false,"drogasil_busca":false,"drogasil_busca_error":null,"drogasil_detalhe":false,"cache_hit":false,"encontrado":false}}
[2026-06-05T20:20:29.754Z] [INFO] Consumidor retirou lote do staging de trier {"importacao_id":62,"staged_itens_lote":4,"staged_itens_restantes":52803,"sample_eans":["7891010504700","7891010560812","7891106005968","7891721012969"]}
[2026-06-05T20:20:29.756Z] [INFO] Iniciando checagem de existencia no Banco Unico {"total_eans_consulta":4,"batches":1,"batch_size":100,"sample_eans":["7891010504700","7891010560812","7891106005968","7891721012969"]}
[2026-06-05T20:20:29.756Z] [INFO] Consultando batch de EANs no Banco Unico {"batch_index":1,"batch_total":1,"eans_no_batch":4,"sample_eans":["7891010504700","7891010560812","7891106005968","7891721012969"]}
[2026-06-05T20:20:29.789Z] [INFO] Resultado do batch consultado no Banco Unico {"batch_index":1,"encontrados":2,"faltantes":2,"found_eans_sample":["7891010560812","7891721012969"]}
[2026-06-05T20:20:29.790Z] [INFO] Checagem de existencia no Banco Unico concluida {"total_consultados":4,"total_existentes":2,"total_ausentes":2,"existing_eans_sample":["7891010560812","7891721012969"]}
[2026-06-05T20:20:29.930Z] [INFO] Resumo da triagem antes do enriquecimento {"importacao_id":62,"staged_total":4,"validos_unicos":4,"invalidos":0,"duplicados_no_lote":0,"existentes_no_banco_unico":2,"elegiveis_enriquecimento":2,"sample_eans_elegiveis":["7891010504700","7891106005968"],"acumulado":{"invalidos":30,"duplicados_no_lote":0,"existentes_no_banco_unico":294,"elegiveis_processamento":638}}
[2026-06-05T20:20:29.964Z] [INFO] Iniciando enriquecimento externo {"importacao_id":62,"item_id":1037696,"ean":"7891010504700"}
[2026-06-05T20:20:29.966Z] [INFO] Iniciando enriquecimento externo {"importacao_id":62,"item_id":1037702,"ean":"7891106005968"}
[2026-06-05T20:20:31.045Z] [INFO] Enriquecimento concluido {"importacao_id":62,"item_id":1037702,"ean":"7891106005968","enriched":false,"requires_approval":true,"fontes_consultadas":{"convertize_busca":false,"convertize_busca_error":null,"convertize_detalhe":false,"farmaindex_busca":false,"farmaindex_busca_error":null,"farmaindex_detalhe":false,"drogasil_busca":false,"drogasil_busca_error":null,"drogasil_detalhe":false,"cache_hit":false,"encontrado":false}}
[2026-06-05T20:20:31.219Z] [INFO] Enriquecimento concluido {"importacao_id":62,"item_id":1037696,"ean":"7891010504700","enriched":false,"requires_approval":true,"fontes_consultadas":{"convertize_busca":false,"convertize_busca_error":null,"convertize_detalhe":false,"farmaindex_busca":false,"farmaindex_busca_error":null,"farmaindex_detalhe":false,"drogasil_busca":false,"drogasil_busca_error":null,"drogasil_detalhe":false,"cache_hit":false,"encontrado":false}}
[2026-06-05T20:20:31.320Z] [INFO] Consumidor retirou lote do staging de trier {"importacao_id":62,"staged_itens_lote":4,"staged_itens_restantes":52799,"sample_eans":["7891721012976","7896279100946","7891776466908","7891776464621"]}
[2026-06-05T20:20:31.321Z] [INFO] Iniciando checagem de existencia no Banco Unico {"total_eans_consulta":4,"batches":1,"batch_size":100,"sample_eans":["7891721012976","7896279100946","7891776466908","7891776464621"]}
[2026-06-05T20:20:31.323Z] [INFO] Consultando batch de EANs no Banco Unico {"batch_index":1,"batch_total":1,"eans_no_batch":4,"sample_eans":["7891721012976","7896279100946","7891776466908","7891776464621"]}
[2026-06-05T20:20:31.358Z] [INFO] Resultado do batch consultado no Banco Unico {"batch_index":1,"encontrados":1,"faltantes":3,"found_eans_sample":["7891721012976"]}
[2026-06-05T20:20:31.359Z] [INFO] Checagem de existencia no Banco Unico concluida {"total_consultados":4,"total_existentes":1,"total_ausentes":3,"existing_eans_sample":["7891721012976"]}
[2026-06-05T20:20:31.423Z] [INFO] Resumo da triagem antes do enriquecimento {"importacao_id":62,"staged_total":4,"validos_unicos":4,"invalidos":0,"duplicados_no_lote":0,"existentes_no_banco_unico":1,"elegiveis_enriquecimento":3,"sample_eans_elegiveis":["7896279100946","7891776466908","7891776464621"],"acumulado":{"invalidos":30,"duplicados_no_lote":0,"existentes_no_banco_unico":295,"elegiveis_processamento":641}}
[2026-06-05T20:20:31.448Z] [INFO] Iniciando enriquecimento externo {"importacao_id":62,"item_id":1037709,"ean":"7891776466908"}
[2026-06-05T20:20:31.455Z] [INFO] Iniciando enriquecimento externo {"importacao_id":62,"item_id":1037710,"ean":"7891776464621"}
[2026-06-05T20:20:31.458Z] [INFO] Iniciando enriquecimento externo {"importacao_id":62,"item_id":1037701,"ean":"7896279100946"}
[2026-06-05T20:20:32.343Z] [INFO] Enriquecimento concluido {"importacao_id":62,"item_id":1037709,"ean":"7891776466908","enriched":false,"requires_approval":true,"fontes_consultadas":{"convertize_busca":false,"convertize_busca_error":null,"convertize_detalhe":false,"farmaindex_busca":false,"farmaindex_busca_error":null,"farmaindex_detalhe":false,"drogasil_busca":false,"drogasil_busca_error":null,"drogasil_detalhe":false,"cache_hit":false,"encontrado":false}}
[2026-06-05T20:20:32.537Z] [INFO] Enriquecimento concluido {"importacao_id":62,"item_id":1037710,"ean":"7891776464621","enriched":false,"requires_approval":true,"fontes_consultadas":{"convertize_busca":false,"convertize_busca_error":null,"convertize_detalhe":false,"farmaindex_busca":false,"farmaindex_busca_error":null,"farmaindex_detalhe":false,"drogasil_busca":false,"drogasil_busca_error":null,"drogasil_detalhe":false,"cache_hit":false,"encontrado":false}}
[2026-06-05T20:20:34.760Z] [INFO] Enriquecimento concluido {"importacao_id":62,"item_id":1037701,"ean":"7896279100946","enriched":true,"requires_approval":false,"fontes_consultadas":{"convertize_busca":false,"convertize_busca_error":null,"convertize_detalhe":false,"farmaindex_busca":false,"farmaindex_busca_error":null,"farmaindex_detalhe":false,"drogasil_busca":true,"drogasil_busca_error":null,"drogasil_detalhe":true,"cache_hit":false,"encontrado":true}}
[2026-06-05T20:20:38.394Z] [INFO] Classificacao mercadologica concluida {"importacao_id":62,"item_id":1037701,"ean":"7896279100946","classificacao_origem":"openai","departamento":null,"categoria":"Cuidados Com Cabelos","subcategoria":"Finalizadores","segmento":"Creme Pentear","subsegmento":"Creme Pentear Regular"}
[2026-06-05T20:20:38.428Z] [INFO] Publicando produto no Banco Unico {"importacao_id":62,"item_id":1037701,"ean":"7896279100946","descricaoProduto":"Oleo Capilar Vita Capili Semente de Uva 80ml - Muriel","categoria":"Cuidados Com Cabelos","subcategoria":"Finalizadores"}
[2026-06-05T20:20:38.913Z] [INFO] Produto publicado no Banco Unico com sucesso {"importacao_id":62,"item_id":1037701,"ean":"7896279100946"}
[2026-06-05T20:20:39.042Z] [INFO] Consumidor retirou lote do staging de trier {"importacao_id":62,"staged_itens_lote":4,"staged_itens_restantes":52795,"sample_eans":["7891776464645","7891776464669","7891776466403","7891317436520"]}
[2026-06-05T20:20:39.043Z] [INFO] Iniciando checagem de existencia no Banco Unico {"total_eans_consulta":4,"batches":1,"batch_size":100,"sample_eans":["7891776464645","7891776464669","7891776466403","7891317436520"]}
[2026-06-05T20:20:39.044Z] [INFO] Consultando batch de EANs no Banco Unico {"batch_index":1,"batch_total":1,"eans_no_batch":4,"sample_eans":["7891776464645","7891776464669","7891776466403","7891317436520"]}
[2026-06-05T20:20:39.075Z] [INFO] Resultado do batch consultado no Banco Unico {"batch_index":1,"encontrados":0,"faltantes":4,"found_eans_sample":[]}
[2026-06-05T20:20:39.076Z] [INFO] Checagem de existencia no Banco Unico concluida {"total_consultados":4,"total_existentes":0,"total_ausentes":4,"existing_eans_sample":[]}
[2026-06-05T20:20:39.077Z] [INFO] Resumo da triagem antes do enriquecimento {"importacao_id":62,"staged_total":4,"validos_unicos":4,"invalidos":0,"duplicados_no_lote":0,"existentes_no_banco_unico":0,"elegiveis_enriquecimento":4,"sample_eans_elegiveis":["7891776464645","7891776464669","7891776466403","7891317436520"],"acumulado":{"invalidos":30,"duplicados_no_lote":0,"existentes_no_banco_unico":295,"elegiveis_processamento":645}}
[2026-06-05T20:20:39.114Z] [INFO] Iniciando enriquecimento externo {"importacao_id":62,"item_id":1037705,"ean":"7891776466403"}
[2026-06-05T20:20:39.126Z] [INFO] Iniciando enriquecimento externo {"importacao_id":62,"item_id":1037711,"ean":"7891776464669"}
[2026-06-05T20:20:39.130Z] [INFO] Iniciando enriquecimento externo {"importacao_id":62,"item_id":1037704,"ean":"7891317436520"}
[2026-06-05T20:20:39.138Z] [INFO] Iniciando enriquecimento externo {"importacao_id":62,"item_id":1037712,"ean":"7891776464645"}
[2026-06-05T20:20:40.551Z] [INFO] Enriquecimento concluido {"importacao_id":62,"item_id":1037711,"ean":"7891776464669","enriched":false,"requires_approval":true,"fontes_consultadas":{"convertize_busca":false,"convertize_busca_error":null,"convertize_detalhe":false,"farmaindex_busca":false,"farmaindex_busca_error":null,"farmaindex_detalhe":false,"drogasil_busca":false,"drogasil_busca_error":null,"drogasil_detalhe":false,"cache_hit":false,"encontrado":false}}
[2026-06-05T20:20:40.596Z] [INFO] Enriquecimento concluido {"importacao_id":62,"item_id":1037705,"ean":"7891776466403","enriched":false,"requires_approval":true,"fontes_consultadas":{"convertize_busca":false,"convertize_busca_error":null,"convertize_detalhe":false,"farmaindex_busca":false,"farmaindex_busca_error":null,"farmaindex_detalhe":false,"drogasil_busca":false,"drogasil_busca_error":null,"drogasil_detalhe":false,"cache_hit":false,"encontrado":false}}
[2026-06-05T20:20:40.719Z] [INFO] Enriquecimento concluido {"importacao_id":62,"item_id":1037704,"ean":"7891317436520","enriched":false,"requires_approval":true,"fontes_consultadas":{"convertize_busca":false,"convertize_busca_error":null,"convertize_detalhe":false,"farmaindex_busca":false,"farmaindex_busca_error":null,"farmaindex_detalhe":false,"drogasil_busca":false,"drogasil_busca_error":null,"drogasil_detalhe":false,"cache_hit":false,"encontrado":false}}
[2026-06-05T20:20:41.364Z] [INFO] Enriquecimento concluido {"importacao_id":62,"item_id":1037712,"ean":"7891776464645","enriched":false,"requires_approval":true,"fontes_consultadas":{"convertize_busca":false,"convertize_busca_error":null,"convertize_detalhe":false,"farmaindex_busca":false,"farmaindex_busca_error":null,"farmaindex_detalhe":false,"drogasil_busca":false,"drogasil_busca_error":null,"drogasil_detalhe":false,"cache_hit":false,"encontrado":false}}
[2026-06-05T20:20:41.452Z] [INFO] Consumidor retirou lote do staging de trier {"importacao_id":62,"staged_itens_lote":4,"staged_itens_restantes":52791,"sample_eans":["7891776466427","7891776466441","7891317189648","7896004713182"]}
[2026-06-05T20:20:41.453Z] [INFO] Iniciando checagem de existencia no Banco Unico {"total_eans_consulta":4,"batches":1,"batch_size":100,"sample_eans":["7891776466427","7891776466441","7891317189648","7896004713182"]}
[2026-06-05T20:20:41.453Z] [INFO] Consultando batch de EANs no Banco Unico {"batch_index":1,"batch_total":1,"eans_no_batch":4,"sample_eans":["7891776466427","7891776466441","7891317189648","7896004713182"]}
[2026-06-05T20:20:41.491Z] [INFO] Resultado do batch consultado no Banco Unico {"batch_index":1,"encontrados":2,"faltantes":2,"found_eans_sample":["7891317189648","7896004713182"]}
[2026-06-05T20:20:41.492Z] [INFO] Checagem de existencia no Banco Unico concluida {"total_consultados":4,"total_existentes":2,"total_ausentes":2,"existing_eans_sample":["7891317189648","7896004713182"]}
[2026-06-05T20:20:41.601Z] [INFO] Resumo da triagem antes do enriquecimento {"importacao_id":62,"staged_total":4,"validos_unicos":4,"invalidos":0,"duplicados_no_lote":0,"existentes_no_banco_unico":2,"elegiveis_enriquecimento":2,"sample_eans_elegiveis":["7891776466427","7891776466441"],"acumulado":{"invalidos":30,"duplicados_no_lote":0,"existentes_no_banco_unico":297,"elegiveis_processamento":647}}
[2026-06-05T20:20:41.632Z] [INFO] Iniciando enriquecimento externo {"importacao_id":62,"item_id":1037706,"ean":"7891776466427"}
[2026-06-05T20:20:41.636Z] [INFO] Iniciando enriquecimento externo {"importacao_id":62,"item_id":1037708,"ean":"7891776466441"}
[2026-06-05T20:20:42.649Z] [INFO] Enriquecimento concluido {"importacao_id":62,"item_id":1037708,"ean":"7891776466441","enriched":false,"requires_approval":true,"fontes_consultadas":{"convertize_busca":false,"convertize_busca_error":null,"convertize_detalhe":false,"farmaindex_busca":false,"farmaindex_busca_error":null,"farmaindex_detalhe":false,"drogasil_busca":false,"drogasil_busca_error":null,"drogasil_detalhe":false,"cache_hit":false,"encontrado":false}}
[2026-06-05T20:20:42.717Z] [INFO] Enriquecimento concluido {"importacao_id":62,"item_id":1037706,"ean":"7891776466427","enriched":false,"requires_approval":true,"fontes_consultadas":{"convertize_busca":false,"convertize_busca_error":null,"convertize_detalhe":false,"farmaindex_busca":false,"farmaindex_busca_error":null,"farmaindex_detalhe":false,"drogasil_busca":false,"drogasil_busca_error":null,"drogasil_detalhe":false,"cache_hit":false,"encontrado":false}}
[2026-06-05T20:20:42.789Z] [INFO] Consumidor retirou lote do staging de trier {"importacao_id":62,"staged_itens_lote":4,"staged_itens_restantes":52787,"sample_eans":["7896279100816","7891060836189","7891060836066","7896014140558"]}
[2026-06-05T20:20:42.789Z] [INFO] Iniciando checagem de existencia no Banco Unico {"total_eans_consulta":4,"batches":1,"batch_size":100,"sample_eans":["7896279100816","7891060836189","7891060836066","7896014140558"]}
[2026-06-05T20:20:42.791Z] [INFO] Consultando batch de EANs no Banco Unico {"batch_index":1,"batch_total":1,"eans_no_batch":4,"sample_eans":["7896279100816","7891060836189","7891060836066","7896014140558"]}
[2026-06-05T20:20:42.830Z] [INFO] Resultado do batch consultado no Banco Unico {"batch_index":1,"encontrados":1,"faltantes":3,"found_eans_sample":["7896014140558"]}
[2026-06-05T20:20:42.830Z] [INFO] Checagem de existencia no Banco Unico concluida {"total_consultados":4,"total_existentes":1,"total_ausentes":3,"existing_eans_sample":["7896014140558"]}
[2026-06-05T20:20:42.879Z] [INFO] Resumo da triagem antes do enriquecimento {"importacao_id":62,"staged_total":4,"validos_unicos":4,"invalidos":0,"duplicados_no_lote":0,"existentes_no_banco_unico":1,"elegiveis_enriquecimento":3,"sample_eans_elegiveis":["7896279100816","7891060836189","7891060836066"],"acumulado":{"invalidos":30,"duplicados_no_lote":0,"existentes_no_banco_unico":298,"elegiveis_processamento":650}}
[2026-06-05T20:20:42.904Z] [INFO] Iniciando enriquecimento externo {"importacao_id":62,"item_id":1037717,"ean":"7891060836189"}
[2026-06-05T20:20:42.906Z] [INFO] Iniciando enriquecimento externo {"importacao_id":62,"item_id":1037716,"ean":"7896279100816"}
[2026-06-05T20:20:42.909Z] [INFO] Iniciando enriquecimento externo {"importacao_id":62,"item_id":1037718,"ean":"7891060836066"}
[2026-06-05T20:20:44.184Z] [INFO] Enriquecimento concluido {"importacao_id":62,"item_id":1037718,"ean":"7891060836066","enriched":false,"requires_approval":true,"fontes_consultadas":{"convertize_busca":false,"convertize_busca_error":null,"convertize_detalhe":false,"farmaindex_busca":false,"farmaindex_busca_error":null,"farmaindex_detalhe":false,"drogasil_busca":false,"drogasil_busca_error":null,"drogasil_detalhe":false,"cache_hit":false,"encontrado":false}}
[2026-06-05T20:20:44.503Z] [INFO] Enriquecimento concluido {"importacao_id":62,"item_id":1037717,"ean":"7891060836189","enriched":true,"requires_approval":false,"fontes_consultadas":{"convertize_busca":false,"convertize_busca_error":null,"convertize_detalhe":false,"farmaindex_busca":false,"farmaindex_busca_error":null,"farmaindex_detalhe":false,"drogasil_busca":true,"drogasil_busca_error":null,"drogasil_detalhe":true,"cache_hit":false,"encontrado":true}}
[2026-06-05T20:20:45.980Z] [INFO] Enriquecimento concluido {"importacao_id":62,"item_id":1037716,"ean":"7896279100816","enriched":true,"requires_approval":false,"fontes_consultadas":{"convertize_busca":false,"convertize_busca_error":null,"convertize_detalhe":false,"farmaindex_busca":false,"farmaindex_busca_error":null,"farmaindex_detalhe":false,"drogasil_busca":true,"drogasil_busca_error":null,"drogasil_detalhe":true,"cache_hit":false,"encontrado":true}}
[2026-06-05T20:20:47.212Z] [INFO] Classificacao mercadologica concluida {"importacao_id":62,"item_id":1037717,"ean":"7891060836189","classificacao_origem":"openai","departamento":null,"categoria":"Manicure","subcategoria":"Acessorios Manicure","segmento":"Instrumentos Manicure","subsegmento":"Cortador Unha"}
[2026-06-05T20:20:47.213Z] [INFO] Publicando produto no Banco Unico {"importacao_id":62,"item_id":1037717,"ean":"7891060836189","descricaoProduto":"Cortador de Unha Mundial Pés","categoria":"Manicure","subcategoria":"Acessorios Manicure"}
[2026-06-05T20:20:47.778Z] [INFO] Produto publicado no Banco Unico com sucesso {"importacao_id":62,"item_id":1037717,"ean":"7891060836189"}
[2026-06-05T20:20:49.733Z] [INFO] Classificacao mercadologica concluida {"importacao_id":62,"item_id":1037716,"ean":"7896279100816","classificacao_origem":"openai","departamento":null,"categoria":"Cuidados Com Cabelos","subcategoria":"Finalizadores","segmento":"Creme Pentear","subsegmento":"Creme Pentear Regular"}
[2026-06-05T20:20:49.734Z] [INFO] Publicando produto no Banco Unico {"importacao_id":62,"item_id":1037716,"ean":"7896279100816","descricaoProduto":"Oleo Capilar Vita Capili Manteiga de Karite 80ml - Muriel","categoria":"Cuidados Com Cabelos","subcategoria":"Finalizadores"}
[2026-06-05T20:20:50.302Z] [INFO] Produto publicado no Banco Unico com sucesso {"importacao_id":62,"item_id":1037716,"ean":"7896279100816"}
[2026-06-05T20:20:50.398Z] [INFO] Consumidor retirou lote do staging de trier {"importacao_id":62,"staged_itens_lote":4,"staged_itens_restantes":52783,"sample_eans":["7891060839982","7896004708638","7896004709895","7898083101751"]}
[2026-06-05T20:20:50.398Z] [INFO] Iniciando checagem de existencia no Banco Unico {"total_eans_consulta":4,"batches":1,"batch_size":100,"sample_eans":["7891060839982","7896004708638","7896004709895","7898083101751"]}
[2026-06-05T20:20:50.399Z] [INFO] Consultando batch de EANs no Banco Unico {"batch_index":1,"batch_total":1,"eans_no_batch":4,"sample_eans":["7891060839982","7896004708638","7896004709895","7898083101751"]}
[2026-06-05T20:20:50.430Z] [INFO] Resultado do batch consultado no Banco Unico {"batch_index":1,"encontrados":0,"faltantes":4,"found_eans_sample":[]}
[2026-06-05T20:20:50.430Z] [INFO] Checagem de existencia no Banco Unico concluida {"total_consultados":4,"total_existentes":0,"total_ausentes":4,"existing_eans_sample":[]}
[2026-06-05T20:20:50.431Z] [INFO] Resumo da triagem antes do enriquecimento {"importacao_id":62,"staged_total":4,"validos_unicos":4,"invalidos":0,"duplicados_no_lote":0,"existentes_no_banco_unico":0,"elegiveis_enriquecimento":4,"sample_eans_elegiveis":["7891060839982","7896004708638","7896004709895","7898083101751"],"acumulado":{"invalidos":30,"duplicados_no_lote":0,"existentes_no_banco_unico":298,"elegiveis_processamento":654}}
[2026-06-05T20:20:50.455Z] [INFO] Iniciando enriquecimento externo {"importacao_id":62,"item_id":1037720,"ean":"7898083101751"}
[2026-06-05T20:20:50.460Z] [INFO] Iniciando enriquecimento externo {"importacao_id":62,"item_id":1037715,"ean":"7891060839982"}
[2026-06-05T20:20:50.467Z] [INFO] Iniciando enriquecimento externo {"importacao_id":62,"item_id":1037719,"ean":"7896004708638"}
[2026-06-05T20:20:50.494Z] [INFO] Iniciando enriquecimento externo {"importacao_id":62,"item_id":1037724,"ean":"7896004709895"}
[2026-06-05T20:20:51.559Z] [INFO] Enriquecimento concluido {"importacao_id":62,"item_id":1037720,"ean":"7898083101751","enriched":false,"requires_approval":true,"fontes_consultadas":{"convertize_busca":false,"convertize_busca_error":null,"convertize_detalhe":false,"farmaindex_busca":false,"farmaindex_busca_error":null,"farmaindex_detalhe":false,"drogasil_busca":false,"drogasil_busca_error":null,"drogasil_detalhe":false,"cache_hit":false,"encontrado":false}}
[2026-06-05T20:20:51.784Z] [INFO] Enriquecimento concluido {"importacao_id":62,"item_id":1037724,"ean":"7896004709895","enriched":false,"requires_approval":true,"fontes_consultadas":{"convertize_busca":false,"convertize_busca_error":null,"convertize_detalhe":false,"farmaindex_busca":false,"farmaindex_busca_error":null,"farmaindex_detalhe":false,"drogasil_busca":false,"drogasil_busca_error":null,"drogasil_detalhe":false,"cache_hit":false,"encontrado":false}}
[2026-06-05T20:20:51.861Z] [INFO] Enriquecimento concluido {"importacao_id":62,"item_id":1037715,"ean":"7891060839982","enriched":false,"requires_approval":true,"fontes_consultadas":{"convertize_busca":false,"convertize_busca_error":null,"convertize_detalhe":false,"farmaindex_busca":false,"farmaindex_busca_error":null,"farmaindex_detalhe":false,"drogasil_busca":false,"drogasil_busca_error":null,"drogasil_detalhe":false,"cache_hit":false,"encontrado":false}}
[2026-06-05T20:20:53.077Z] [INFO] Enriquecimento concluido {"importacao_id":62,"item_id":1037719,"ean":"7896004708638","enriched":false,"requires_approval":true,"fontes_consultadas":{"convertize_busca":false,"convertize_busca_error":null,"convertize_detalhe":false,"farmaindex_busca":false,"farmaindex_busca_error":null,"farmaindex_detalhe":false,"drogasil_busca":false,"drogasil_busca_error":null,"drogasil_detalhe":false,"cache_hit":false,"encontrado":false}}
[2026-06-05T20:20:53.211Z] [INFO] Consumidor retirou lote do staging de trier {"importacao_id":62,"staged_itens_lote":4,"staged_itens_restantes":52779,"sample_eans":["7896261011151","7898083101775","7898083101799","7896279100854"]}
[2026-06-05T20:20:53.212Z] [INFO] Iniciando checagem de existencia no Banco Unico {"total_eans_consulta":4,"batches":1,"batch_size":100,"sample_eans":["7896261011151","7898083101775","7898083101799","7896279100854"]}
[2026-06-05T20:20:53.212Z] [INFO] Consultando batch de EANs no Banco Unico {"batch_index":1,"batch_total":1,"eans_no_batch":4,"sample_eans":["7896261011151","7898083101775","7898083101799","7896279100854"]}
[2026-06-05T20:20:53.245Z] [INFO] Resultado do batch consultado no Banco Unico {"batch_index":1,"encontrados":0,"faltantes":4,"found_eans_sample":[]}
[2026-06-05T20:20:53.245Z] [INFO] Checagem de existencia no Banco Unico concluida {"total_consultados":4,"total_existentes":0,"total_ausentes":4,"existing_eans_sample":[]}
[2026-06-05T20:20:53.246Z] [INFO] Resumo da triagem antes do enriquecimento {"importacao_id":62,"staged_total":4,"validos_unicos":4,"invalidos":0,"duplicados_no_lote":0,"existentes_no_banco_unico":0,"elegiveis_enriquecimento":4,"sample_eans_elegiveis":["7896261011151","7898083101775","7898083101799","7896279100854"],"acumulado":{"invalidos":30,"duplicados_no_lote":0,"existentes_no_banco_unico":298,"elegiveis_processamento":658}}
[2026-06-05T20:20:53.270Z] [INFO] Iniciando enriquecimento externo {"importacao_id":62,"item_id":1037723,"ean":"7898083101799"}
[2026-06-05T20:20:53.272Z] [INFO] Iniciando enriquecimento externo {"importacao_id":62,"item_id":1037727,"ean":"7896279100854"}
[2026-06-05T20:20:53.277Z] [INFO] Iniciando enriquecimento externo {"importacao_id":62,"item_id":1037721,"ean":"7898083101775"}
[2026-06-05T20:20:53.280Z] [INFO] Iniciando enriquecimento externo {"importacao_id":62,"item_id":1037722,"ean":"7896261011151"}
[2026-06-05T20:20:54.398Z] [INFO] Enriquecimento concluido {"importacao_id":62,"item_id":1037722,"ean":"7896261011151","enriched":false,"requires_approval":true,"fontes_consultadas":{"convertize_busca":false,"convertize_busca_error":null,"convertize_detalhe":false,"farmaindex_busca":false,"farmaindex_busca_error":null,"farmaindex_detalhe":false,"drogasil_busca":false,"drogasil_busca_error":null,"drogasil_detalhe":false,"cache_hit":false,"encontrado":false}}
[2026-06-05T20:20:54.410Z] [INFO] Enriquecimento concluido {"importacao_id":62,"item_id":1037721,"ean":"7898083101775","enriched":false,"requires_approval":true,"fontes_consultadas":{"convertize_busca":false,"convertize_busca_error":null,"convertize_detalhe":false,"farmaindex_busca":false,"farmaindex_busca_error":null,"farmaindex_detalhe":false,"drogasil_busca":false,"drogasil_busca_error":null,"drogasil_detalhe":false,"cache_hit":false,"encontrado":false}}
[2026-06-05T20:20:54.554Z] [INFO] Enriquecimento concluido {"importacao_id":62,"item_id":1037723,"ean":"7898083101799","enriched":false,"requires_approval":true,"fontes_consultadas":{"convertize_busca":false,"convertize_busca_error":null,"convertize_detalhe":false,"farmaindex_busca":false,"farmaindex_busca_error":null,"farmaindex_detalhe":false,"drogasil_busca":false,"drogasil_busca_error":null,"drogasil_detalhe":false,"cache_hit":false,"encontrado":false}}
[2026-06-05T20:20:55.208Z] [INFO] Enriquecimento concluido {"importacao_id":62,"item_id":1037727,"ean":"7896279100854","enriched":true,"requires_approval":false,"fontes_consultadas":{"convertize_busca":false,"convertize_busca_error":null,"convertize_detalhe":false,"farmaindex_busca":false,"farmaindex_busca_error":null,"farmaindex_detalhe":false,"drogasil_busca":true,"drogasil_busca_error":null,"drogasil_detalhe":true,"cache_hit":false,"encontrado":true}}
[2026-06-05T20:20:58.058Z] [INFO] Classificacao mercadologica concluida {"importacao_id":62,"item_id":1037727,"ean":"7896279100854","classificacao_origem":"openai","departamento":null,"categoria":"Cuidados Com Cabelos","subcategoria":"Finalizadores","segmento":"Creme Pentear","subsegmento":"Creme Pentear Regular"}
[2026-06-05T20:20:58.103Z] [INFO] Publicando produto no Banco Unico {"importacao_id":62,"item_id":1037727,"ean":"7896279100854","descricaoProduto":"Óleo Capilar Vita Capili Jaborandi Muriel 80Ml","categoria":"Cuidados Com Cabelos","subcategoria":"Finalizadores"}
[2026-06-05T20:20:58.425Z] [INFO] Produto publicado no Banco Unico com sucesso {"importacao_id":62,"item_id":1037727,"ean":"7896279100854"}
[2026-06-05T20:20:58.487Z] [INFO] Consumidor retirou lote do staging de trier {"importacao_id":62,"staged_itens_lote":4,"staged_itens_restantes":52775,"sample_eans":["7898083101812","7898083101836","7898083101850","7896261011144"]}
[2026-06-05T20:20:58.488Z] [INFO] Iniciando checagem de existencia no Banco Unico {"total_eans_consulta":4,"batches":1,"batch_size":100,"sample_eans":["7898083101812","7898083101836","7898083101850","7896261011144"]}
[2026-06-05T20:20:58.488Z] [INFO] Consultando batch de EANs no Banco Unico {"batch_index":1,"batch_total":1,"eans_no_batch":4,"sample_eans":["7898083101812","7898083101836","7898083101850","7896261011144"]}
[2026-06-05T20:20:58.520Z] [INFO] Resultado do batch consultado no Banco Unico {"batch_index":1,"encontrados":0,"faltantes":4,"found_eans_sample":[]}
[2026-06-05T20:20:58.521Z] [INFO] Checagem de existencia no Banco Unico concluida {"total_consultados":4,"total_existentes":0,"total_ausentes":4,"existing_eans_sample":[]}
[2026-06-05T20:20:58.522Z] [INFO] Resumo da triagem antes do enriquecimento {"importacao_id":62,"staged_total":4,"validos_unicos":4,"invalidos":0,"duplicados_no_lote":0,"existentes_no_banco_unico":0,"elegiveis_enriquecimento":4,"sample_eans_elegiveis":["7898083101812","7898083101836","7898083101850","7896261011144"],"acumulado":{"invalidos":30,"duplicados_no_lote":0,"existentes_no_banco_unico":298,"elegiveis_processamento":662}}
[2026-06-05T20:20:58.556Z] [INFO] Iniciando enriquecimento externo {"importacao_id":62,"item_id":1037729,"ean":"7898083101812"}
[2026-06-05T20:20:58.560Z] [INFO] Iniciando enriquecimento externo {"importacao_id":62,"item_id":1037726,"ean":"7896261011144"}
[2026-06-05T20:20:58.570Z] [INFO] Iniciando enriquecimento externo {"importacao_id":62,"item_id":1037730,"ean":"7898083101850"}
[2026-06-05T20:20:58.572Z] [INFO] Iniciando enriquecimento externo {"importacao_id":62,"item_id":1037728,"ean":"7898083101836"}
[2026-06-05T20:20:59.650Z] [INFO] Enriquecimento concluido {"importacao_id":62,"item_id":1037730,"ean":"7898083101850","enriched":false,"requires_approval":true,"fontes_consultadas":{"convertize_busca":false,"convertize_busca_error":null,"convertize_detalhe":false,"farmaindex_busca":false,"farmaindex_busca_error":null,"farmaindex_detalhe":false,"drogasil_busca":false,"drogasil_busca_error":null,"drogasil_detalhe":false,"cache_hit":false,"encontrado":false}}
[2026-06-05T20:20:59.693Z] [INFO] Enriquecimento concluido {"importacao_id":62,"item_id":1037726,"ean":"7896261011144","enriched":false,"requires_approval":true,"fontes_consultadas":{"convertize_busca":false,"convertize_busca_error":null,"convertize_detalhe":false,"farmaindex_busca":false,"farmaindex_busca_error":null,"farmaindex_detalhe":false,"drogasil_busca":false,"drogasil_busca_error":null,"drogasil_detalhe":false,"cache_hit":false,"encontrado":false}}
[2026-06-05T20:20:59.766Z] [INFO] Enriquecimento concluido {"importacao_id":62,"item_id":1037729,"ean":"7898083101812","enriched":false,"requires_approval":true,"fontes_consultadas":{"convertize_busca":false,"convertize_busca_error":null,"convertize_detalhe":false,"farmaindex_busca":false,"farmaindex_busca_error":null,"farmaindex_detalhe":false,"drogasil_busca":false,"drogasil_busca_error":null,"drogasil_detalhe":false,"cache_hit":false,"encontrado":false}}
[2026-06-05T20:20:59.790Z] [INFO] Enriquecimento concluido {"importacao_id":62,"item_id":1037728,"ean":"7898083101836","enriched":false,"requires_approval":true,"fontes_consultadas":{"convertize_busca":false,"convertize_busca_error":null,"convertize_detalhe":false,"farmaindex_busca":false,"farmaindex_busca_error":null,"farmaindex_detalhe":false,"drogasil_busca":false,"drogasil_busca_error":null,"drogasil_detalhe":false,"cache_hit":false,"encontrado":false}}
[2026-06-05T20:20:59.865Z] [INFO] Consumidor retirou lote do staging de trier {"importacao_id":62,"staged_itens_lote":4,"staged_itens_restantes":52771,"sample_eans":["7898083101874","7898083101898","7898318251763","7898318251756"]}
[2026-06-05T20:20:59.865Z] [INFO] Iniciando checagem de existencia no Banco Unico {"total_eans_consulta":4,"batches":1,"batch_size":100,"sample_eans":["7898083101874","7898083101898","7898318251763","7898318251756"]}
[2026-06-05T20:20:59.866Z] [INFO] Consultando batch de EANs no Banco Unico {"batch_index":1,"batch_total":1,"eans_no_batch":4,"sample_eans":["7898083101874","7898083101898","7898318251763","7898318251756"]}
[2026-06-05T20:20:59.897Z] [INFO] Resultado do batch consultado no Banco Unico {"batch_index":1,"encontrados":0,"faltantes":4,"found_eans_sample":[]}
[2026-06-05T20:20:59.897Z] [INFO] Checagem de existencia no Banco Unico concluida {"total_consultados":4,"total_existentes":0,"total_ausentes":4,"existing_eans_sample":[]}
[2026-06-05T20:20:59.897Z] [INFO] Resumo da triagem antes do enriquecimento {"importacao_id":62,"staged_total":4,"validos_unicos":4,"invalidos":0,"duplicados_no_lote":0,"existentes_no_banco_unico":0,"elegiveis_enriquecimento":4,"sample_eans_elegiveis":["7898083101874","7898083101898","7898318251763","7898318251756"],"acumulado":{"invalidos":30,"duplicados_no_lote":0,"existentes_no_banco_unico":298,"elegiveis_processamento":666}}
[2026-06-05T20:20:59.923Z] [INFO] Iniciando enriquecimento externo {"importacao_id":62,"item_id":1037731,"ean":"7898083101898"}
[2026-06-05T20:20:59.925Z] [INFO] Iniciando enriquecimento externo {"importacao_id":62,"item_id":1037725,"ean":"7898083101874"}
[2026-06-05T20:20:59.930Z] [INFO] Iniciando enriquecimento externo {"importacao_id":62,"item_id":1037732,"ean":"7898318251756"}
[2026-06-05T20:20:59.931Z] [INFO] Iniciando enriquecimento externo {"importacao_id":62,"item_id":1037736,"ean":"7898318251763"}
[2026-06-05T20:21:00.927Z] [INFO] Enriquecimento concluido {"importacao_id":62,"item_id":1037731,"ean":"7898083101898","enriched":false,"requires_approval":true,"fontes_consultadas":{"convertize_busca":false,"convertize_busca_error":null,"convertize_detalhe":false,"farmaindex_busca":false,"farmaindex_busca_error":null,"farmaindex_detalhe":false,"drogasil_busca":false,"drogasil_busca_error":null,"drogasil_detalhe":false,"cache_hit":false,"encontrado":false}}
[2026-06-05T20:21:01.087Z] [INFO] Enriquecimento concluido {"importacao_id":62,"item_id":1037725,"ean":"7898083101874","enriched":false,"requires_approval":true,"fontes_consultadas":{"convertize_busca":false,"convertize_busca_error":null,"convertize_detalhe":false,"farmaindex_busca":false,"farmaindex_busca_error":null,"farmaindex_detalhe":false,"drogasil_busca":false,"drogasil_busca_error":null,"drogasil_detalhe":false,"cache_hit":false,"encontrado":false}}
[2026-06-05T20:21:01.174Z] [INFO] Enriquecimento concluido {"importacao_id":62,"item_id":1037736,"ean":"7898318251763","enriched":false,"requires_approval":true,"fontes_consultadas":{"convertize_busca":false,"convertize_busca_error":null,"convertize_detalhe":false,"farmaindex_busca":false,"farmaindex_busca_error":null,"farmaindex_detalhe":false,"drogasil_busca":false,"drogasil_busca_error":null,"drogasil_detalhe":false,"cache_hit":false,"encontrado":false}}
[2026-06-05T20:21:01.179Z] [INFO] Enriquecimento concluido {"importacao_id":62,"item_id":1037732,"ean":"7898318251756","enriched":false,"requires_approval":true,"fontes_consultadas":{"convertize_busca":false,"convertize_busca_error":null,"convertize_detalhe":false,"farmaindex_busca":false,"farmaindex_busca_error":null,"farmaindex_detalhe":false,"drogasil_busca":false,"drogasil_busca_error":null,"drogasil_detalhe":false,"cache_hit":false,"encontrado":false}}
[2026-06-05T20:21:01.277Z] [INFO] Consumidor retirou lote do staging de trier {"importacao_id":62,"staged_itens_lote":4,"staged_itens_restantes":52767,"sample_eans":["7898083101638","7898083101652","7896279100823","7898083101676"]}
[2026-06-05T20:21:01.278Z] [INFO] Iniciando checagem de existencia no Banco Unico {"total_eans_consulta":4,"batches":1,"batch_size":100,"sample_eans":["7898083101638","7898083101652","7896279100823","7898083101676"]}
[2026-06-05T20:21:01.278Z] [INFO] Consultando batch de EANs no Banco Unico {"batch_index":1,"batch_total":1,"eans_no_batch":4,"sample_eans":["7898083101638","7898083101652","7896279100823","7898083101676"]}
[2026-06-05T20:21:01.308Z] [INFO] Resultado do batch consultado no Banco Unico {"batch_index":1,"encontrados":1,"faltantes":3,"found_eans_sample":["7896279100823"]}
[2026-06-05T20:21:01.308Z] [INFO] Checagem de existencia no Banco Unico concluida {"total_consultados":4,"total_existentes":1,"total_ausentes":3,"existing_eans_sample":["7896279100823"]}
[2026-06-05T20:21:01.368Z] [INFO] Resumo da triagem antes do enriquecimento {"importacao_id":62,"staged_total":4,"validos_unicos":4,"invalidos":0,"duplicados_no_lote":0,"existentes_no_banco_unico":1,"elegiveis_enriquecimento":3,"sample_eans_elegiveis":["7898083101638","7898083101652","7898083101676"],"acumulado":{"invalidos":30,"duplicados_no_lote":0,"existentes_no_banco_unico":299,"elegiveis_processamento":669}}
[2026-06-05T20:21:01.392Z] [INFO] Iniciando enriquecimento externo {"importacao_id":62,"item_id":1037738,"ean":"7898083101652"}
[2026-06-05T20:21:01.399Z] [INFO] Iniciando enriquecimento externo {"importacao_id":62,"item_id":1037740,"ean":"7898083101676"}
[2026-06-05T20:21:01.402Z] [INFO] Iniciando enriquecimento externo {"importacao_id":62,"item_id":1037737,"ean":"7898083101638"}
[2026-06-05T20:21:02.373Z] [INFO] Enriquecimento concluido {"importacao_id":62,"item_id":1037740,"ean":"7898083101676","enriched":false,"requires_approval":true,"fontes_consultadas":{"convertize_busca":false,"convertize_busca_error":null,"convertize_detalhe":false,"farmaindex_busca":false,"farmaindex_busca_error":null,"farmaindex_detalhe":false,"drogasil_busca":false,"drogasil_busca_error":null,"drogasil_detalhe":false,"cache_hit":false,"encontrado":false}}
[2026-06-05T20:21:02.588Z] [INFO] Enriquecimento concluido {"importacao_id":62,"item_id":1037737,"ean":"7898083101638","enriched":false,"requires_approval":true,"fontes_consultadas":{"convertize_busca":false,"convertize_busca_error":null,"convertize_detalhe":false,"farmaindex_busca":false,"farmaindex_busca_error":null,"farmaindex_detalhe":false,"drogasil_busca":false,"drogasil_busca_error":null,"drogasil_detalhe":false,"cache_hit":false,"encontrado":false}}
[2026-06-05T20:21:04.058Z] [INFO] Enriquecimento concluido {"importacao_id":62,"item_id":1037738,"ean":"7898083101652","enriched":true,"requires_approval":false,"fontes_consultadas":{"convertize_busca":false,"convertize_busca_error":null,"convertize_detalhe":false,"farmaindex_busca":false,"farmaindex_busca_error":null,"farmaindex_detalhe":false,"drogasil_busca":true,"drogasil_busca_error":null,"drogasil_detalhe":true,"cache_hit":false,"encontrado":true}}
[2026-06-05T20:21:06.874Z] [INFO] Classificacao mercadologica concluida {"importacao_id":62,"item_id":1037738,"ean":"7898083101652","classificacao_origem":"openai","departamento":null,"categoria":"Dermo Corporal","subcategoria":"Dermo Corporal Cuidados Especificos","segmento":"Dermo Corporal Mãos E Pés","subsegmento":"Creme Hidratante Para Os Pes"}
[2026-06-05T20:21:06.875Z] [INFO] Publicando produto no Banco Unico {"importacao_id":62,"item_id":1037738,"ean":"7898083101652","descricaoProduto":"Cera Pé Hidratante para Os Pés Restaurador Pés e Rachaduras 50g","categoria":"Dermo Corporal","subcategoria":"Dermo Corporal Cuidados Especificos"}
[2026-06-05T20:21:07.915Z] [INFO] Produto publicado no Banco Unico com sucesso {"importacao_id":62,"item_id":1037738,"ean":"7898083101652"}
[2026-06-05T20:21:08.059Z] [INFO] Consumidor retirou lote do staging de trier {"importacao_id":62,"staged_itens_lote":4,"staged_itens_restantes":52763,"sample_eans":["7898083101713","7898083101690","7898083101928","7898083101942"]}
[2026-06-05T20:21:08.060Z] [INFO] Iniciando checagem de existencia no Banco Unico {"total_eans_consulta":4,"batches":1,"batch_size":100,"sample_eans":["7898083101713","7898083101690","7898083101928","7898083101942"]}
[2026-06-05T20:21:08.061Z] [INFO] Consultando batch de EANs no Banco Unico {"batch_index":1,"batch_total":1,"eans_no_batch":4,"sample_eans":["7898083101713","7898083101690","7898083101928","7898083101942"]}
[2026-06-05T20:21:08.100Z] [INFO] Resultado do batch consultado no Banco Unico {"batch_index":1,"encontrados":0,"faltantes":4,"found_eans_sample":[]}
[2026-06-05T20:21:08.102Z] [INFO] Checagem de existencia no Banco Unico concluida {"total_consultados":4,"total_existentes":0,"total_ausentes":4,"existing_eans_sample":[]}
[2026-06-05T20:21:08.102Z] [INFO] Resumo da triagem antes do enriquecimento {"importacao_id":62,"staged_total":4,"validos_unicos":4,"invalidos":0,"duplicados_no_lote":0,"existentes_no_banco_unico":0,"elegiveis_enriquecimento":4,"sample_eans_elegiveis":["7898083101713","7898083101690","7898083101928","7898083101942"],"acumulado":{"invalidos":30,"duplicados_no_lote":0,"existentes_no_banco_unico":299,"elegiveis_processamento":673}}
[2026-06-05T20:21:08.130Z] [INFO] Iniciando enriquecimento externo {"importacao_id":62,"item_id":1037742,"ean":"7898083101942"}
[2026-06-05T20:21:08.136Z] [INFO] Iniciando enriquecimento externo {"importacao_id":62,"item_id":1037734,"ean":"7898083101713"}
[2026-06-05T20:21:08.150Z] [INFO] Iniciando enriquecimento externo {"importacao_id":62,"item_id":1037739,"ean":"7898083101928"}
[2026-06-05T20:21:08.158Z] [INFO] Iniciando enriquecimento externo {"importacao_id":62,"item_id":1037733,"ean":"7898083101690"}
[2026-06-05T20:21:09.187Z] [INFO] Enriquecimento concluido {"importacao_id":62,"item_id":1037739,"ean":"7898083101928","enriched":false,"requires_approval":true,"fontes_consultadas":{"convertize_busca":false,"convertize_busca_error":null,"convertize_detalhe":false,"farmaindex_busca":false,"farmaindex_busca_error":null,"farmaindex_detalhe":false,"drogasil_busca":false,"drogasil_busca_error":null,"drogasil_detalhe":false,"cache_hit":false,"encontrado":false}}
[2026-06-05T20:21:09.894Z] [INFO] Enriquecimento concluido {"importacao_id":62,"item_id":1037733,"ean":"7898083101690","enriched":false,"requires_approval":true,"fontes_consultadas":{"convertize_busca":false,"convertize_busca_error":null,"convertize_detalhe":false,"farmaindex_busca":false,"farmaindex_busca_error":null,"farmaindex_detalhe":false,"drogasil_busca":false,"drogasil_busca_error":null,"drogasil_detalhe":false,"cache_hit":false,"encontrado":false}}
